task_id,scope_role,category,variant,paper_band,review_status,official_temporal_eligible,collector_id,reviewer_id,review_method,reviewed_at,event_evidence_status,price_evidence_status,exclusion_reason_code,review_notes,evidence_package_sha256
A1-00001,temporal_t1_t2,A1,,T2,draft,false,deepfineval_evidence_collector_v2,,,,not_applicable,draft,human_attestation_missing,已采集 forward close 原始响应快照；等待独立人工签核。,cbc620995e2cc2b3d7971a886682deef1f4e688b7b4346388382c4be64d01806
A1-00002,temporal_t1_t2,A1,,T2,draft,false,deepfineval_evidence_collector_v2,,,,not_applicable,draft,human_attestation_missing,已采集 forward close 原始响应快照；等待独立人工签核。,cbad3dc94f078d31a75b70b6a287b8195b28bfc75f09ee13b452fa48721e44fb
A1-00003,temporal_t1_t2,A1,,T2,draft,false,deepfineval_evidence_collector_v2,,,,not_applicable,draft,human_attestation_missing,已采集 forward close 原始响应快照；等待独立人工签核。,321e5b83e26ac9f848ee303504a86e8ea4c2e69002c364c70a73771669dd4766
A1-00004,temporal_t1_t2,A1,,T2,draft,false,deepfineval_evidence_collector_v2,,,,not_applicable,draft,human_attestation_missing,已采集 forward close 原始响应快照；等待独立人工签核。,aa0f56c32a041b604859d8bf5e042a206c5b1b82bc1642b2aa877763e3851afb
A1-00005,temporal_t1_t2,A1,,T2,draft,false,deepfineval_evidence_collector_v2,,,,not_applicable,draft,human_attestation_missing,已采集 forward close 原始响应快照；等待独立人工签核。,534b28cadc3560e72ad466912d2f4a3bf9f66564f6f9bd8a82dc102b65b9524d
A1-00006,temporal_t1_t2,A1,,T2,draft,false,deepfineval_evidence_collector_v2,,,,not_applicable,draft,human_attestation_missing,已采集 forward close 原始响应快照；等待独立人工签核。,58bbc852198b9b563efe2dbc28df775c0fa44e0824c1cc3d559f6a8eeb1c923c
A1-00007,temporal_t1_t2,A1,,T2,draft,false,deepfineval_evidence_collector_v2,,,,not_applicable,draft,human_attestation_missing,已采集 forward close 原始响应快照；等待独立人工签核。,fff119d00b144a12a43c8b7f6b8e9d506642a9d66b9cfdb2e60b277ea1dc0479
A1-00008,temporal_t1_t2,A1,,T2,draft,false,deepfineval_evidence_collector_v2,,,,not_applicable,draft,human_attestation_missing,已采集 forward close 原始响应快照；等待独立人工签核。,bc21881c6dd3cb5dbf9ba1e73f8045ea995b2b3b15dd4b2f184174582452acfa
A1-00009,temporal_t1_t2,A1,,T2,draft,false,deepfineval_evidence_collector_v2,,,,not_applicable,draft,human_attestation_missing,已采集 forward close 原始响应快照；等待独立人工签核。,b8ff19b3310e04f4c35eb6ec5faf9a64d7074fa95f30fcff6894f7c934b0d701
A1-00010,temporal_t1_t2,A1,,T2,draft,false,deepfineval_evidence_collector_v2,,,,not_applicable,draft,human_attestation_missing,已采集 forward close 原始响应快照；等待独立人工签核。,68d67a4b28c975d28d557e548400c927efaa43c73f26754e5f574b8a7c3ddb6e
A1-00011,temporal_t1_t2,A1,,T2,draft,false,deepfineval_evidence_collector_v2,,,,not_applicable,draft,human_attestation_missing,已采集 forward close 原始响应快照；等待独立人工签核。,f73f80722aea100b5772d7de8f3881724de27a003c47234e8a9449a43ff272cb
A1-00012,temporal_t1_t2,A1,,T2,draft,false,deepfineval_evidence_collector_v2,,,,not_applicable,draft,human_attestation_missing,已采集 forward close 原始响应快照；等待独立人工签核。,de7eb91648e7ef55998ac29b178887d34d2258b4f939d8d713db27844080c32b
A1-00013,temporal_t1_t2,A1,,T2,draft,false,deepfineval_evidence_collector_v2,,,,not_applicable,draft,human_attestation_missing,已采集 forward close 原始响应快照；等待独立人工签核。,7d7c39882c1f659c26361040546950c14fe85be51df2c8004c32ae38d819dd38
A1-00014,temporal_t1_t2,A1,,T2,draft,false,deepfineval_evidence_collector_v2,,,,not_applicable,draft,human_attestation_missing,已采集 forward close 原始响应快照；等待独立人工签核。,f026627834b7804e739a41e3fdbcf1e08f503b1f378ed80ee5ba5caa6f4aa856
A1-00015,temporal_t1_t2,A1,,T2,draft,false,deepfineval_evidence_collector_v2,,,,not_applicable,draft,human_attestation_missing,已采集 forward close 原始响应快照；等待独立人工签核。,60bdd756de716e935f1aa354e381b18d3f3de55c458600a96af0acec228f79b2
A1-00016,temporal_t1_t2,A1,,T2,draft,false,deepfineval_evidence_collector_v2,,,,not_applicable,draft,human_attestation_missing,已采集 forward close 原始响应快照；等待独立人工签核。,f94fc17efa2f31505a9b69b77bb6771ba9c09109121485a01c87fa2d4fc9155e
A1-00017,temporal_t1_t2,A1,,T2,draft,false,deepfineval_evidence_collector_v2,,,,not_applicable,draft,human_attestation_missing,已采集 forward close 原始响应快照；等待独立人工签核。,7d7df6050dc3c55db8f4df9c55e38a3bb88bce205595102ca7d5ac84c5f8e85d
A1-00018,temporal_t1_t2,A1,,T2,draft,false,deepfineval_evidence_collector_v2,,,,not_applicable,draft,human_attestation_missing,已采集 forward close 原始响应快照；等待独立人工签核。,b41240b53d8301f6e99010b1eec48d26d533b1308e2d704a611a1eec57913b54
A1-00019,temporal_t1_t2,A1,,T2,draft,false,deepfineval_evidence_collector_v2,,,,not_applicable,draft,human_attestation_missing,已采集 forward close 原始响应快照；等待独立人工签核。,932937a5f33a74c04abb7e0b2a00a1d8e126503afdf49d3050cf176a161457de
A1-00020,temporal_t1_t2,A1,,T2,draft,false,deepfineval_evidence_collector_v2,,,,not_applicable,draft,human_attestation_missing,已采集 forward close 原始响应快照；等待独立人工签核。,1b8c22a85684f3ebba54f331714f622a4ca43e5b3982838ff18d4bbf4d90d217
A1-CN_A-20220630-00001,temporal_t1_t2,A1,,T1,draft,false,deepfineval_evidence_collector_v2,,,,not_applicable,draft,human_attestation_missing,已采集 forward close 原始响应快照；等待独立人工签核。,a33d9e7abf7a38ec28001a34eb94a3b39a62d082fb0f076837b8b85a32fceda1
A1-CN_A-20220630-00002,temporal_t1_t2,A1,,T1,draft,false,deepfineval_evidence_collector_v2,,,,not_applicable,draft,human_attestation_missing,已采集 forward close 原始响应快照；等待独立人工签核。,25d157d1fc4a4120f8b88127692224c5ec2184d371236a27ced5483f477531a5
A1-CN_A-20220630-00003,temporal_t1_t2,A1,,T1,draft,false,deepfineval_evidence_collector_v2,,,,not_applicable,draft,human_attestation_missing,已采集 forward close 原始响应快照；等待独立人工签核。,654f0a6b0fdb6f7e2ae2598c635a389fea8edd3db9cb70c19bd0e04fa45dc4fb
A1-CN_A-20220630-00004,temporal_t1_t2,A1,,T1,draft,false,deepfineval_evidence_collector_v2,,,,not_applicable,draft,human_attestation_missing,已采集 forward close 原始响应快照；等待独立人工签核。,222df2a175a28c0cfcb5dd76f236758485781cf0d5efdead891dfa7ee69a4474
A1-CN_A-20220630-00005,temporal_t1_t2,A1,,T1,draft,false,deepfineval_evidence_collector_v2,,,,not_applicable,draft,human_attestation_missing,已采集 forward close 原始响应快照；等待独立人工签核。,aa62f48877a44627f709a31571f6cf9b3393c5bc483f66b4894d6e2486bf7d86
A1-CN_A-20220630-00006,temporal_t1_t2,A1,,T1,draft,false,deepfineval_evidence_collector_v2,,,,not_applicable,draft,human_attestation_missing,已采集 forward close 原始响应快照；等待独立人工签核。,2a0b1f76e4474d29304f83905e7119286d58d2ee24c04b2795c89cc02e0b07b3
A1-CN_A-20220630-00007,temporal_t1_t2,A1,,T1,draft,false,deepfineval_evidence_collector_v2,,,,not_applicable,draft,human_attestation_missing,已采集 forward close 原始响应快照；等待独立人工签核。,5b680f8bc61e5af28cbb9f5c937aa053a8067e22fe5e51764baa813b4a0f7f79
A1-CN_A-20220630-00008,temporal_t1_t2,A1,,T1,draft,false,deepfineval_evidence_collector_v2,,,,not_applicable,draft,human_attestation_missing,已采集 forward close 原始响应快照；等待独立人工签核。,241d5956f754856fd1808409e1d5614905d92b9e7a57707757e33b4f052bc908
A1-CN_A-20220630-00009,temporal_t1_t2,A1,,T1,draft,false,deepfineval_evidence_collector_v2,,,,not_applicable,draft,human_attestation_missing,已采集 forward close 原始响应快照；等待独立人工签核。,44a07f29ffc93a175378557fe216299d0e8bcb30bf63c1c1ed1fdfb3c098ff95
A1-CN_A-20220630-00010,temporal_t1_t2,A1,,T1,draft,false,deepfineval_evidence_collector_v2,,,,not_applicable,draft,human_attestation_missing,已采集 forward close 原始响应快照；等待独立人工签核。,cd1febe2a632c5de8e3d6cff99b3de5615ec057d6a0a174ee042908e32277bfc
A1-CN_A-20220630-00011,temporal_t1_t2,A1,,T1,draft,false,deepfineval_evidence_collector_v2,,,,not_applicable,draft,human_attestation_missing,已采集 forward close 原始响应快照；等待独立人工签核。,9d0ea44f50b10f74817ba5227362ab33307162e7839853ec7f72d166c6a66292
A1-CN_A-20220630-00012,temporal_t1_t2,A1,,T1,draft,false,deepfineval_evidence_collector_v2,,,,not_applicable,draft,human_attestation_missing,已采集 forward close 原始响应快照；等待独立人工签核。,2a385455c81d094e5b9a4741a3a987a03bbd91c74dd6a24fadc02c483e8fb833
A1-CN_A-20220630-00013,temporal_t1_t2,A1,,T1,draft,false,deepfineval_evidence_collector_v2,,,,not_applicable,draft,human_attestation_missing,已采集 forward close 原始响应快照；等待独立人工签核。,e2430c52c013a0386c07f0089f1a2632a2a9a0d8b224bfadfba9544a498a686c
A1-CN_A-20220630-00014,temporal_t1_t2,A1,,T1,draft,false,deepfineval_evidence_collector_v2,,,,not_applicable,draft,human_attestation_missing,已采集 forward close 原始响应快照；等待独立人工签核。,bafae31abac0146c3e44ce3b68f944ea22a322d590c40ac9da7ca858296e253b
A1-CN_A-20220630-00015,temporal_t1_t2,A1,,T1,draft,false,deepfineval_evidence_collector_v2,,,,not_applicable,draft,human_attestation_missing,已采集 forward close 原始响应快照；等待独立人工签核。,a91474e1e86bc4ad30de95a287b88a1787c3fc99aee9cedc4801d76c85a0bcc0
A1-CN_A-20220630-00016,temporal_t1_t2,A1,,T1,draft,false,deepfineval_evidence_collector_v2,,,,not_applicable,draft,human_attestation_missing,已采集 forward close 原始响应快照；等待独立人工签核。,3a67b4eec9359c9778bd5489a3ee35bf26e269bc63d504b64f573c9c060de1ce
A1-CN_A-20220630-00017,temporal_t1_t2,A1,,T1,draft,false,deepfineval_evidence_collector_v2,,,,not_applicable,draft,human_attestation_missing,已采集 forward close 原始响应快照；等待独立人工签核。,fabb6134103f612fcdecbc34c93188669151edee09d008c17d14cb570389c712
A1-CN_A-20220630-00018,temporal_t1_t2,A1,,T1,draft,false,deepfineval_evidence_collector_v2,,,,not_applicable,draft,human_attestation_missing,已采集 forward close 原始响应快照；等待独立人工签核。,fbace3f07e7cdd37a063b933de42e6cf76cea05a2923810607b61b32659cc09d
A1-CN_A-20220630-00019,temporal_t1_t2,A1,,T1,draft,false,deepfineval_evidence_collector_v2,,,,not_applicable,draft,human_attestation_missing,已采集 forward close 原始响应快照；等待独立人工签核。,7ff3f837d2bf21b1e5a0376e6c7664cbcd369ba5d62b61208f9ff53c08cbb893
A1-CN_A-20220630-00020,temporal_t1_t2,A1,,T1,draft,false,deepfineval_evidence_collector_v2,,,,not_applicable,draft,human_attestation_missing,已采集 forward close 原始响应快照；等待独立人工签核。,bca3d39efcf77af1d6458a42a02f215300de75601a97ac68072503f930a6bfe4
A1-CN_A-20221230-00001,temporal_t1_t2,A1,,T1,draft,false,deepfineval_evidence_collector_v2,,,,not_applicable,draft,human_attestation_missing,已采集 forward close 原始响应快照；等待独立人工签核。,8217efa19b139dea40c148c5cbd85b5eace82926b0bfef2fad8016841597b335
A1-CN_A-20221230-00002,temporal_t1_t2,A1,,T1,draft,false,deepfineval_evidence_collector_v2,,,,not_applicable,draft,human_attestation_missing,已采集 forward close 原始响应快照；等待独立人工签核。,0cbb119ab7665cf5c29f72ea6cbc0e4ef7473d60de899a09df8a226568c257a2
A1-CN_A-20221230-00003,temporal_t1_t2,A1,,T1,draft,false,deepfineval_evidence_collector_v2,,,,not_applicable,draft,human_attestation_missing,已采集 forward close 原始响应快照；等待独立人工签核。,a4ee1668383538958ca66e070c7f081ce5cdfdd7b4baabd3593f058bda968747
A1-CN_A-20221230-00004,temporal_t1_t2,A1,,T1,draft,false,deepfineval_evidence_collector_v2,,,,not_applicable,draft,human_attestation_missing,已采集 forward close 原始响应快照；等待独立人工签核。,15bc31153b9fa33aa92fca72198b6bb5ed79be8bf1fe09f23a9c71d9568e117f
A1-CN_A-20221230-00005,temporal_t1_t2,A1,,T1,draft,false,deepfineval_evidence_collector_v2,,,,not_applicable,draft,human_attestation_missing,已采集 forward close 原始响应快照；等待独立人工签核。,9bd5aca3ad609997505d196e4cbec1f4437d73d2f88d17b28ee359c0d5a62729
A1-CN_A-20221230-00006,temporal_t1_t2,A1,,T1,draft,false,deepfineval_evidence_collector_v2,,,,not_applicable,draft,human_attestation_missing,已采集 forward close 原始响应快照；等待独立人工签核。,c94b5d08e4305f5354db5b5aa96b61142d69e3991cb37fb4bb8159d3c85abdac
A1-CN_A-20221230-00007,temporal_t1_t2,A1,,T1,draft,false,deepfineval_evidence_collector_v2,,,,not_applicable,draft,human_attestation_missing,已采集 forward close 原始响应快照；等待独立人工签核。,25b829bbea61aac00ba2517065f76bb3e67ee57a93ce41c528fe3121eea0948b
A1-CN_A-20221230-00008,temporal_t1_t2,A1,,T1,draft,false,deepfineval_evidence_collector_v2,,,,not_applicable,draft,human_attestation_missing,已采集 forward close 原始响应快照；等待独立人工签核。,099062fd7193e6a32fa66cce35139ed9ed99c96dbb5ff10a51f7b00c6dc2f2ce
A1-CN_A-20221230-00009,temporal_t1_t2,A1,,T1,draft,false,deepfineval_evidence_collector_v2,,,,not_applicable,draft,human_attestation_missing,已采集 forward close 原始响应快照；等待独立人工签核。,c190f4eacc895130170423506f5ca041c44b0c02233fd0252365e6ce782e5961
A1-CN_A-20221230-00010,temporal_t1_t2,A1,,T1,draft,false,deepfineval_evidence_collector_v2,,,,not_applicable,draft,human_attestation_missing,已采集 forward close 原始响应快照；等待独立人工签核。,ee37e0d76ed1d3e2aa53005acb1b0ba8846c91a50c288193e6a2912cbcaf0f6e
A1-CN_A-20221230-00011,temporal_t1_t2,A1,,T1,draft,false,deepfineval_evidence_collector_v2,,,,not_applicable,draft,human_attestation_missing,已采集 forward close 原始响应快照；等待独立人工签核。,c7dbd49094f8c21c72d9a8db2f5b3b148dc590ad64d653757c5a4bcd41d77771
A1-CN_A-20221230-00012,temporal_t1_t2,A1,,T1,draft,false,deepfineval_evidence_collector_v2,,,,not_applicable,draft,human_attestation_missing,已采集 forward close 原始响应快照；等待独立人工签核。,7ecc1950ce19cf3028f8c1af71a2160d2b78b4b0675d47bfc0eabb3cc8de4730
A1-CN_A-20221230-00013,temporal_t1_t2,A1,,T1,draft,false,deepfineval_evidence_collector_v2,,,,not_applicable,draft,human_attestation_missing,已采集 forward close 原始响应快照；等待独立人工签核。,42737f9e72b3a019ab205d05a71b58829935169dc29a811f162713e0e9bb29c3
A1-CN_A-20221230-00014,temporal_t1_t2,A1,,T1,draft,false,deepfineval_evidence_collector_v2,,,,not_applicable,draft,human_attestation_missing,已采集 forward close 原始响应快照；等待独立人工签核。,834893333af21d7bd902c8f61a16ca4603c3a68f81cb1e3114badc5e5293b64c
A1-CN_A-20221230-00015,temporal_t1_t2,A1,,T1,draft,false,deepfineval_evidence_collector_v2,,,,not_applicable,draft,human_attestation_missing,已采集 forward close 原始响应快照；等待独立人工签核。,809a7deeaa4dcd836cd60aecad56a2345d89e40f8991d84ad7c5378ad9309161
A1-CN_A-20221230-00016,temporal_t1_t2,A1,,T1,draft,false,deepfineval_evidence_collector_v2,,,,not_applicable,draft,human_attestation_missing,已采集 forward close 原始响应快照；等待独立人工签核。,e883951b1c788a789f719f5b10752784c8150b351eed104dc9c9096930cb9a4d
A1-CN_A-20221230-00017,temporal_t1_t2,A1,,T1,draft,false,deepfineval_evidence_collector_v2,,,,not_applicable,draft,human_attestation_missing,已采集 forward close 原始响应快照；等待独立人工签核。,77218f10540ffbe8877abf8f4d44e2d8fa360c80ef6fc5f4cf927928070ed81f
A1-CN_A-20221230-00018,temporal_t1_t2,A1,,T1,draft,false,deepfineval_evidence_collector_v2,,,,not_applicable,draft,human_attestation_missing,已采集 forward close 原始响应快照；等待独立人工签核。,6a07bb1636c6adee17d51d7509b405f0ed758bbbf8b87197111cb3545c80c2c5
A1-CN_A-20221230-00019,temporal_t1_t2,A1,,T1,draft,false,deepfineval_evidence_collector_v2,,,,not_applicable,draft,human_attestation_missing,已采集 forward close 原始响应快照；等待独立人工签核。,57b0822fb07e3b5cd91c114e4b97c28acb5fc0c9a2fda9cb8d6583e6faa3c8e8
A1-CN_A-20221230-00020,temporal_t1_t2,A1,,T1,draft,false,deepfineval_evidence_collector_v2,,,,not_applicable,draft,human_attestation_missing,已采集 forward close 原始响应快照；等待独立人工签核。,28f0ff4e0a219240d0710dd48cfcdc49d423a1c6632bc70786b6f6f17a4da127
A1-CN_A-20230331-00001,temporal_t1_t2,A1,,T1,draft,false,deepfineval_evidence_collector_v2,,,,not_applicable,draft,human_attestation_missing,已采集 forward close 原始响应快照；等待独立人工签核。,be4ae604bd572b16c8d3237414add81ecad28bf20d2a7ee26dcbe65d604714ba
A1-CN_A-20230331-00002,temporal_t1_t2,A1,,T1,draft,false,deepfineval_evidence_collector_v2,,,,not_applicable,draft,human_attestation_missing,已采集 forward close 原始响应快照；等待独立人工签核。,556e398bd14d3122650968c39baa461145550f8a349d1a92bb05e0934dfaaf50
A1-CN_A-20230331-00003,temporal_t1_t2,A1,,T1,draft,false,deepfineval_evidence_collector_v2,,,,not_applicable,draft,human_attestation_missing,已采集 forward close 原始响应快照；等待独立人工签核。,f9646c7cbe8a6458535bbcdc1e5e095aa6a9ca9632be6c98ec09dca941ab72b7
A1-CN_A-20230331-00004,temporal_t1_t2,A1,,T1,draft,false,deepfineval_evidence_collector_v2,,,,not_applicable,draft,human_attestation_missing,已采集 forward close 原始响应快照；等待独立人工签核。,fbb237e883efb47432f378774d070c0a622634058edd00ce349f6fafa652d3a5
A1-CN_A-20230331-00005,temporal_t1_t2,A1,,T1,draft,false,deepfineval_evidence_collector_v2,,,,not_applicable,draft,human_attestation_missing,已采集 forward close 原始响应快照；等待独立人工签核。,947a7702c1eaf503d307b9466ae7800aa5a7a11ac45009e8facf11bf44c493d4
A1-CN_A-20230331-00006,temporal_t1_t2,A1,,T1,draft,false,deepfineval_evidence_collector_v2,,,,not_applicable,draft,human_attestation_missing,已采集 forward close 原始响应快照；等待独立人工签核。,0ac73c550ce23013987eb678262ef30f715f84e27f2bf2acbaf497d3c44de5e0
A1-CN_A-20230331-00007,temporal_t1_t2,A1,,T1,draft,false,deepfineval_evidence_collector_v2,,,,not_applicable,draft,human_attestation_missing,已采集 forward close 原始响应快照；等待独立人工签核。,d25285e39afc5aec7b409d53c628758941819c1c0b98b2e6ca2d926c4a3148dc
A1-CN_A-20230331-00008,temporal_t1_t2,A1,,T1,draft,false,deepfineval_evidence_collector_v2,,,,not_applicable,draft,human_attestation_missing,已采集 forward close 原始响应快照；等待独立人工签核。,47038f7e0bfa8609cd602c6a87659b6da8ddb5161fb4623bbf8183fee2ff2666
A1-CN_A-20230331-00009,temporal_t1_t2,A1,,T1,draft,false,deepfineval_evidence_collector_v2,,,,not_applicable,draft,human_attestation_missing,已采集 forward close 原始响应快照；等待独立人工签核。,987906169564bf369d670bc56b5a7ba9817aa246869c693867047211b030f14e
A1-CN_A-20230331-00010,temporal_t1_t2,A1,,T1,draft,false,deepfineval_evidence_collector_v2,,,,not_applicable,draft,human_attestation_missing,已采集 forward close 原始响应快照；等待独立人工签核。,b87baa6b348bc51b4abb50aa3a7386fbee115e7692ed947b12ce597d6e695e66
A1-CN_A-20230331-00011,temporal_t1_t2,A1,,T1,draft,false,deepfineval_evidence_collector_v2,,,,not_applicable,draft,human_attestation_missing,已采集 forward close 原始响应快照；等待独立人工签核。,b0b555faf2f6286c2ad05e924deacc1c5b209018c5a95a9eec8a928ca7817876
A1-CN_A-20230331-00012,temporal_t1_t2,A1,,T1,draft,false,deepfineval_evidence_collector_v2,,,,not_applicable,draft,human_attestation_missing,已采集 forward close 原始响应快照；等待独立人工签核。,d2be8dc0ed118dd74fe7ce0448be70e1882de18038c1375d6902a2ed06b68f5d
A1-CN_A-20230331-00013,temporal_t1_t2,A1,,T1,draft,false,deepfineval_evidence_collector_v2,,,,not_applicable,draft,human_attestation_missing,已采集 forward close 原始响应快照；等待独立人工签核。,7e0cb4c9b530ef5f9d4fa8f5b08d8b55e55102b1f246c76595154829c2a154ff
A1-CN_A-20230331-00014,temporal_t1_t2,A1,,T1,draft,false,deepfineval_evidence_collector_v2,,,,not_applicable,draft,human_attestation_missing,已采集 forward close 原始响应快照；等待独立人工签核。,672eeac9bace37e238021f9020508be65d88223e4a0765bc223d21d94a465a7b
A1-CN_A-20230331-00015,temporal_t1_t2,A1,,T1,draft,false,deepfineval_evidence_collector_v2,,,,not_applicable,draft,human_attestation_missing,已采集 forward close 原始响应快照；等待独立人工签核。,63d385f4a0b3f5dd03a58cef3bb2e471b8923f340a3476e53729feefbe28c500
A1-CN_A-20230331-00016,temporal_t1_t2,A1,,T1,draft,false,deepfineval_evidence_collector_v2,,,,not_applicable,draft,human_attestation_missing,已采集 forward close 原始响应快照；等待独立人工签核。,83e930c11a94aff582b050aadca45efb3c005912a8d1afaa423426b6cc35688a
A1-CN_A-20230331-00017,temporal_t1_t2,A1,,T1,draft,false,deepfineval_evidence_collector_v2,,,,not_applicable,draft,human_attestation_missing,已采集 forward close 原始响应快照；等待独立人工签核。,e46a4dcd54165e922e7f87d36f1660c8592d48ec376253201c897d45955a16e8
A1-CN_A-20230331-00018,temporal_t1_t2,A1,,T1,draft,false,deepfineval_evidence_collector_v2,,,,not_applicable,draft,human_attestation_missing,已采集 forward close 原始响应快照；等待独立人工签核。,55bf994fafe508d4a7c69e91b427b95823e1a6db3ed6aca1dfb1d9721f0ade21
A1-CN_A-20230331-00019,temporal_t1_t2,A1,,T1,draft,false,deepfineval_evidence_collector_v2,,,,not_applicable,draft,human_attestation_missing,已采集 forward close 原始响应快照；等待独立人工签核。,a5f63f2279ad5a6b0b14b52011d63c2ed4e350cd387ef180648c289d683ea693
A1-CN_A-20230331-00020,temporal_t1_t2,A1,,T1,draft,false,deepfineval_evidence_collector_v2,,,,not_applicable,draft,human_attestation_missing,已采集 forward close 原始响应快照；等待独立人工签核。,4cc11bf6698456efdb812cbb5ade13f1208be7f9749af28d06bbc28dcd6822f8
A1-CN_A-20230630-00001,temporal_t1_t2,A1,,T1,draft,false,deepfineval_evidence_collector_v2,,,,not_applicable,draft,human_attestation_missing,已采集 forward close 原始响应快照；等待独立人工签核。,763b843180a4714bb1a60aeb4747c226f5cfbbe9875f4bdfe20e7ddb2869f946
A1-CN_A-20230630-00002,temporal_t1_t2,A1,,T1,draft,false,deepfineval_evidence_collector_v2,,,,not_applicable,draft,human_attestation_missing,已采集 forward close 原始响应快照；等待独立人工签核。,ed6311347d48cbb2b1916488ea459b6abfa1742abf82a3a7ba24b3b5ad12d6cc
A1-CN_A-20230630-00003,temporal_t1_t2,A1,,T1,draft,false,deepfineval_evidence_collector_v2,,,,not_applicable,draft,human_attestation_missing,已采集 forward close 原始响应快照；等待独立人工签核。,d5e7433160430ddb73c9dafc5214ec3e6ca08b445618fac6a379178d31ab1584
A1-CN_A-20230630-00004,temporal_t1_t2,A1,,T1,draft,false,deepfineval_evidence_collector_v2,,,,not_applicable,draft,human_attestation_missing,已采集 forward close 原始响应快照；等待独立人工签核。,36f76d8bbe0a54a7aa92b8e6b2cb5c25ccd4fb9c98700b45a1a6cb4f7427a1b7
A1-CN_A-20230630-00005,temporal_t1_t2,A1,,T1,draft,false,deepfineval_evidence_collector_v2,,,,not_applicable,draft,human_attestation_missing,已采集 forward close 原始响应快照；等待独立人工签核。,55c4107546feb897c3c56cf25ad5437fb3caa9a016442bdfd4bd5132cec81fe1
A1-CN_A-20230630-00006,temporal_t1_t2,A1,,T1,draft,false,deepfineval_evidence_collector_v2,,,,not_applicable,draft,human_attestation_missing,已采集 forward close 原始响应快照；等待独立人工签核。,f1df68945595da903df66a1d871d5d3f052ce5cfb98a4996474a0bd8098a0418
A1-CN_A-20230630-00007,temporal_t1_t2,A1,,T1,draft,false,deepfineval_evidence_collector_v2,,,,not_applicable,draft,human_attestation_missing,已采集 forward close 原始响应快照；等待独立人工签核。,0be5f937068b091a71314036d97e6987ad3750708a1050653cced9683762406f
A1-CN_A-20230630-00008,temporal_t1_t2,A1,,T1,draft,false,deepfineval_evidence_collector_v2,,,,not_applicable,draft,human_attestation_missing,已采集 forward close 原始响应快照；等待独立人工签核。,481f08777ec382f0fa42bf7e45bd86c47caa67d502f4b9fc64689c63661bfb61
A1-CN_A-20230630-00009,temporal_t1_t2,A1,,T1,draft,false,deepfineval_evidence_collector_v2,,,,not_applicable,draft,human_attestation_missing,已采集 forward close 原始响应快照；等待独立人工签核。,fd62b9e04b4ded8feb8554976566afa160aba7f58b7c119feb78305969363df8
A1-CN_A-20230630-00010,temporal_t1_t2,A1,,T1,draft,false,deepfineval_evidence_collector_v2,,,,not_applicable,draft,human_attestation_missing,已采集 forward close 原始响应快照；等待独立人工签核。,2f8caa4b61d0e1cb20eb1aede0df122b4611353d015d1c530d2527e278a14dda
A1-CN_A-20230630-00011,temporal_t1_t2,A1,,T1,draft,false,deepfineval_evidence_collector_v2,,,,not_applicable,draft,human_attestation_missing,已采集 forward close 原始响应快照；等待独立人工签核。,7aaae27b39e175e9052bdfc80d684de2bc36df0d44de7f0f71669767b92b4d78
A1-CN_A-20230630-00012,temporal_t1_t2,A1,,T1,draft,false,deepfineval_evidence_collector_v2,,,,not_applicable,draft,human_attestation_missing,已采集 forward close 原始响应快照；等待独立人工签核。,035ec7bb69b79a11b42a91e90ac445306fb40ab59f10894268d37faf3efee5c2
A1-CN_A-20230630-00013,temporal_t1_t2,A1,,T1,draft,false,deepfineval_evidence_collector_v2,,,,not_applicable,draft,human_attestation_missing,已采集 forward close 原始响应快照；等待独立人工签核。,10b5be5c132c24630d321a4eee6977d9af6865df877b48c3b546352fefc9888f
A1-CN_A-20230630-00014,temporal_t1_t2,A1,,T1,draft,false,deepfineval_evidence_collector_v2,,,,not_applicable,draft,human_attestation_missing,已采集 forward close 原始响应快照；等待独立人工签核。,e9eed5de96eb0458014c3505417ae4664954f77d35bdb47ed5b96678a228dd57
A1-CN_A-20230630-00015,temporal_t1_t2,A1,,T1,draft,false,deepfineval_evidence_collector_v2,,,,not_applicable,draft,human_attestation_missing,已采集 forward close 原始响应快照；等待独立人工签核。,d102878d7f46a8fac813063fe214236380b1ef140bf0c5c17b1cbc7aff5df54a
A1-CN_A-20230630-00016,temporal_t1_t2,A1,,T1,draft,false,deepfineval_evidence_collector_v2,,,,not_applicable,draft,human_attestation_missing,已采集 forward close 原始响应快照；等待独立人工签核。,60eb2d574b40bbe4db6990da6abf202100ee93725698e585f6891698b173be2a
A1-CN_A-20230630-00017,temporal_t1_t2,A1,,T1,draft,false,deepfineval_evidence_collector_v2,,,,not_applicable,draft,human_attestation_missing,已采集 forward close 原始响应快照；等待独立人工签核。,e35d4c106542ac86a63b90a1bf0c8c8d7bc133bc7ea4181b50b742d714d43394
A1-CN_A-20230630-00018,temporal_t1_t2,A1,,T1,draft,false,deepfineval_evidence_collector_v2,,,,not_applicable,draft,human_attestation_missing,已采集 forward close 原始响应快照；等待独立人工签核。,00c82818dd01be571b6e74f4547fb71cdd50e7daf709308b3ad7ca6dcb853823
A1-CN_A-20230630-00019,temporal_t1_t2,A1,,T1,draft,false,deepfineval_evidence_collector_v2,,,,not_applicable,draft,human_attestation_missing,已采集 forward close 原始响应快照；等待独立人工签核。,8c6ec80f1f41fa030ec7fa9a674fc81384358de0b8be46c446de21795b7514f2
A1-CN_A-20230630-00020,temporal_t1_t2,A1,,T1,draft,false,deepfineval_evidence_collector_v2,,,,not_applicable,draft,human_attestation_missing,已采集 forward close 原始响应快照；等待独立人工签核。,93f7eed0abe8be00e8a0259c4c2441f2126967e88e50d8b1481d9fc66ab65930
A1-CN_A-20230929-00001,temporal_t1_t2,A1,,T1,draft,false,deepfineval_evidence_collector_v2,,,,not_applicable,draft,human_attestation_missing,已采集 forward close 原始响应快照；等待独立人工签核。,358adbd6e66681df28b703332ff1930b0fb60f4f4a0b7fba3b9413f094782d61
A1-CN_A-20230929-00002,temporal_t1_t2,A1,,T1,draft,false,deepfineval_evidence_collector_v2,,,,not_applicable,draft,human_attestation_missing,已采集 forward close 原始响应快照；等待独立人工签核。,876039428117f555655de123b7e2e5164f88ddfd20e7d575a3308c535d6715a6
A1-CN_A-20230929-00003,temporal_t1_t2,A1,,T1,draft,false,deepfineval_evidence_collector_v2,,,,not_applicable,draft,human_attestation_missing,已采集 forward close 原始响应快照；等待独立人工签核。,e2b2d5045578798379714b35ccf7f86bda6713ab06ec4bfb05484462a58a80cd
A1-CN_A-20230929-00004,temporal_t1_t2,A1,,T1,draft,false,deepfineval_evidence_collector_v2,,,,not_applicable,draft,human_attestation_missing,已采集 forward close 原始响应快照；等待独立人工签核。,48eb55634137e333d029db815a786a609e8f3be5e41f29a3ddb9724c88f778e9
A1-CN_A-20230929-00005,temporal_t1_t2,A1,,T1,draft,false,deepfineval_evidence_collector_v2,,,,not_applicable,draft,human_attestation_missing,已采集 forward close 原始响应快照；等待独立人工签核。,6aac05735da6bff10d9842b56b9235c2c37b2e6e3d758a595a50198cfe3a156a
A1-CN_A-20230929-00006,temporal_t1_t2,A1,,T1,draft,false,deepfineval_evidence_collector_v2,,,,not_applicable,draft,human_attestation_missing,已采集 forward close 原始响应快照；等待独立人工签核。,38a5bcc45f324638387e59f99e074b2eff07b9b80e329858f07632c3323cd76b
A1-CN_A-20230929-00007,temporal_t1_t2,A1,,T1,draft,false,deepfineval_evidence_collector_v2,,,,not_applicable,draft,human_attestation_missing,已采集 forward close 原始响应快照；等待独立人工签核。,f3bab000ecc185d065ca2d9e76a1fad67ea916eb7e92a443cb4a181211f808ae
A1-CN_A-20230929-00008,temporal_t1_t2,A1,,T1,draft,false,deepfineval_evidence_collector_v2,,,,not_applicable,draft,human_attestation_missing,已采集 forward close 原始响应快照；等待独立人工签核。,09def12c96445a8a56e72c718dbbe42fb3eb58464d6079c521f1120ebc1a5b96
A1-CN_A-20230929-00009,temporal_t1_t2,A1,,T1,draft,false,deepfineval_evidence_collector_v2,,,,not_applicable,draft,human_attestation_missing,已采集 forward close 原始响应快照；等待独立人工签核。,f1817c6ec703400a0fceb089fdbc769ba771d999a7cf721b896a0600978786f2
A1-CN_A-20230929-00010,temporal_t1_t2,A1,,T1,draft,false,deepfineval_evidence_collector_v2,,,,not_applicable,draft,human_attestation_missing,已采集 forward close 原始响应快照；等待独立人工签核。,23da2b9e51007b6f99cb9c9875360824e6130b6c8cea1a8f3203358c939dee32
A1-CN_A-20230929-00011,temporal_t1_t2,A1,,T1,draft,false,deepfineval_evidence_collector_v2,,,,not_applicable,draft,human_attestation_missing,已采集 forward close 原始响应快照；等待独立人工签核。,93f3c244c6d4bf90c43ae81f00448a48b5d8c563917deac4a44c709abcf0b29e
A1-CN_A-20230929-00012,temporal_t1_t2,A1,,T1,draft,false,deepfineval_evidence_collector_v2,,,,not_applicable,draft,human_attestation_missing,已采集 forward close 原始响应快照；等待独立人工签核。,af0540b9e6aa47a20da46ae9c536a27d5bfa18bec1e34ea8f24d719e3f9d9f27
A1-CN_A-20230929-00013,temporal_t1_t2,A1,,T1,draft,false,deepfineval_evidence_collector_v2,,,,not_applicable,draft,human_attestation_missing,已采集 forward close 原始响应快照；等待独立人工签核。,1c3862eca41d8331d09724335a7937d53a255968e2844366ec5a2af090ae984b
A1-CN_A-20230929-00014,temporal_t1_t2,A1,,T1,draft,false,deepfineval_evidence_collector_v2,,,,not_applicable,draft,human_attestation_missing,已采集 forward close 原始响应快照；等待独立人工签核。,f041bb22ceed1845a745018124dc3abd76f8195a0dfec9c8b0edc8cd525b5760
A1-CN_A-20230929-00015,temporal_t1_t2,A1,,T1,draft,false,deepfineval_evidence_collector_v2,,,,not_applicable,draft,human_attestation_missing,已采集 forward close 原始响应快照；等待独立人工签核。,82b5d87df4b7a9ba3ac746e9c1c592344b9e5c88e269deeeaaadc791a7154c17
A1-CN_A-20230929-00016,temporal_t1_t2,A1,,T1,draft,false,deepfineval_evidence_collector_v2,,,,not_applicable,draft,human_attestation_missing,已采集 forward close 原始响应快照；等待独立人工签核。,2d38e6150aecc118b78c14eeecba7f84c647e2fa00ba612c159cb19089a1192a
A1-CN_A-20230929-00017,temporal_t1_t2,A1,,T1,draft,false,deepfineval_evidence_collector_v2,,,,not_applicable,draft,human_attestation_missing,已采集 forward close 原始响应快照；等待独立人工签核。,b22a990d806dff1fd618bfeb660515bc75d9acd3a21c8971c0a0040ac5ce248a
A1-CN_A-20230929-00018,temporal_t1_t2,A1,,T1,draft,false,deepfineval_evidence_collector_v2,,,,not_applicable,draft,human_attestation_missing,已采集 forward close 原始响应快照；等待独立人工签核。,de645bc3814cf7f90f6921fcc1d9141079b12c3bebfba5bf657995242473d7c9
A1-CN_A-20230929-00019,temporal_t1_t2,A1,,T1,draft,false,deepfineval_evidence_collector_v2,,,,not_applicable,draft,human_attestation_missing,已采集 forward close 原始响应快照；等待独立人工签核。,708cdac46a6120e1a96eae67636009af49c75d2ae851c38a5739ad6593b1c6a9
A1-CN_A-20230929-00020,temporal_t1_t2,A1,,T1,draft,false,deepfineval_evidence_collector_v2,,,,not_applicable,draft,human_attestation_missing,已采集 forward close 原始响应快照；等待独立人工签核。,c613ae59e789912f4ebc21ee3759bd4b96c607016882be203780700674a854ba
A1-CN_A-20231229-00001,temporal_t1_t2,A1,,T1,draft,false,deepfineval_evidence_collector_v2,,,,not_applicable,draft,human_attestation_missing,已采集 forward close 原始响应快照；等待独立人工签核。,208fc8b19dc2aefabed749fc6afae742ce4aa84f81cef26312a8005fc944f8a6
A1-CN_A-20231229-00002,temporal_t1_t2,A1,,T1,draft,false,deepfineval_evidence_collector_v2,,,,not_applicable,draft,human_attestation_missing,已采集 forward close 原始响应快照；等待独立人工签核。,556ccfb06c0a15721f75a194d83fe04bde27870693d3df977b7d5e8fab38d2fb
A1-CN_A-20231229-00003,temporal_t1_t2,A1,,T1,draft,false,deepfineval_evidence_collector_v2,,,,not_applicable,draft,human_attestation_missing,已采集 forward close 原始响应快照；等待独立人工签核。,63423cae7f6d3370f38feb414be8a204b02b88535cf4fe7884686ad41091372f
A1-CN_A-20231229-00004,temporal_t1_t2,A1,,T1,draft,false,deepfineval_evidence_collector_v2,,,,not_applicable,draft,human_attestation_missing,已采集 forward close 原始响应快照；等待独立人工签核。,39ff639deb36aa4e4ec5931a30c1363840a56752540b95ce29180899828bf69c
A1-CN_A-20231229-00005,temporal_t1_t2,A1,,T1,draft,false,deepfineval_evidence_collector_v2,,,,not_applicable,draft,human_attestation_missing,已采集 forward close 原始响应快照；等待独立人工签核。,018b753769f0700a2c0219a3cd52e33ac1ee23c4e8fbc9d55773d73df57540ef
A1-CN_A-20231229-00006,temporal_t1_t2,A1,,T1,draft,false,deepfineval_evidence_collector_v2,,,,not_applicable,draft,human_attestation_missing,已采集 forward close 原始响应快照；等待独立人工签核。,ce873bde6948be50ad84b5c67e173839eb61e74220bcd47b38190daeab01060e
A1-CN_A-20231229-00007,temporal_t1_t2,A1,,T1,draft,false,deepfineval_evidence_collector_v2,,,,not_applicable,draft,human_attestation_missing,已采集 forward close 原始响应快照；等待独立人工签核。,b75b5748bb7f888d3ed7d190de714fbedcb63c877cfc4e3f26e3ce670bffd7d5
A1-CN_A-20231229-00008,temporal_t1_t2,A1,,T1,draft,false,deepfineval_evidence_collector_v2,,,,not_applicable,draft,human_attestation_missing,已采集 forward close 原始响应快照；等待独立人工签核。,fe1bdddc52f55df005d12d74b9f0fb3fae018a611606212f2a5a0dcdffd32ae7
A1-CN_A-20231229-00009,temporal_t1_t2,A1,,T1,draft,false,deepfineval_evidence_collector_v2,,,,not_applicable,draft,human_attestation_missing,已采集 forward close 原始响应快照；等待独立人工签核。,98f4a2465d1e268eae34af3eb8e738d757ed81be03a1144d1ecd3fcee6bcf70b
A1-CN_A-20231229-00010,temporal_t1_t2,A1,,T1,draft,false,deepfineval_evidence_collector_v2,,,,not_applicable,draft,human_attestation_missing,已采集 forward close 原始响应快照；等待独立人工签核。,efd553f160867f190609f16ebee4fc0102f5ebb369d7b4e92b15725cd2263873
A1-CN_A-20231229-00011,temporal_t1_t2,A1,,T1,draft,false,deepfineval_evidence_collector_v2,,,,not_applicable,draft,human_attestation_missing,已采集 forward close 原始响应快照；等待独立人工签核。,d0e60c3ae56859b8ace9cdc2935868c8258ea4bd71b07bf9b2e7c5ae227c21bd
A1-CN_A-20231229-00012,temporal_t1_t2,A1,,T1,draft,false,deepfineval_evidence_collector_v2,,,,not_applicable,draft,human_attestation_missing,已采集 forward close 原始响应快照；等待独立人工签核。,08c62634b6d3f3e768e037f3f156103c2675bb660fabe5d5b9c55a86f2773e7d
A1-CN_A-20231229-00013,temporal_t1_t2,A1,,T1,draft,false,deepfineval_evidence_collector_v2,,,,not_applicable,draft,human_attestation_missing,已采集 forward close 原始响应快照；等待独立人工签核。,a90be4a8214724109a3a55e6a80f470a35b6a9568cab497464ed22041b36c81f
A1-CN_A-20231229-00014,temporal_t1_t2,A1,,T1,draft,false,deepfineval_evidence_collector_v2,,,,not_applicable,draft,human_attestation_missing,已采集 forward close 原始响应快照；等待独立人工签核。,a22d223b4542e77b8c6ec87df60e1aaec91e398a1f090b8c899f03e16caac5ec
A1-CN_A-20231229-00015,temporal_t1_t2,A1,,T1,draft,false,deepfineval_evidence_collector_v2,,,,not_applicable,draft,human_attestation_missing,已采集 forward close 原始响应快照；等待独立人工签核。,1845778cbd00db6b9273408bc76a32b9943073f9fc792734bf669e517e495a77
A1-CN_A-20231229-00016,temporal_t1_t2,A1,,T1,draft,false,deepfineval_evidence_collector_v2,,,,not_applicable,draft,human_attestation_missing,已采集 forward close 原始响应快照；等待独立人工签核。,a3fbb6b98229507fda32b5baf7069396212459deb84a3d65abff1291b2577de4
A1-CN_A-20231229-00017,temporal_t1_t2,A1,,T1,draft,false,deepfineval_evidence_collector_v2,,,,not_applicable,draft,human_attestation_missing,已采集 forward close 原始响应快照；等待独立人工签核。,a4d2aabedeec20e61b96d05db8550268b459eb88f63bb6c631840729c8a99996
A1-CN_A-20231229-00018,temporal_t1_t2,A1,,T1,draft,false,deepfineval_evidence_collector_v2,,,,not_applicable,draft,human_attestation_missing,已采集 forward close 原始响应快照；等待独立人工签核。,ec48db0fd8a78a6bf8b49cbe88040dea1501047f7574ac164aa77d33eaaad4bf
A1-CN_A-20231229-00019,temporal_t1_t2,A1,,T1,draft,false,deepfineval_evidence_collector_v2,,,,not_applicable,draft,human_attestation_missing,已采集 forward close 原始响应快照；等待独立人工签核。,b4ff5d23b20539b702869779c70eec725ec1e70a6f821447211a7335d138fc66
A1-CN_A-20231229-00020,temporal_t1_t2,A1,,T1,draft,false,deepfineval_evidence_collector_v2,,,,not_applicable,draft,human_attestation_missing,已采集 forward close 原始响应快照；等待独立人工签核。,26761411dea3eca9b276bbab2f43ebe3babb728b49605c30e7eef0a719e7f75b
A1-CN_A-20240329-00001,temporal_t1_t2,A1,,T1,draft,false,deepfineval_evidence_collector_v2,,,,not_applicable,draft,human_attestation_missing,已采集 forward close 原始响应快照；等待独立人工签核。,22f789b07b70b624fa365f15a6fb53cab1d4e4ce4de62e50aae57353920825cf
A1-CN_A-20240329-00002,temporal_t1_t2,A1,,T1,draft,false,deepfineval_evidence_collector_v2,,,,not_applicable,draft,human_attestation_missing,已采集 forward close 原始响应快照；等待独立人工签核。,8b36e25698294dcb32ef850a0575bef3ae5f68606041cc0c5cc25234e8e84491
A1-CN_A-20240329-00003,temporal_t1_t2,A1,,T1,draft,false,deepfineval_evidence_collector_v2,,,,not_applicable,draft,human_attestation_missing,已采集 forward close 原始响应快照；等待独立人工签核。,2b48794dd6b7fe43c5fb74c844676a428b3ac910ad1aeb5e5afee7d0d332e215
A1-CN_A-20240329-00004,temporal_t1_t2,A1,,T1,draft,false,deepfineval_evidence_collector_v2,,,,not_applicable,draft,human_attestation_missing,已采集 forward close 原始响应快照；等待独立人工签核。,db0bcb932bec4bbee973ac865286d4d380e76fc2841b839589d3b20af7c1d07c
A1-CN_A-20240329-00005,temporal_t1_t2,A1,,T1,draft,false,deepfineval_evidence_collector_v2,,,,not_applicable,draft,human_attestation_missing,已采集 forward close 原始响应快照；等待独立人工签核。,d3be4a8664f5995021df107ceabb4a5e3d9ce18daec917084a900f2c43d8b0c8
A1-CN_A-20240329-00006,temporal_t1_t2,A1,,T1,draft,false,deepfineval_evidence_collector_v2,,,,not_applicable,draft,human_attestation_missing,已采集 forward close 原始响应快照；等待独立人工签核。,ff677221fba20794d46dd31e4a83872a2da2c9191206d687689547cd44669808
A1-CN_A-20240329-00007,temporal_t1_t2,A1,,T1,draft,false,deepfineval_evidence_collector_v2,,,,not_applicable,draft,human_attestation_missing,已采集 forward close 原始响应快照；等待独立人工签核。,82db3c9a34e02c2aae7a297595783699357829d5e3bbcb92ffbfa4d7be7ce033
A1-CN_A-20240329-00008,temporal_t1_t2,A1,,T1,draft,false,deepfineval_evidence_collector_v2,,,,not_applicable,draft,human_attestation_missing,已采集 forward close 原始响应快照；等待独立人工签核。,fef38300af4bb3589ec739193296d91ee0818242b2c71914187e659843488709
A1-CN_A-20240329-00009,temporal_t1_t2,A1,,T1,draft,false,deepfineval_evidence_collector_v2,,,,not_applicable,draft,human_attestation_missing,已采集 forward close 原始响应快照；等待独立人工签核。,a5b21e5e700750b4acb3d365075c0677bb0b06d455a9b02f7f1ac48c7a7aaa62
A1-CN_A-20240329-00010,temporal_t1_t2,A1,,T1,draft,false,deepfineval_evidence_collector_v2,,,,not_applicable,draft,human_attestation_missing,已采集 forward close 原始响应快照；等待独立人工签核。,86ffe6a900ec80ef4d60fbaef2e1d7f6f0c490846ab690ad190e5e9ac978edb7
A1-CN_A-20240329-00011,temporal_t1_t2,A1,,T1,draft,false,deepfineval_evidence_collector_v2,,,,not_applicable,draft,human_attestation_missing,已采集 forward close 原始响应快照；等待独立人工签核。,cbb41cbd0409c320bf41c2ba61d9ce93c0bfe23d6aed8732f3f44177d71fb5e8
A1-CN_A-20240329-00012,temporal_t1_t2,A1,,T1,draft,false,deepfineval_evidence_collector_v2,,,,not_applicable,draft,human_attestation_missing,已采集 forward close 原始响应快照；等待独立人工签核。,672c0aafe3f57fc78624d948aa84f8f6eb8be0552e85a23ee08acea418af0542
A1-CN_A-20240329-00013,temporal_t1_t2,A1,,T1,draft,false,deepfineval_evidence_collector_v2,,,,not_applicable,draft,human_attestation_missing,已采集 forward close 原始响应快照；等待独立人工签核。,1c2f22df0184c6546271a6b11cf62a40ae8e06a324576f5b089955819b0fe0c2
A1-CN_A-20240329-00014,temporal_t1_t2,A1,,T1,draft,false,deepfineval_evidence_collector_v2,,,,not_applicable,draft,human_attestation_missing,已采集 forward close 原始响应快照；等待独立人工签核。,f790c40239cf2a97ee504ab63f708fe99df705abed79cdef75dfea4f10b8b7a8
A1-CN_A-20240329-00015,temporal_t1_t2,A1,,T1,draft,false,deepfineval_evidence_collector_v2,,,,not_applicable,draft,human_attestation_missing,已采集 forward close 原始响应快照；等待独立人工签核。,a8c54f0694f834bb752e8d30d5a9f7cae52098e6be6251cae627d27971bccc58
A1-CN_A-20240329-00016,temporal_t1_t2,A1,,T1,draft,false,deepfineval_evidence_collector_v2,,,,not_applicable,draft,human_attestation_missing,已采集 forward close 原始响应快照；等待独立人工签核。,fa454d75bc53aaa9f6061e52838f741e26be629a5d273769a7b2954e92a89815
A1-CN_A-20240329-00017,temporal_t1_t2,A1,,T1,draft,false,deepfineval_evidence_collector_v2,,,,not_applicable,draft,human_attestation_missing,已采集 forward close 原始响应快照；等待独立人工签核。,2fb1fe66197531985527ba91f6c3b04d0c50bec36a184df97acb7e7ffe3f15f2
A1-CN_A-20240329-00018,temporal_t1_t2,A1,,T1,draft,false,deepfineval_evidence_collector_v2,,,,not_applicable,draft,human_attestation_missing,已采集 forward close 原始响应快照；等待独立人工签核。,f73caa0ab15b6ef4b7c52752ecfb45496e99646a402d2c770952950f6d675635
A1-CN_A-20240329-00019,temporal_t1_t2,A1,,T1,draft,false,deepfineval_evidence_collector_v2,,,,not_applicable,draft,human_attestation_missing,已采集 forward close 原始响应快照；等待独立人工签核。,80a79afe5760e1ba9216a2732ebf2c3cd4a2ff425d3e85d83d6f95ac41d66d2d
A1-CN_A-20240329-00020,temporal_t1_t2,A1,,T1,draft,false,deepfineval_evidence_collector_v2,,,,not_applicable,draft,human_attestation_missing,已采集 forward close 原始响应快照；等待独立人工签核。,a301fad1f279ac3a8edfeb0211bcaaf6f669aa2f4fcde2fecc4e2092c981ec58
A1-CN_A-20260130-00001,temporal_t1_t2,A1,,T2,draft,false,deepfineval_evidence_collector_v2,,,,not_applicable,draft,human_attestation_missing,已采集 forward close 原始响应快照；等待独立人工签核。,e697b9a9785e87da2b9acad972cf051fb8665baa1a3ef26ce70ffb97d08d8fba
A1-CN_A-20260130-00002,temporal_t1_t2,A1,,T2,draft,false,deepfineval_evidence_collector_v2,,,,not_applicable,draft,human_attestation_missing,已采集 forward close 原始响应快照；等待独立人工签核。,cf73cfcb92400058edb449f1ab0addebbf6feae8531899d832dbbcb067d7f20f
A1-CN_A-20260130-00003,temporal_t1_t2,A1,,T2,draft,false,deepfineval_evidence_collector_v2,,,,not_applicable,draft,human_attestation_missing,已采集 forward close 原始响应快照；等待独立人工签核。,185b91611f8e0e379e2e5ea9670d52a4f5e981230a3097dc317904a210d14049
A1-CN_A-20260130-00004,temporal_t1_t2,A1,,T2,draft,false,deepfineval_evidence_collector_v2,,,,not_applicable,draft,human_attestation_missing,已采集 forward close 原始响应快照；等待独立人工签核。,e83f4f47d9d1bb31f7b118991836e85b1f5273dc58f08c3d7a968938f06e7214
A1-CN_A-20260130-00005,temporal_t1_t2,A1,,T2,draft,false,deepfineval_evidence_collector_v2,,,,not_applicable,draft,human_attestation_missing,已采集 forward close 原始响应快照；等待独立人工签核。,0a8b34560912075836c0794231e848e310dc37bde4bc4b1a26bdba1b163fa489
A1-CN_A-20260130-00006,temporal_t1_t2,A1,,T2,draft,false,deepfineval_evidence_collector_v2,,,,not_applicable,draft,human_attestation_missing,已采集 forward close 原始响应快照；等待独立人工签核。,68023cfef8623f626f4bb4fe0acbeb3beee1919cedf6ca68668ce806aa6eb4a4
A1-CN_A-20260130-00007,temporal_t1_t2,A1,,T2,draft,false,deepfineval_evidence_collector_v2,,,,not_applicable,draft,human_attestation_missing,已采集 forward close 原始响应快照；等待独立人工签核。,2a0bb9f8f7da75be2427f4c2250a69697ea5a9f49e1b7996358a2126a1f7e340
A1-CN_A-20260130-00008,temporal_t1_t2,A1,,T2,draft,false,deepfineval_evidence_collector_v2,,,,not_applicable,draft,human_attestation_missing,已采集 forward close 原始响应快照；等待独立人工签核。,dd082128f1d347b2e218ed4684dcb575c9b7b6dacff646749a23b98dc04ac555
A1-CN_A-20260130-00009,temporal_t1_t2,A1,,T2,draft,false,deepfineval_evidence_collector_v2,,,,not_applicable,draft,human_attestation_missing,已采集 forward close 原始响应快照；等待独立人工签核。,4a21119cebac12be09ae8baa7a8f8bb76ca8a602c39005b14995d80727832f04
A1-CN_A-20260130-00010,temporal_t1_t2,A1,,T2,draft,false,deepfineval_evidence_collector_v2,,,,not_applicable,draft,human_attestation_missing,已采集 forward close 原始响应快照；等待独立人工签核。,d59dd8b21e5554871818bf92d970a7946b9f2da81b2f367052b6055a53231f99
A1-CN_A-20260130-00011,temporal_t1_t2,A1,,T2,draft,false,deepfineval_evidence_collector_v2,,,,not_applicable,draft,human_attestation_missing,已采集 forward close 原始响应快照；等待独立人工签核。,1388d1f89861116778c9b911316f4e7cbc7efb736a01efabe4ebf9832f0fc8f2
A1-CN_A-20260130-00012,temporal_t1_t2,A1,,T2,draft,false,deepfineval_evidence_collector_v2,,,,not_applicable,draft,human_attestation_missing,已采集 forward close 原始响应快照；等待独立人工签核。,bcc45a57aeb2f53df7da20d5a0dff662af86a461972ced03c6dd436215e98741
A1-CN_A-20260130-00013,temporal_t1_t2,A1,,T2,draft,false,deepfineval_evidence_collector_v2,,,,not_applicable,draft,human_attestation_missing,已采集 forward close 原始响应快照；等待独立人工签核。,9c62a87c894e17c4a71b046b9715f74e09e48b11ac98ee3ed2ec170cdc3dc701
A1-CN_A-20260130-00014,temporal_t1_t2,A1,,T2,draft,false,deepfineval_evidence_collector_v2,,,,not_applicable,draft,human_attestation_missing,已采集 forward close 原始响应快照；等待独立人工签核。,2d4babc6fe9e9b567e922fe9b31f2223dc73085697925aca8b72953296bb29a0
A1-CN_A-20260130-00015,temporal_t1_t2,A1,,T2,draft,false,deepfineval_evidence_collector_v2,,,,not_applicable,draft,human_attestation_missing,已采集 forward close 原始响应快照；等待独立人工签核。,8cc102aa6ec88b3e3be21fbbcaa151fb3d449896b90799644615c31c098ad4bf
A1-CN_A-20260130-00016,temporal_t1_t2,A1,,T2,draft,false,deepfineval_evidence_collector_v2,,,,not_applicable,draft,human_attestation_missing,已采集 forward close 原始响应快照；等待独立人工签核。,a3987c12553a20547686a7dff9c61b0f93c0aabad67800fbd161ba4b34381c46
A1-CN_A-20260130-00017,temporal_t1_t2,A1,,T2,draft,false,deepfineval_evidence_collector_v2,,,,not_applicable,draft,human_attestation_missing,已采集 forward close 原始响应快照；等待独立人工签核。,59fa8160a3c6612b612768ba92ec6c8f19427e5252006c141b98f485880c04dd
A1-CN_A-20260130-00018,temporal_t1_t2,A1,,T2,draft,false,deepfineval_evidence_collector_v2,,,,not_applicable,draft,human_attestation_missing,已采集 forward close 原始响应快照；等待独立人工签核。,85fb44b032f8e720f7690f375c13c201ded7cb6acf446262e531b5f0e4e8d5ba
A1-CN_A-20260130-00019,temporal_t1_t2,A1,,T2,draft,false,deepfineval_evidence_collector_v2,,,,not_applicable,draft,human_attestation_missing,已采集 forward close 原始响应快照；等待独立人工签核。,b65260edcc63fc807bd129fcf75d4ea2f13b2d614db721400aa7749f6566cc93
A1-CN_A-20260130-00020,temporal_t1_t2,A1,,T2,draft,false,deepfineval_evidence_collector_v2,,,,not_applicable,draft,human_attestation_missing,已采集 forward close 原始响应快照；等待独立人工签核。,3e53ab654188999516854ea8cc0fdf240aa96bcc8ce301879163d238a989008a
A1-HK-20220630-00001,temporal_t1_t2,A1,,T1,draft,false,deepfineval_evidence_collector_v2,,,,not_applicable,draft,human_attestation_missing,已采集 forward close 原始响应快照；等待独立人工签核。,7cf83e4ea11be344bd26dfe3e6aeb34656f1759cfe3b5ea48cc55f8db98894d7
A1-HK-20220630-00002,temporal_t1_t2,A1,,T1,draft,false,deepfineval_evidence_collector_v2,,,,not_applicable,draft,human_attestation_missing,已采集 forward close 原始响应快照；等待独立人工签核。,e852db56f7d853d77fc744d3ead1708a0227f16f1714e5b21ac6b7088492e154
A1-HK-20220630-00003,temporal_t1_t2,A1,,T1,draft,false,deepfineval_evidence_collector_v2,,,,not_applicable,draft,human_attestation_missing,已采集 forward close 原始响应快照；等待独立人工签核。,7337c0ae066290a01598d6b28939e3f8042386525e132eaf4e48fc8c7ec4405d
A1-HK-20220630-00004,temporal_t1_t2,A1,,T1,draft,false,deepfineval_evidence_collector_v2,,,,not_applicable,draft,human_attestation_missing,已采集 forward close 原始响应快照；等待独立人工签核。,21974c58b45ddf889de140c7aed315d356b2a7ead4b443aed3bb31da4237b976
A1-HK-20220630-00005,temporal_t1_t2,A1,,T1,draft,false,deepfineval_evidence_collector_v2,,,,not_applicable,draft,human_attestation_missing,已采集 forward close 原始响应快照；等待独立人工签核。,88daeedc431290183b97d2c4f65879f4ff0bbbef2c6caa1aa2d48b477b08d0e9
A1-HK-20220630-00006,temporal_t1_t2,A1,,T1,draft,false,deepfineval_evidence_collector_v2,,,,not_applicable,draft,human_attestation_missing,已采集 forward close 原始响应快照；等待独立人工签核。,9e1a82d272bf5b652c9a183f87bbeefae0895c9e625368c0503a3a42ec958f2a
A1-HK-20220630-00007,temporal_t1_t2,A1,,T1,draft,false,deepfineval_evidence_collector_v2,,,,not_applicable,draft,human_attestation_missing,已采集 forward close 原始响应快照；等待独立人工签核。,7446594951f4c4e4c5729dfc179723677ef9d0b465098a4fb8c6c8f8a8d8b7ea
A1-HK-20220630-00008,temporal_t1_t2,A1,,T1,draft,false,deepfineval_evidence_collector_v2,,,,not_applicable,draft,human_attestation_missing,已采集 forward close 原始响应快照；等待独立人工签核。,97ab1ddfe8bf62aefb606c09e510184896afc4a01ce18f6c706cb879bdb8ddea
A1-HK-20220630-00009,temporal_t1_t2,A1,,T1,draft,false,deepfineval_evidence_collector_v2,,,,not_applicable,draft,human_attestation_missing,已采集 forward close 原始响应快照；等待独立人工签核。,c6bfdb816c9126c54bbbe05be967667a58a95a0b72b49cc2cfc238a84b3a2676
A1-HK-20220630-00010,temporal_t1_t2,A1,,T1,draft,false,deepfineval_evidence_collector_v2,,,,not_applicable,draft,human_attestation_missing,已采集 forward close 原始响应快照；等待独立人工签核。,112e3d1ea4ccf86779c6c60212aa6ab00d4cebfd2a4bc60b92bbca4f189baea3
A1-HK-20220630-00011,temporal_t1_t2,A1,,T1,draft,false,deepfineval_evidence_collector_v2,,,,not_applicable,draft,human_attestation_missing,已采集 forward close 原始响应快照；等待独立人工签核。,026b45a84791c3eff589e9ef68db2da79ffdd34b023296d6ebb5e4de40a2e31e
A1-HK-20220630-00012,temporal_t1_t2,A1,,T1,draft,false,deepfineval_evidence_collector_v2,,,,not_applicable,draft,human_attestation_missing,已采集 forward close 原始响应快照；等待独立人工签核。,68d63dd55dfef5bd4386ad2997d2baee2fe494dcde0fb539a8931297d159d62c
A1-HK-20221230-00001,temporal_t1_t2,A1,,T1,draft,false,deepfineval_evidence_collector_v2,,,,not_applicable,draft,human_attestation_missing,已采集 forward close 原始响应快照；等待独立人工签核。,9ea74b375fdf3d5eb09309310a14cc6d07e0d9e6be3245316f9fa2320c65a59d
A1-HK-20221230-00002,temporal_t1_t2,A1,,T1,draft,false,deepfineval_evidence_collector_v2,,,,not_applicable,draft,human_attestation_missing,已采集 forward close 原始响应快照；等待独立人工签核。,6afb3eee2f8cd628d316669fb2cb0ca592f701d832d06bfec38d59909874c106
A1-HK-20221230-00003,temporal_t1_t2,A1,,T1,draft,false,deepfineval_evidence_collector_v2,,,,not_applicable,draft,human_attestation_missing,已采集 forward close 原始响应快照；等待独立人工签核。,9477a6a7cd325f96f5f1db58d0bacdfd96ed576b529e0cc3cab61055a8625d07
A1-HK-20230331-00001,temporal_t1_t2,A1,,T1,draft,false,deepfineval_evidence_collector_v2,,,,not_applicable,draft,human_attestation_missing,已采集 forward close 原始响应快照；等待独立人工签核。,5cdda8f6b228f21ed7336d451a4d88c0ac522c86d0b3b2904264c3937e099d00
A1-HK-20230331-00002,temporal_t1_t2,A1,,T1,draft,false,deepfineval_evidence_collector_v2,,,,not_applicable,draft,human_attestation_missing,已采集 forward close 原始响应快照；等待独立人工签核。,bdeff384e40adc3e53f781ee7ebfdffd3ec345e4171d279d229c9d1334404b45
A1-HK-20230331-00003,temporal_t1_t2,A1,,T1,draft,false,deepfineval_evidence_collector_v2,,,,not_applicable,draft,human_attestation_missing,已采集 forward close 原始响应快照；等待独立人工签核。,fd84a295d7a9dc7004791d9c1912c8d9157122835bc95039737e7d8600312fb1
A1-HK-20230630-00001,temporal_t1_t2,A1,,T1,draft,false,deepfineval_evidence_collector_v2,,,,not_applicable,draft,human_attestation_missing,已采集 forward close 原始响应快照；等待独立人工签核。,1c0b641a2eb0bc1eb9290041884640c4a6ddee83a92b75fb97953862428f2d22
A1-HK-20230630-00002,temporal_t1_t2,A1,,T1,draft,false,deepfineval_evidence_collector_v2,,,,not_applicable,draft,human_attestation_missing,已采集 forward close 原始响应快照；等待独立人工签核。,f0d004e4dfc5cd6a83406360d5e3ed4e83afe0a90b2ee6bf774228e14d9b2704
A1-HK-20230630-00003,temporal_t1_t2,A1,,T1,draft,false,deepfineval_evidence_collector_v2,,,,not_applicable,draft,human_attestation_missing,已采集 forward close 原始响应快照；等待独立人工签核。,500607eb0680a15b7fb186ef94a77e470dba40fa9c3bf3edbfdf591e5646b812
A1-HK-20230929-00001,temporal_t1_t2,A1,,T1,draft,false,deepfineval_evidence_collector_v2,,,,not_applicable,draft,human_attestation_missing,已采集 forward close 原始响应快照；等待独立人工签核。,d13988963970c9885c111cf101f9f5c7c04d74c7e2572c085926c82c1e3d69a8
A1-HK-20230929-00002,temporal_t1_t2,A1,,T1,draft,false,deepfineval_evidence_collector_v2,,,,not_applicable,draft,human_attestation_missing,已采集 forward close 原始响应快照；等待独立人工签核。,6b739b71feef55cb7b9febc3f2f71b2d76621bf80c391e52eec9f09f6ea5e8f8
A1-HK-20230929-00003,temporal_t1_t2,A1,,T1,draft,false,deepfineval_evidence_collector_v2,,,,not_applicable,draft,human_attestation_missing,已采集 forward close 原始响应快照；等待独立人工签核。,8e244dc6caf244bf33b3dea5bc798322c8b300a361a79e4def8cf9beaa637533
A1-HK-20231229-00001,temporal_t1_t2,A1,,T1,draft,false,deepfineval_evidence_collector_v2,,,,not_applicable,draft,human_attestation_missing,已采集 forward close 原始响应快照；等待独立人工签核。,dd28e48a915bbbaa6ebe09f12aa67edbb5183998887ad5012b49a6172539c05a
A1-HK-20231229-00002,temporal_t1_t2,A1,,T1,draft,false,deepfineval_evidence_collector_v2,,,,not_applicable,draft,human_attestation_missing,已采集 forward close 原始响应快照；等待独立人工签核。,6f964cac4c5cf0f1369ca1537f7c1c7a93cfaffbccac270070d8e73d41f9c05b
A1-HK-20231229-00003,temporal_t1_t2,A1,,T1,draft,false,deepfineval_evidence_collector_v2,,,,not_applicable,draft,human_attestation_missing,已采集 forward close 原始响应快照；等待独立人工签核。,e85e326fe4f6a2ba6434b85970b1837892557c75d33f1d773e8118eb80a4aa7a
A1-HK-20240329-00001,temporal_t1_t2,A1,,T1,draft,false,deepfineval_evidence_collector_v2,,,,not_applicable,draft,human_attestation_missing,已采集 forward close 原始响应快照；等待独立人工签核。,14d7b5a12e9f3bcfa2ffd1ae3f02575123f82f9a4605006399a10702ab897d36
A1-HK-20240329-00002,temporal_t1_t2,A1,,T1,draft,false,deepfineval_evidence_collector_v2,,,,not_applicable,draft,human_attestation_missing,已采集 forward close 原始响应快照；等待独立人工签核。,7fb9e1e5476c40d0f48bcf35898b3f3d53f8706ed5fc64d4ca44c351c5b6c0e2
A1-HK-20240329-00003,temporal_t1_t2,A1,,T1,draft,false,deepfineval_evidence_collector_v2,,,,not_applicable,draft,human_attestation_missing,已采集 forward close 原始响应快照；等待独立人工签核。,d6c6b33a80fd74037c4af1add3fb320c3685d51af619912d7a549508a815821a
A1-HK-20260130-00001,temporal_t1_t2,A1,,T2,draft,false,deepfineval_evidence_collector_v2,,,,not_applicable,draft,human_attestation_missing,已采集 forward close 原始响应快照；等待独立人工签核。,541be6867c995b53582734ed7b7bec8bd1c17f2293e90c1356513c44d5e55fb5
A1-HK-20260130-00002,temporal_t1_t2,A1,,T2,draft,false,deepfineval_evidence_collector_v2,,,,not_applicable,draft,human_attestation_missing,已采集 forward close 原始响应快照；等待独立人工签核。,fefd2103b7db927bb7a0802b07bdd7883d13bfb93e8b028e672c7b424e4a598f
A1-HK-20260130-00003,temporal_t1_t2,A1,,T2,draft,false,deepfineval_evidence_collector_v2,,,,not_applicable,draft,human_attestation_missing,已采集 forward close 原始响应快照；等待独立人工签核。,b61165d9b4054dbf590dfabde4b617c9e3e14597a71677b73607b524acf26e1d
A1-US-20220630-00001,temporal_t1_t2,A1,,T1,draft,false,deepfineval_evidence_collector_v2,,,,not_applicable,draft,human_attestation_missing,已采集 forward close 原始响应快照；等待独立人工签核。,a6504f61c3793f6df9fe46c8afb00e537d99bba3f2351e2e02ce10043492026c
A1-US-20220630-00002,temporal_t1_t2,A1,,T1,draft,false,deepfineval_evidence_collector_v2,,,,not_applicable,draft,human_attestation_missing,已采集 forward close 原始响应快照；等待独立人工签核。,903955f48bcd6d15a0c4197bc7b87ff6c5297a4d9d55714a063d2d166ac823a1
A1-US-20220630-00003,temporal_t1_t2,A1,,T1,draft,false,deepfineval_evidence_collector_v2,,,,not_applicable,draft,human_attestation_missing,已采集 forward close 原始响应快照；等待独立人工签核。,16bcc3b3393ae74b9f7457e5e77604d244edb3596d8ce3318c0b992b6250d578
A1-US-20220630-00004,temporal_t1_t2,A1,,T1,draft,false,deepfineval_evidence_collector_v2,,,,not_applicable,draft,human_attestation_missing,已采集 forward close 原始响应快照；等待独立人工签核。,d31e863b65c0bf1e28e57f0e9e4a1e1171dee720617160cbb36b0f3eb11c2595
A1-US-20220630-00005,temporal_t1_t2,A1,,T1,draft,false,deepfineval_evidence_collector_v2,,,,not_applicable,draft,human_attestation_missing,已采集 forward close 原始响应快照；等待独立人工签核。,ea1babd6fbadaf26164ed6278bcc95f0f193b1d13f5ab91f8b14cb596719e7f9
A1-US-20220630-00006,temporal_t1_t2,A1,,T1,draft,false,deepfineval_evidence_collector_v2,,,,not_applicable,draft,human_attestation_missing,已采集 forward close 原始响应快照；等待独立人工签核。,d3a9c05fd1f9a5638370459a621fa769b800af16e234fa1b1cc70af211469d27
A1-US-20220630-00008,temporal_t1_t2,A1,,T1,draft,false,deepfineval_evidence_collector_v2,,,,not_applicable,draft,human_attestation_missing,已采集 forward close 原始响应快照；等待独立人工签核。,7ebacc999ed567fe183a4f9595c0ab6b81e1935316efcad86548450c045f8f87
A1-US-20220630-00009,temporal_t1_t2,A1,,T1,draft,false,deepfineval_evidence_collector_v2,,,,not_applicable,draft,human_attestation_missing,已采集 forward close 原始响应快照；等待独立人工签核。,9c41557ba2747989f9a3193831576dfd9b18fe5b84dfc4c9a86c6c78d03a2ed9
A1-US-20220630-00010,temporal_t1_t2,A1,,T1,draft,false,deepfineval_evidence_collector_v2,,,,not_applicable,draft,human_attestation_missing,已采集 forward close 原始响应快照；等待独立人工签核。,69fb6fc7d9202f51ce1ed6b416f8c03497e50443a210675373e7b1af9db7cf60
A1-US-20220630-00011,temporal_t1_t2,A1,,T1,draft,false,deepfineval_evidence_collector_v2,,,,not_applicable,draft,human_attestation_missing,已采集 forward close 原始响应快照；等待独立人工签核。,ae93fbe13a941e106a53f133a2c801108054d654f3e66454bf2abcfa91af6fb6
A1-US-20221230-00001,temporal_t1_t2,A1,,T1,draft,false,deepfineval_evidence_collector_v2,,,,not_applicable,draft,human_attestation_missing,已采集 forward close 原始响应快照；等待独立人工签核。,2e27878d74471a77a6fd2780ffd4389726f0d41f9c0706201718ebed42507e42
A1-US-20221230-00002,temporal_t1_t2,A1,,T1,draft,false,deepfineval_evidence_collector_v2,,,,not_applicable,draft,human_attestation_missing,已采集 forward close 原始响应快照；等待独立人工签核。,c64834e57856d3fcb1a213740a2f0e962c78362a3ef37b108c4ff2ddcdaa15bf
A1-US-20221230-00003,temporal_t1_t2,A1,,T1,draft,false,deepfineval_evidence_collector_v2,,,,not_applicable,draft,human_attestation_missing,已采集 forward close 原始响应快照；等待独立人工签核。,34f8032222fff157c922305678f6684e086318ecf5e4aa6924d40a3786544608
A1-US-20230331-00001,temporal_t1_t2,A1,,T1,draft,false,deepfineval_evidence_collector_v2,,,,not_applicable,draft,human_attestation_missing,已采集 forward close 原始响应快照；等待独立人工签核。,d27b03b426dd85e7d027a90c348923ed6ddeae3ab75a485875568f810ebe8e81
A1-US-20230331-00002,temporal_t1_t2,A1,,T1,draft,false,deepfineval_evidence_collector_v2,,,,not_applicable,draft,human_attestation_missing,已采集 forward close 原始响应快照；等待独立人工签核。,13b90aeedf390d2a8bb7185531f49a2e8ea4fd62a5d2f1480c7227c7dd71c336
A1-US-20230331-00003,temporal_t1_t2,A1,,T1,draft,false,deepfineval_evidence_collector_v2,,,,not_applicable,draft,human_attestation_missing,已采集 forward close 原始响应快照；等待独立人工签核。,75350914c8efc012da1f8aad458921437551c1d60ea651a998460fe784959f92
A1-US-20230630-00001,temporal_t1_t2,A1,,T1,draft,false,deepfineval_evidence_collector_v2,,,,not_applicable,draft,human_attestation_missing,已采集 forward close 原始响应快照；等待独立人工签核。,f80114ce3f58f4c60157326c144e5cfa7c6ea4229bb36cea448e18b93c16672c
A1-US-20230630-00002,temporal_t1_t2,A1,,T1,draft,false,deepfineval_evidence_collector_v2,,,,not_applicable,draft,human_attestation_missing,已采集 forward close 原始响应快照；等待独立人工签核。,d7c4acf7b097ea3764ff8a85a0c95ffc7714bd2a6fedd04fa1a9186a81226002
A1-US-20230630-00003,temporal_t1_t2,A1,,T1,draft,false,deepfineval_evidence_collector_v2,,,,not_applicable,draft,human_attestation_missing,已采集 forward close 原始响应快照；等待独立人工签核。,8da56652078bbf7db8a9419dfecea4f9b15ea62a1b119c1cf45dd75ec187de36
A1-US-20230929-00001,temporal_t1_t2,A1,,T1,draft,false,deepfineval_evidence_collector_v2,,,,not_applicable,draft,human_attestation_missing,已采集 forward close 原始响应快照；等待独立人工签核。,40bedcac4740f6228c111fe1cdb70d911d01e085456d914fcde0b261db6baf82
A1-US-20230929-00002,temporal_t1_t2,A1,,T1,draft,false,deepfineval_evidence_collector_v2,,,,not_applicable,draft,human_attestation_missing,已采集 forward close 原始响应快照；等待独立人工签核。,ca594874d3408756829004ea53a5d5c1834fe1728502738dd96c81eefd298dd4
A1-US-20230929-00003,temporal_t1_t2,A1,,T1,draft,false,deepfineval_evidence_collector_v2,,,,not_applicable,draft,human_attestation_missing,已采集 forward close 原始响应快照；等待独立人工签核。,554abfb635a215ee4214b93efde72e1854383e1e6c7380d45289c402ca4b5a05
A1-US-20231229-00001,temporal_t1_t2,A1,,T1,draft,false,deepfineval_evidence_collector_v2,,,,not_applicable,draft,human_attestation_missing,已采集 forward close 原始响应快照；等待独立人工签核。,374f124cb45c8c1ff81160653fcced8ad5b39aae1d893c9ba3c144a0a91dd7a0
A1-US-20231229-00002,temporal_t1_t2,A1,,T1,draft,false,deepfineval_evidence_collector_v2,,,,not_applicable,draft,human_attestation_missing,已采集 forward close 原始响应快照；等待独立人工签核。,15f81a2d32017f2745489d199df1eff74984007813d458a5323e5bda0a66bd09
A1-US-20231229-00003,temporal_t1_t2,A1,,T1,draft,false,deepfineval_evidence_collector_v2,,,,not_applicable,draft,human_attestation_missing,已采集 forward close 原始响应快照；等待独立人工签核。,8feeed4fdd02dbe5a7cc5c144a09e9e642b877c09288ea1c6c6479f6d26c4fa5
A1-US-20240329-00001,temporal_t1_t2,A1,,T1,draft,false,deepfineval_evidence_collector_v2,,,,not_applicable,draft,human_attestation_missing,已采集 forward close 原始响应快照；等待独立人工签核。,d3b263c9e52f95a73366661a114c1d98801db312b1227228ba5a47e53d28b02b
A1-US-20240329-00002,temporal_t1_t2,A1,,T1,draft,false,deepfineval_evidence_collector_v2,,,,not_applicable,draft,human_attestation_missing,已采集 forward close 原始响应快照；等待独立人工签核。,030a307199080fc9b7a510085f074e7a289b93afe023bb73ba4869c0880edc9d
A1-US-20240329-00003,temporal_t1_t2,A1,,T1,draft,false,deepfineval_evidence_collector_v2,,,,not_applicable,draft,human_attestation_missing,已采集 forward close 原始响应快照；等待独立人工签核。,188b5af5246776fb0a32755a9ce37843780bd6095db254fb8227605273a5efec
A1-US-20260130-00001,temporal_t1_t2,A1,,T2,draft,false,deepfineval_evidence_collector_v2,,,,not_applicable,draft,human_attestation_missing,已采集 forward close 原始响应快照；等待独立人工签核。,56a93d1f6ec2e7ee5483beb2bef61f720c45fbba0fe2a5d3c6e53c3a4f3ac777
A1-US-20260130-00002,temporal_t1_t2,A1,,T2,draft,false,deepfineval_evidence_collector_v2,,,,not_applicable,draft,human_attestation_missing,已采集 forward close 原始响应快照；等待独立人工签核。,66e285b5caa265a60f3d06500aa489bba56dbc1d0f26b751feb6977fc45b9bf4
A1-US-20260130-00003,temporal_t1_t2,A1,,T2,draft,false,deepfineval_evidence_collector_v2,,,,not_applicable,draft,human_attestation_missing,已采集 forward close 原始响应快照；等待独立人工签核。,1bff197804676d46671f1ebc90b18bef5fe61f33c4f1e6946721241defe1269c
A2T-00001,temporal_t1_t2,A2,T,T2,draft,false,deepfineval_evidence_collector_v2,,,,not_applicable,draft,human_attestation_missing,已采集固定基线标的名单及全部 6 个标的的 forward close 原始响应快照；等待独立人工签核。,1045cca924a90c030fa2b8d0160ff9fcb5ce9f53525a4fb7562ff233721f2d18
A2T-00002,temporal_t1_t2,A2,T,T2,draft,false,deepfineval_evidence_collector_v2,,,,not_applicable,draft,human_attestation_missing,已采集固定基线标的名单及全部 6 个标的的 forward close 原始响应快照；等待独立人工签核。,c6bfb97e3a92cdadcd7f78dfd56f35383aed228e140c3d6aee1b70ede2542479
A2T-CN_A-20190628-consumer,temporal_t1_t2,A2,T,T1,draft,false,deepfineval_evidence_collector_v2,,,,not_applicable,draft,human_attestation_missing,已采集固定基线标的名单及全部 11 个标的的 forward close 原始响应快照；等待独立人工签核。,0cb83a68fc10fff2b8fdc04183b9737fa144a8279499baca3063fc3de36dcf06
A2T-CN_A-20190628-financial,temporal_t1_t2,A2,T,T1,draft,false,deepfineval_evidence_collector_v2,,,,not_applicable,draft,human_attestation_missing,已采集固定基线标的名单及全部 12 个标的的 forward close 原始响应快照；等待独立人工签核。,e1b0dc9eb68d6a3942704c59a1a15c3285ada4541e086250e99d090b46a85a0e
A2T-CN_A-20190628-pharma,temporal_t1_t2,A2,T,T1,draft,false,deepfineval_evidence_collector_v2,,,,not_applicable,draft,human_attestation_missing,已采集固定基线标的名单及全部 11 个标的的 forward close 原始响应快照；等待独立人工签核。,2f9e0e2116f018ec6841cbbbe37a89b048cbcab1dfdae37de82326d3118bdf45
A2T-CN_A-20190628-tech,temporal_t1_t2,A2,T,T1,draft,false,deepfineval_evidence_collector_v2,,,,not_applicable,draft,human_attestation_missing,已采集固定基线标的名单及全部 10 个标的的 forward close 原始响应快照；等待独立人工签核。,42e76da86c4af6f585b13acb0f37894b0ddd1eb8c046a3ab1342a70223266287
A2T-CN_A-20191231-consumer,temporal_t1_t2,A2,T,T1,draft,false,deepfineval_evidence_collector_v2,,,,not_applicable,draft,human_attestation_missing,已采集固定基线标的名单及全部 6 个标的的 forward close 原始响应快照；等待独立人工签核。,f0cae97b984ced57cac877190161e792bd4257cdee092f9a161e79d517f62a7a
A2T-CN_A-20191231-financial,temporal_t1_t2,A2,T,T1,draft,false,deepfineval_evidence_collector_v2,,,,not_applicable,draft,human_attestation_missing,已采集固定基线标的名单及全部 6 个标的的 forward close 原始响应快照；等待独立人工签核。,f9cfed45bde805cbcba2338e22259c105a614010d9bf6d875d6a703517c84f46
A2T-CN_A-20200331-consumer,temporal_t1_t2,A2,T,T1,draft,false,deepfineval_evidence_collector_v2,,,,not_applicable,draft,human_attestation_missing,已采集固定基线标的名单及全部 11 个标的的 forward close 原始响应快照；等待独立人工签核。,5a3465a525a6660325417618c0562ebd6102dfec840b6d63b4cf7d402a76b5df
A2T-CN_A-20200331-financial,temporal_t1_t2,A2,T,T1,draft,false,deepfineval_evidence_collector_v2,,,,not_applicable,draft,human_attestation_missing,已采集固定基线标的名单及全部 12 个标的的 forward close 原始响应快照；等待独立人工签核。,28870dc4082006dace3c8ef46db73c4430f449d5db6845d82e0538ecce0f9323
A2T-CN_A-20200331-pharma,temporal_t1_t2,A2,T,T1,draft,false,deepfineval_evidence_collector_v2,,,,not_applicable,draft,human_attestation_missing,已采集固定基线标的名单及全部 11 个标的的 forward close 原始响应快照；等待独立人工签核。,d1239cb0ec1ae61e3ec74699b4e5540ed36356d62274fc93c17f16707d34e653
A2T-CN_A-20200331-tech,temporal_t1_t2,A2,T,T1,draft,false,deepfineval_evidence_collector_v2,,,,not_applicable,draft,human_attestation_missing,已采集固定基线标的名单及全部 11 个标的的 forward close 原始响应快照；等待独立人工签核。,54fc76e3552dc1ddb0ec0eda7a2d3f90be1d217850d1e5d907842b056f8cbced
A2T-CN_A-20201231-consumer,temporal_t1_t2,A2,T,T1,draft,false,deepfineval_evidence_collector_v2,,,,not_applicable,draft,human_attestation_missing,已采集固定基线标的名单及全部 12 个标的的 forward close 原始响应快照；等待独立人工签核。,a0bacf2e727c6185a626ba4160b29252c0fe4b8d96a4b25e78a659eb9b5fa160
A2T-CN_A-20201231-financial,temporal_t1_t2,A2,T,T1,draft,false,deepfineval_evidence_collector_v2,,,,not_applicable,draft,human_attestation_missing,已采集固定基线标的名单及全部 12 个标的的 forward close 原始响应快照；等待独立人工签核。,9e58f0858056f5d09f2f99932a106d4bb0bdd65bfc5dae59a6b8e2396d31ebe3
A2T-CN_A-20201231-pharma,temporal_t1_t2,A2,T,T1,draft,false,deepfineval_evidence_collector_v2,,,,not_applicable,draft,human_attestation_missing,已采集固定基线标的名单及全部 11 个标的的 forward close 原始响应快照；等待独立人工签核。,84fc8b0f09ab4de3076349b6f3585b441bfc77152aff10e41fd89cdc86925e47
A2T-CN_A-20201231-tech,temporal_t1_t2,A2,T,T1,draft,false,deepfineval_evidence_collector_v2,,,,not_applicable,draft,human_attestation_missing,已采集固定基线标的名单及全部 12 个标的的 forward close 原始响应快照；等待独立人工签核。,84c1c9a2f643958470a483f8ae3d36983a2150c5f9846bd03461712653c7a84e
A2T-CN_A-20210630-consumer,temporal_t1_t2,A2,T,T1,draft,false,deepfineval_evidence_collector_v2,,,,not_applicable,draft,human_attestation_missing,已采集固定基线标的名单及全部 12 个标的的 forward close 原始响应快照；等待独立人工签核。,7114d815569eae55aadf1e069acb75d78cf4d10c05870eecf1db40250894bb71
A2T-CN_A-20210630-financial,temporal_t1_t2,A2,T,T1,draft,false,deepfineval_evidence_collector_v2,,,,not_applicable,draft,human_attestation_missing,已采集固定基线标的名单及全部 12 个标的的 forward close 原始响应快照；等待独立人工签核。,20d7d62ee3f81f50db8efc1745397b727d46318adbc5e81920df5261d5169eb3
A2T-CN_A-20210630-pharma,temporal_t1_t2,A2,T,T1,draft,false,deepfineval_evidence_collector_v2,,,,not_applicable,draft,human_attestation_missing,已采集固定基线标的名单及全部 11 个标的的 forward close 原始响应快照；等待独立人工签核。,c8a5fa2a3d19bd0ac7a8f14b1a55542d2e6bfb22a5b2734e308e5c9a76f3a7fe
A2T-CN_A-20210630-tech,temporal_t1_t2,A2,T,T1,draft,false,deepfineval_evidence_collector_v2,,,,not_applicable,draft,human_attestation_missing,已采集固定基线标的名单及全部 12 个标的的 forward close 原始响应快照；等待独立人工签核。,f664e316a7d55dedf3de61c9caf6a836479cf92b4c2e44f425d1fc9897da6889
A2T-CN_A-20211231-consumer,temporal_t1_t2,A2,T,T1,draft,false,deepfineval_evidence_collector_v2,,,,not_applicable,draft,human_attestation_missing,已采集固定基线标的名单及全部 6 个标的的 forward close 原始响应快照；等待独立人工签核。,049ceed51be6d4bdefaa66b4b959623dc770cc271f3ab16ee3209b7be60b0a8e
A2T-CN_A-20211231-financial,temporal_t1_t2,A2,T,T1,draft,false,deepfineval_evidence_collector_v2,,,,not_applicable,draft,human_attestation_missing,已采集固定基线标的名单及全部 6 个标的的 forward close 原始响应快照；等待独立人工签核。,45f9ea5b288b3aaf994e0dc14ea1ddfcd5c47b0e2049402cb7e791193cd9587d
A2T-CN_A-20220331-consumer,temporal_t1_t2,A2,T,T1,draft,false,deepfineval_evidence_collector_v2,,,,not_applicable,draft,human_attestation_missing,已采集固定基线标的名单及全部 12 个标的的 forward close 原始响应快照；等待独立人工签核。,c83dfbce0a6f924db6f492eb1ba0f0293a12c8336d260276cd5e7b977a984277
A2T-CN_A-20220331-financial,temporal_t1_t2,A2,T,T1,draft,false,deepfineval_evidence_collector_v2,,,,not_applicable,draft,human_attestation_missing,已采集固定基线标的名单及全部 12 个标的的 forward close 原始响应快照；等待独立人工签核。,deee82dc7ffbd873d7b35cac4a46c26a05df63cf795a3de4ade8df6bf9434a8f
A2T-CN_A-20220331-pharma,temporal_t1_t2,A2,T,T1,draft,false,deepfineval_evidence_collector_v2,,,,not_applicable,draft,human_attestation_missing,已采集固定基线标的名单及全部 12 个标的的 forward close 原始响应快照；等待独立人工签核。,17a66598fb86c0d3498ec93ee5e05208575048dce65b7b9f823ea75025ec1bee
A2T-CN_A-20220331-tech,temporal_t1_t2,A2,T,T1,draft,false,deepfineval_evidence_collector_v2,,,,not_applicable,draft,human_attestation_missing,已采集固定基线标的名单及全部 12 个标的的 forward close 原始响应快照；等待独立人工签核。,3a2ac55ca9702f9f1ca7edc8fb833c60b7bb466e450d3603da6cfc576a2e6a9f
A2T-CN_A-20221230-consumer,temporal_t1_t2,A2,T,T1,draft,false,deepfineval_evidence_collector_v2,,,,not_applicable,draft,human_attestation_missing,已采集固定基线标的名单及全部 12 个标的的 forward close 原始响应快照；等待独立人工签核。,e9ec96d6a3965d4065e78e5e1a3da6a50fee89373772c8bf3d990c36a6b66d45
A2T-CN_A-20221230-financial,temporal_t1_t2,A2,T,T1,draft,false,deepfineval_evidence_collector_v2,,,,not_applicable,draft,human_attestation_missing,已采集固定基线标的名单及全部 12 个标的的 forward close 原始响应快照；等待独立人工签核。,c65fa7fe1bb6f80515ad4a2b32d0efec9d588cfd1b52964cff56cdcd93de851c
A2T-CN_A-20221230-pharma,temporal_t1_t2,A2,T,T1,draft,false,deepfineval_evidence_collector_v2,,,,not_applicable,draft,human_attestation_missing,已采集固定基线标的名单及全部 12 个标的的 forward close 原始响应快照；等待独立人工签核。,dfd2aebe389e102dc668cb2fbae1afd9af1a2c9e17d5ffdb2fddf643a77a4bc4
A2T-CN_A-20221230-tech,temporal_t1_t2,A2,T,T1,draft,false,deepfineval_evidence_collector_v2,,,,not_applicable,draft,human_attestation_missing,已采集固定基线标的名单及全部 12 个标的的 forward close 原始响应快照；等待独立人工签核。,0ecf35a7d23c2adacb17d39256e03413354a1def859a5cd23cb269256d3e3452
A2T-CN_A-20230331-consumer,temporal_t1_t2,A2,T,T1,draft,false,deepfineval_evidence_collector_v2,,,,not_applicable,draft,human_attestation_missing,已采集固定基线标的名单及全部 12 个标的的 forward close 原始响应快照；等待独立人工签核。,171eb2ad570928d0895a28061db736ab3fbd6d107cf4e4cbb173f3e429841985
A2T-CN_A-20230331-financial,temporal_t1_t2,A2,T,T1,draft,false,deepfineval_evidence_collector_v2,,,,not_applicable,draft,human_attestation_missing,已采集固定基线标的名单及全部 12 个标的的 forward close 原始响应快照；等待独立人工签核。,5cfe004b4af91744d1f61fa815ee6f5b1d9232761664ba10856beba7a7cc0c8b
A2T-CN_A-20230331-pharma,temporal_t1_t2,A2,T,T1,draft,false,deepfineval_evidence_collector_v2,,,,not_applicable,draft,human_attestation_missing,已采集固定基线标的名单及全部 12 个标的的 forward close 原始响应快照；等待独立人工签核。,4c5b29dd7d2357f1290b4294e33dec7e7b7d5786b03e2a6866a6688ead31eea0
A2T-CN_A-20230331-tech,temporal_t1_t2,A2,T,T1,draft,false,deepfineval_evidence_collector_v2,,,,not_applicable,draft,human_attestation_missing,已采集固定基线标的名单及全部 12 个标的的 forward close 原始响应快照；等待独立人工签核。,783420705134ed7da293e11c85465988ae31d3cf25e464cc66902f76202a2b05
A2T-CN_A-20230630-consumer,temporal_t1_t2,A2,T,T1,draft,false,deepfineval_evidence_collector_v2,,,,not_applicable,draft,human_attestation_missing,已采集固定基线标的名单及全部 12 个标的的 forward close 原始响应快照；等待独立人工签核。,873f5ed4a2d970a6192e4f24279c1b8999aca676616016fa4d91c073d719d4cb
A2T-CN_A-20230630-financial,temporal_t1_t2,A2,T,T1,draft,false,deepfineval_evidence_collector_v2,,,,not_applicable,draft,human_attestation_missing,已采集固定基线标的名单及全部 12 个标的的 forward close 原始响应快照；等待独立人工签核。,1831435eb021298d15210336d137b163067e1cd228e349260c6c9e6d6869f0c7
A2T-CN_A-20230630-pharma,temporal_t1_t2,A2,T,T1,draft,false,deepfineval_evidence_collector_v2,,,,not_applicable,draft,human_attestation_missing,已采集固定基线标的名单及全部 12 个标的的 forward close 原始响应快照；等待独立人工签核。,ef09f72a24022e913f3855a157515d01df530515f78335b98797b098e7ae814a
A2T-CN_A-20230630-tech,temporal_t1_t2,A2,T,T1,draft,false,deepfineval_evidence_collector_v2,,,,not_applicable,draft,human_attestation_missing,已采集固定基线标的名单及全部 12 个标的的 forward close 原始响应快照；等待独立人工签核。,ce3b386b040346499b8710ab7e439b5fbfc2bb80575502a886f99b306658a5f9
A2T-CN_A-20230929-consumer,temporal_t1_t2,A2,T,T1,draft,false,deepfineval_evidence_collector_v2,,,,not_applicable,draft,human_attestation_missing,已采集固定基线标的名单及全部 12 个标的的 forward close 原始响应快照；等待独立人工签核。,794c33fad5ad8ed9ee7d95641b8b3647b225ac8582111a5e4fefedf69a4c83e9
A2T-CN_A-20230929-financial,temporal_t1_t2,A2,T,T1,draft,false,deepfineval_evidence_collector_v2,,,,not_applicable,draft,human_attestation_missing,已采集固定基线标的名单及全部 12 个标的的 forward close 原始响应快照；等待独立人工签核。,81155323dd6af3a0d19a3f9b71041bd306f88c0da800fb2c10b1e366cd631c1b
A2T-CN_A-20230929-pharma,temporal_t1_t2,A2,T,T1,draft,false,deepfineval_evidence_collector_v2,,,,not_applicable,draft,human_attestation_missing,已采集固定基线标的名单及全部 12 个标的的 forward close 原始响应快照；等待独立人工签核。,a735ae78b3ea3a1174c9d4aaaef9e8734db6b8ac956f9b8955d39b7f2263a4fb
A2T-CN_A-20230929-tech,temporal_t1_t2,A2,T,T1,draft,false,deepfineval_evidence_collector_v2,,,,not_applicable,draft,human_attestation_missing,已采集固定基线标的名单及全部 12 个标的的 forward close 原始响应快照；等待独立人工签核。,a8ac6ceeb1a1d197173d086df7e6a5ccdd1e08eb3965a0206cc8a19265059c72
A2T-CN_A-20231229-consumer,temporal_t1_t2,A2,T,T1,draft,false,deepfineval_evidence_collector_v2,,,,not_applicable,draft,human_attestation_missing,已采集固定基线标的名单及全部 12 个标的的 forward close 原始响应快照；等待独立人工签核。,8e824c2fe98e7e7c6b8f69fbe15dac35226693c72341698427636cf71bcbe484
A2T-CN_A-20231229-financial,temporal_t1_t2,A2,T,T1,draft,false,deepfineval_evidence_collector_v2,,,,not_applicable,draft,human_attestation_missing,已采集固定基线标的名单及全部 12 个标的的 forward close 原始响应快照；等待独立人工签核。,1de55bb7baadc7be53ea5bdf4dbd0cabf414a92cd6928faf55c28f3d815d1281
A2T-CN_A-20231229-pharma,temporal_t1_t2,A2,T,T1,draft,false,deepfineval_evidence_collector_v2,,,,not_applicable,draft,human_attestation_missing,已采集固定基线标的名单及全部 12 个标的的 forward close 原始响应快照；等待独立人工签核。,72ab1cacabcfd4905a97eeb14da2c27c60ecfc37baabb29851eb6e98d9b00480
A2T-CN_A-20231229-tech,temporal_t1_t2,A2,T,T1,draft,false,deepfineval_evidence_collector_v2,,,,not_applicable,draft,human_attestation_missing,已采集固定基线标的名单及全部 12 个标的的 forward close 原始响应快照；等待独立人工签核。,a6d5e13fbbac21b8bf3cb7321bfdb9a678789ac408d5d9e1f4474848c0adde0f
A2T-CN_A-20240329-consumer,temporal_t1_t2,A2,T,T1,draft,false,deepfineval_evidence_collector_v2,,,,not_applicable,draft,human_attestation_missing,已采集固定基线标的名单及全部 12 个标的的 forward close 原始响应快照；等待独立人工签核。,881e0f9f8346c78893e682c05ba571fa5cbe549178edc259d8286cbfd6d6e5b9
A2T-CN_A-20240329-financial,temporal_t1_t2,A2,T,T1,draft,false,deepfineval_evidence_collector_v2,,,,not_applicable,draft,human_attestation_missing,已采集固定基线标的名单及全部 12 个标的的 forward close 原始响应快照；等待独立人工签核。,c03e74b75f81b62bd72f296d51cfa61a7e28aae9266b9d3ddaa6ccd524f05059
A2T-CN_A-20240329-pharma,temporal_t1_t2,A2,T,T1,draft,false,deepfineval_evidence_collector_v2,,,,not_applicable,draft,human_attestation_missing,已采集固定基线标的名单及全部 12 个标的的 forward close 原始响应快照；等待独立人工签核。,65f335c7067e803fc9ddb9f0d98ed9f9a49d27655acbcd7aa9af550ede0a83ff
A2T-CN_A-20240329-tech,temporal_t1_t2,A2,T,T1,draft,false,deepfineval_evidence_collector_v2,,,,not_applicable,draft,human_attestation_missing,已采集固定基线标的名单及全部 12 个标的的 forward close 原始响应快照；等待独立人工签核。,0df95677b0a4839d4dfd5dcaa3395b12e7a231919911e627438b65ed90f55dff
A2T-CN_A-20241231-consumer,temporal_t1_t2,A2,T,T2,draft,false,deepfineval_evidence_collector_v2,,,,not_applicable,draft,human_attestation_missing,已采集固定基线标的名单及全部 12 个标的的 forward close 原始响应快照；等待独立人工签核。,8d0bb5aa28bda90dad6782999360349d92e998390287fb94e638dc52894c097e
A2T-CN_A-20241231-financial,temporal_t1_t2,A2,T,T2,draft,false,deepfineval_evidence_collector_v2,,,,not_applicable,draft,human_attestation_missing,已采集固定基线标的名单及全部 12 个标的的 forward close 原始响应快照；等待独立人工签核。,cd0dfafc40e631dc08c620fbe7d5673f3d7de09db496052fb8f106f8dbcb5acf
A2T-CN_A-20241231-pharma,temporal_t1_t2,A2,T,T2,draft,false,deepfineval_evidence_collector_v2,,,,not_applicable,draft,human_attestation_missing,已采集固定基线标的名单及全部 12 个标的的 forward close 原始响应快照；等待独立人工签核。,c8ad63e5292057389dd8cdc8d70fac82c632a9b3024793a30ed42bdca2c722bf
A2T-CN_A-20241231-tech,temporal_t1_t2,A2,T,T2,draft,false,deepfineval_evidence_collector_v2,,,,not_applicable,draft,human_attestation_missing,已采集固定基线标的名单及全部 12 个标的的 forward close 原始响应快照；等待独立人工签核。,9563510de710cce953f38415d42f64e97d2fd4f4b8338a2142ed62b99c22888d
A2T-CN_A-20250331-consumer,temporal_t1_t2,A2,T,T2,draft,false,deepfineval_evidence_collector_v2,,,,not_applicable,draft,human_attestation_missing,已采集固定基线标的名单及全部 12 个标的的 forward close 原始响应快照；等待独立人工签核。,dc40462f8fc7155f4605ffce2d3b5950e6ab19ddcae3364786476374f9c11c93
A2T-CN_A-20250331-financial,temporal_t1_t2,A2,T,T2,draft,false,deepfineval_evidence_collector_v2,,,,not_applicable,draft,human_attestation_missing,已采集固定基线标的名单及全部 12 个标的的 forward close 原始响应快照；等待独立人工签核。,3625d538a5f2d58ac0a392a82e44d15f7460df241375c16e014d3d7733b7362a
A2T-CN_A-20250331-pharma,temporal_t1_t2,A2,T,T2,draft,false,deepfineval_evidence_collector_v2,,,,not_applicable,draft,human_attestation_missing,已采集固定基线标的名单及全部 12 个标的的 forward close 原始响应快照；等待独立人工签核。,e6e7f199ffa9feab0720c63ff243386d7141307c2a63711be390b6f4e025a43d
A2T-CN_A-20250331-tech,temporal_t1_t2,A2,T,T2,draft,false,deepfineval_evidence_collector_v2,,,,not_applicable,draft,human_attestation_missing,已采集固定基线标的名单及全部 12 个标的的 forward close 原始响应快照；等待独立人工签核。,acd85609d4916447966ee912aaf921a6e25c44ba6c38f55092fc6dc69a78e0b5
A2T-CN_A-20250606-consumer,temporal_t1_t2,A2,T,T2,draft,false,deepfineval_evidence_collector_v2,,,,not_applicable,draft,human_attestation_missing,已采集固定基线标的名单及全部 12 个标的的 forward close 原始响应快照；等待独立人工签核。,56833316f7d243c31bedcf58d51f032a123be838a4e27afc8c767da74c59f1d1
A2T-CN_A-20250606-financial,temporal_t1_t2,A2,T,T2,draft,false,deepfineval_evidence_collector_v2,,,,not_applicable,draft,human_attestation_missing,已采集固定基线标的名单及全部 12 个标的的 forward close 原始响应快照；等待独立人工签核。,37f7e15e8660d3439ccf4257475c88e7fd51af68b202026156fadcad578e76d4
A2T-CN_A-20250606-pharma,temporal_t1_t2,A2,T,T2,draft,false,deepfineval_evidence_collector_v2,,,,not_applicable,draft,human_attestation_missing,已采集固定基线标的名单及全部 12 个标的的 forward close 原始响应快照；等待独立人工签核。,b46292761fd7c629b59186659dcf27d16669b54816df220a2e9e2798bb62f5b4
A2T-CN_A-20250606-tech,temporal_t1_t2,A2,T,T2,draft,false,deepfineval_evidence_collector_v2,,,,not_applicable,draft,human_attestation_missing,已采集固定基线标的名单及全部 12 个标的的 forward close 原始响应快照；等待独立人工签核。,08369f5e1d73d707c143b5036ba1aa15ffe974524b82f60c022e4b8d475e83c9
A2T-CN_A-20250930-consumer,temporal_t1_t2,A2,T,T2,draft,false,deepfineval_evidence_collector_v2,,,,not_applicable,draft,human_attestation_missing,已采集固定基线标的名单及全部 12 个标的的 forward close 原始响应快照；等待独立人工签核。,1a0a902d1b836f4ec72d6b0640331ee7d9a906045a46758e2d918d1cd1256771
A2T-CN_A-20250930-financial,temporal_t1_t2,A2,T,T2,draft,false,deepfineval_evidence_collector_v2,,,,not_applicable,draft,human_attestation_missing,已采集固定基线标的名单及全部 12 个标的的 forward close 原始响应快照；等待独立人工签核。,6c42c1dc9e04f94679fefe4f38e84e217ee202809f4a2423c72d9c39212d84a9
A2T-CN_A-20250930-pharma,temporal_t1_t2,A2,T,T2,draft,false,deepfineval_evidence_collector_v2,,,,not_applicable,draft,human_attestation_missing,已采集固定基线标的名单及全部 12 个标的的 forward close 原始响应快照；等待独立人工签核。,009c5839cd54aeaab2da675a20825271a1385b602c05774032eede58ad1dd99d
A2T-CN_A-20250930-tech,temporal_t1_t2,A2,T,T2,draft,false,deepfineval_evidence_collector_v2,,,,not_applicable,draft,human_attestation_missing,已采集固定基线标的名单及全部 12 个标的的 forward close 原始响应快照；等待独立人工签核。,31bab666e48cff495f11551c1a434e295b745631a67455fb020ad781b9169c33
A2T-CN_A-20251231-consumer,temporal_t1_t2,A2,T,T2,draft,false,deepfineval_evidence_collector_v2,,,,not_applicable,draft,human_attestation_missing,已采集固定基线标的名单及全部 12 个标的的 forward close 原始响应快照；等待独立人工签核。,826c86154373bb021f70a31132065ff90b466f1e396e211fe68e31ef1bb4c4b1
A2T-CN_A-20251231-financial,temporal_t1_t2,A2,T,T2,draft,false,deepfineval_evidence_collector_v2,,,,not_applicable,draft,human_attestation_missing,已采集固定基线标的名单及全部 12 个标的的 forward close 原始响应快照；等待独立人工签核。,8fdf57b47a4f3f5c4955b7d6fde9a47aa2bd90f22db851adf5e4779edd967965
A2T-CN_A-20251231-pharma,temporal_t1_t2,A2,T,T2,draft,false,deepfineval_evidence_collector_v2,,,,not_applicable,draft,human_attestation_missing,已采集固定基线标的名单及全部 12 个标的的 forward close 原始响应快照；等待独立人工签核。,8a65f8abc93252057cc2506a79f44180799995c16ccdd77b2d326851762bdd87
A2T-CN_A-20251231-tech,temporal_t1_t2,A2,T,T2,draft,false,deepfineval_evidence_collector_v2,,,,not_applicable,draft,human_attestation_missing,已采集固定基线标的名单及全部 12 个标的的 forward close 原始响应快照；等待独立人工签核。,40e32e499871d3cec0f6c7757b80340fa79f93b70f72a89e3f96a479529dca93
A2T-CN_A-20260130-consumer,temporal_t1_t2,A2,T,T2,draft,false,deepfineval_evidence_collector_v2,,,,not_applicable,draft,human_attestation_missing,已采集固定基线标的名单及全部 12 个标的的 forward close 原始响应快照；等待独立人工签核。,949a185eb9f0d140d781c3d955031129a3fd1c2272d954dba7cb73c91d20eb91
A2T-CN_A-20260130-financial,temporal_t1_t2,A2,T,T2,draft,false,deepfineval_evidence_collector_v2,,,,not_applicable,draft,human_attestation_missing,已采集固定基线标的名单及全部 12 个标的的 forward close 原始响应快照；等待独立人工签核。,b30703b7d698811b68a82681b7e07f195b60f83bea876f6394fa8dcef66ce735
A2T-CN_A-20260130-pharma,temporal_t1_t2,A2,T,T2,draft,false,deepfineval_evidence_collector_v2,,,,not_applicable,draft,human_attestation_missing,已采集固定基线标的名单及全部 12 个标的的 forward close 原始响应快照；等待独立人工签核。,53e1dcbc8434fd3245829e6f9d6d07fd2d16e6b2f42c45b06d1ad5e0505a4ead
A2T-CN_A-20260130-tech,temporal_t1_t2,A2,T,T2,draft,false,deepfineval_evidence_collector_v2,,,,not_applicable,draft,human_attestation_missing,已采集固定基线标的名单及全部 12 个标的的 forward close 原始响应快照；等待独立人工签核。,59b9b5266267f7c2fc2e1141d60dc0bc088b902757004a4ecb108f3bb9cb3fb4
A2T-CN_A-20260331-consumer,temporal_t1_t2,A2,T,T2,draft,false,deepfineval_evidence_collector_v2,,,,not_applicable,draft,human_attestation_missing,已采集固定基线标的名单及全部 12 个标的的 forward close 原始响应快照；等待独立人工签核。,bffd053c83b6184969c7d1c223526cf6f86c1c3ee1f93db2aa156f7bbdba6fd2
A2T-CN_A-20260331-financial,temporal_t1_t2,A2,T,T2,draft,false,deepfineval_evidence_collector_v2,,,,not_applicable,draft,human_attestation_missing,已采集固定基线标的名单及全部 12 个标的的 forward close 原始响应快照；等待独立人工签核。,4472ca8224883dab2248f6cae45d829916fc25200132cc732b643faad97e73fa
A2T-CN_A-20260331-pharma,temporal_t1_t2,A2,T,T2,draft,false,deepfineval_evidence_collector_v2,,,,not_applicable,draft,human_attestation_missing,已采集固定基线标的名单及全部 12 个标的的 forward close 原始响应快照；等待独立人工签核。,19c43e2f0dfbe2db9ddf561abcb05f3001bf93ecac99f5d07ff8ec07aaa63d8a
A2T-CN_A-20260331-tech,temporal_t1_t2,A2,T,T2,draft,false,deepfineval_evidence_collector_v2,,,,not_applicable,draft,human_attestation_missing,已采集固定基线标的名单及全部 12 个标的的 forward close 原始响应快照；等待独立人工签核。,e46ada6ab92299a9e0ed80b58a9ed9b21388731dcb35563e3bb25208bf5dc70f
A2T-CN_A-20260601-consumer,temporal_t1_t2,A2,T,T2,draft,false,deepfineval_evidence_collector_v2,,,,not_applicable,draft,human_attestation_missing,已采集固定基线标的名单及全部 12 个标的的 forward close 原始响应快照；等待独立人工签核。,516dd19757446f7f5004368921672511540cf28ac9152a49e61281f1e52bc879
A2T-CN_A-20260601-financial,temporal_t1_t2,A2,T,T2,draft,false,deepfineval_evidence_collector_v2,,,,not_applicable,draft,human_attestation_missing,已采集固定基线标的名单及全部 12 个标的的 forward close 原始响应快照；等待独立人工签核。,51e1adad634a854cba9787bcea62468f09c4c62b8435510abb87d07fbb4296ed
A2T-CN_A-20260601-pharma,temporal_t1_t2,A2,T,T2,draft,false,deepfineval_evidence_collector_v2,,,,not_applicable,draft,human_attestation_missing,已采集固定基线标的名单及全部 12 个标的的 forward close 原始响应快照；等待独立人工签核。,df120ab43bc9ff2fea75d6812f6ce3a7ce8ab347ac80cbfb2391621f573c3f79
A2T-CN_A-20260601-tech,temporal_t1_t2,A2,T,T2,draft,false,deepfineval_evidence_collector_v2,,,,not_applicable,draft,human_attestation_missing,已采集固定基线标的名单及全部 12 个标的的 forward close 原始响应快照；等待独立人工签核。,7730a1b6e97b14d696db3bd750036bf90aad0b97a17a0c27dabd901187d14562
A2T-HK-20190628-hk_bluechip,temporal_t1_t2,A2,T,T1,draft,false,deepfineval_evidence_collector_v2,,,,not_applicable,draft,human_attestation_missing,已采集固定基线标的名单及全部 11 个标的的 forward close 原始响应快照；等待独立人工签核。,6f296a6b1e619eef622ee1d55d3f899a5ff127e5c628bbcb78407fed459559a9
A2T-HK-20191231-hk_bluechip,temporal_t1_t2,A2,T,T1,draft,false,deepfineval_evidence_collector_v2,,,,not_applicable,draft,human_attestation_missing,已采集固定基线标的名单及全部 6 个标的的 forward close 原始响应快照；等待独立人工签核。,11a4f81213deed187d88464fd2b12a21d639af62f012cc57935bba89008e0711
A2T-HK-20200331-hk_bluechip,temporal_t1_t2,A2,T,T1,draft,false,deepfineval_evidence_collector_v2,,,,not_applicable,draft,human_attestation_missing,已采集固定基线标的名单及全部 12 个标的的 forward close 原始响应快照；等待独立人工签核。,be6d390534c4b5822dbf38e79135af84820c7199f6fc70b2749ee977904ff8f3
A2T-HK-20200331-hk_tech,temporal_t1_t2,A2,T,T1,draft,false,deepfineval_evidence_collector_v2,,,,not_applicable,draft,human_attestation_missing,已采集固定基线标的名单及全部 6 个标的的 forward close 原始响应快照；等待独立人工签核。,dd0ee494a9c48dae5c60ecb3dc2656239bc281f8590cc325c7501877cf72006b
A2T-HK-20201231-hk_bluechip,temporal_t1_t2,A2,T,T1,draft,false,deepfineval_evidence_collector_v2,,,,not_applicable,draft,human_attestation_missing,已采集固定基线标的名单及全部 12 个标的的 forward close 原始响应快照；等待独立人工签核。,2c5a3efbe5b86e2da8cc62e89e89b736535a5c3538b97d00916aec2d05d55b10
A2T-HK-20201231-hk_tech,temporal_t1_t2,A2,T,T1,draft,false,deepfineval_evidence_collector_v2,,,,not_applicable,draft,human_attestation_missing,已采集固定基线标的名单及全部 8 个标的的 forward close 原始响应快照；等待独立人工签核。,b7a6ebc4f86c26cdb5bd687ea8724657426e1822806224a551767492270977cf
A2T-HK-20210630-hk_bluechip,temporal_t1_t2,A2,T,T1,draft,false,deepfineval_evidence_collector_v2,,,,not_applicable,draft,human_attestation_missing,已采集固定基线标的名单及全部 12 个标的的 forward close 原始响应快照；等待独立人工签核。,bd2439a447582694bd9104ce27c85e50adbc39276732ef120d423725bf9a089c
A2T-HK-20210630-hk_tech,temporal_t1_t2,A2,T,T1,draft,false,deepfineval_evidence_collector_v2,,,,not_applicable,draft,human_attestation_missing,已采集固定基线标的名单及全部 10 个标的的 forward close 原始响应快照；等待独立人工签核。,5d6ad6c98b14f9f13edb328c22cebceb4b7e611c1fe5e32284e0c0071a357107
A2T-HK-20211231-hk_bluechip,temporal_t1_t2,A2,T,T1,draft,false,deepfineval_evidence_collector_v2,,,,not_applicable,draft,human_attestation_missing,已采集固定基线标的名单及全部 6 个标的的 forward close 原始响应快照；等待独立人工签核。,48a66511ae9c22530d3cba72f21d5d63c43e86aa69e8eed23ebed44042d31656
A2T-HK-20220331-hk_bluechip,temporal_t1_t2,A2,T,T1,draft,false,deepfineval_evidence_collector_v2,,,,not_applicable,draft,human_attestation_missing,已采集固定基线标的名单及全部 12 个标的的 forward close 原始响应快照；等待独立人工签核。,266f3304715a1f162f09c49000df0e6594753402bcd5bcc713ad5ff795af8872
A2T-HK-20220331-hk_tech,temporal_t1_t2,A2,T,T1,draft,false,deepfineval_evidence_collector_v2,,,,not_applicable,draft,human_attestation_missing,已采集固定基线标的名单及全部 11 个标的的 forward close 原始响应快照；等待独立人工签核。,975261b0c5b16c1f6950150c6d1e90d3903df5836eef251726423e956b894c54
A2T-HK-20221230-hk_bluechip,temporal_t1_t2,A2,T,T1,draft,false,deepfineval_evidence_collector_v2,,,,not_applicable,draft,human_attestation_missing,已采集固定基线标的名单及全部 12 个标的的 forward close 原始响应快照；等待独立人工签核。,1ed0d8b7e2357583d6b20efb1e3c72004fd0af483649a5c3df7bfd8d52dc8b92
A2T-HK-20221230-hk_tech,temporal_t1_t2,A2,T,T1,draft,false,deepfineval_evidence_collector_v2,,,,not_applicable,draft,human_attestation_missing,已采集固定基线标的名单及全部 12 个标的的 forward close 原始响应快照；等待独立人工签核。,63bfd8240a1e87e6e7dc0ee10a6c2383aed87060d31630e9bc16ecdf299591f7
A2T-HK-20230331-hk_bluechip,temporal_t1_t2,A2,T,T1,draft,false,deepfineval_evidence_collector_v2,,,,not_applicable,draft,human_attestation_missing,已采集固定基线标的名单及全部 12 个标的的 forward close 原始响应快照；等待独立人工签核。,a028b5b7c5a0e25fbebdcc42ab01702c4a19d19185f699a17ce1846d885912c5
A2T-HK-20230331-hk_tech,temporal_t1_t2,A2,T,T1,draft,false,deepfineval_evidence_collector_v2,,,,not_applicable,draft,human_attestation_missing,已采集固定基线标的名单及全部 12 个标的的 forward close 原始响应快照；等待独立人工签核。,f7f24bba576732c7a52d56a94c176035b697b5c5e0daa04818b500afc87eee3f
A2T-HK-20230630-hk_bluechip,temporal_t1_t2,A2,T,T1,draft,false,deepfineval_evidence_collector_v2,,,,not_applicable,draft,human_attestation_missing,已采集固定基线标的名单及全部 12 个标的的 forward close 原始响应快照；等待独立人工签核。,169acbdca4496cb15f5563ecc9f0a7b83adb7b994510240620d8b25a6f772c5f
A2T-HK-20230630-hk_tech,temporal_t1_t2,A2,T,T1,draft,false,deepfineval_evidence_collector_v2,,,,not_applicable,draft,human_attestation_missing,已采集固定基线标的名单及全部 12 个标的的 forward close 原始响应快照；等待独立人工签核。,d48781f1c8503bc9c8d945737135ad75f1d965b5ef6ab17af55634c98cd216fd
A2T-HK-20230929-hk_bluechip,temporal_t1_t2,A2,T,T1,draft,false,deepfineval_evidence_collector_v2,,,,not_applicable,draft,human_attestation_missing,已采集固定基线标的名单及全部 12 个标的的 forward close 原始响应快照；等待独立人工签核。,4ee753a01a2b94f530d02ebefb69526891782bde4fc3d06c68d5fe3234446566
A2T-HK-20230929-hk_tech,temporal_t1_t2,A2,T,T1,draft,false,deepfineval_evidence_collector_v2,,,,not_applicable,draft,human_attestation_missing,已采集固定基线标的名单及全部 12 个标的的 forward close 原始响应快照；等待独立人工签核。,67b1c619145891554ce88cac11bb478a98822e75811c61cedbfbd4cdf0539d1a
A2T-HK-20231229-hk_bluechip,temporal_t1_t2,A2,T,T1,draft,false,deepfineval_evidence_collector_v2,,,,not_applicable,draft,human_attestation_missing,已采集固定基线标的名单及全部 12 个标的的 forward close 原始响应快照；等待独立人工签核。,dcc37e292458c2f57d75c14aaf8aa596fd710b53d3ac692e532c81fa212c884d
A2T-HK-20231229-hk_tech,temporal_t1_t2,A2,T,T1,draft,false,deepfineval_evidence_collector_v2,,,,not_applicable,draft,human_attestation_missing,已采集固定基线标的名单及全部 12 个标的的 forward close 原始响应快照；等待独立人工签核。,6f2b29ac00952a6054627f9441dc8bbf8931a69bbd8d300229205f09fe113048
A2T-HK-20240329-hk_bluechip,temporal_t1_t2,A2,T,T1,draft,false,deepfineval_evidence_collector_v2,,,,not_applicable,draft,human_attestation_missing,已采集固定基线标的名单及全部 12 个标的的 forward close 原始响应快照；等待独立人工签核。,a1d31e0e5655d946df03442e695b2e96e0a4beea4cfb70080865bebb00258231
A2T-HK-20240329-hk_tech,temporal_t1_t2,A2,T,T1,draft,false,deepfineval_evidence_collector_v2,,,,not_applicable,draft,human_attestation_missing,已采集固定基线标的名单及全部 12 个标的的 forward close 原始响应快照；等待独立人工签核。,a7b3b4975dc92636242d555586b0424ce97f96b1e21aa813721d301f5e817241
A2T-HK-20241231-hk_bluechip,temporal_t1_t2,A2,T,T2,draft,false,deepfineval_evidence_collector_v2,,,,not_applicable,draft,human_attestation_missing,已采集固定基线标的名单及全部 12 个标的的 forward close 原始响应快照；等待独立人工签核。,67cf67a43df76cbfad689ba666a626286c4dc6de194f8092657f32146da81595
A2T-HK-20241231-hk_tech,temporal_t1_t2,A2,T,T2,draft,false,deepfineval_evidence_collector_v2,,,,not_applicable,draft,human_attestation_missing,已采集固定基线标的名单及全部 12 个标的的 forward close 原始响应快照；等待独立人工签核。,19dbd8944d4a2c5138f16ecfd4387e533c6213aa9cc1b3589f5db9b57a86e194
A2T-HK-20250331-hk_bluechip,temporal_t1_t2,A2,T,T2,draft,false,deepfineval_evidence_collector_v2,,,,not_applicable,draft,human_attestation_missing,已采集固定基线标的名单及全部 12 个标的的 forward close 原始响应快照；等待独立人工签核。,8ecec12c54c5cf89b26c1acfea7d2e68ba8d0ca5f193451b4c56e5f00723d8f8
A2T-HK-20250331-hk_tech,temporal_t1_t2,A2,T,T2,draft,false,deepfineval_evidence_collector_v2,,,,not_applicable,draft,human_attestation_missing,已采集固定基线标的名单及全部 12 个标的的 forward close 原始响应快照；等待独立人工签核。,c41668be09fcf53850b0c63c122bf4d68302b15c13a118e069ca5df2af68a58e
A2T-HK-20250606-hk_bluechip,temporal_t1_t2,A2,T,T2,draft,false,deepfineval_evidence_collector_v2,,,,not_applicable,draft,human_attestation_missing,已采集固定基线标的名单及全部 12 个标的的 forward close 原始响应快照；等待独立人工签核。,1a4321f6c2b97909859ee38b3035d05587645001451de605e52d92ef16209bd6
A2T-HK-20250606-hk_tech,temporal_t1_t2,A2,T,T2,draft,false,deepfineval_evidence_collector_v2,,,,not_applicable,draft,human_attestation_missing,已采集固定基线标的名单及全部 12 个标的的 forward close 原始响应快照；等待独立人工签核。,a640749862f52d6ebefc434f13efd7baf5c955dac2a201ff744109d68c727dfa
A2T-HK-20250930-hk_bluechip,temporal_t1_t2,A2,T,T2,draft,false,deepfineval_evidence_collector_v2,,,,not_applicable,draft,human_attestation_missing,已采集固定基线标的名单及全部 12 个标的的 forward close 原始响应快照；等待独立人工签核。,504b50c221512e7d0f1070818c7b7928e0de367e5d12459d194459f6304d6666
A2T-HK-20250930-hk_tech,temporal_t1_t2,A2,T,T2,draft,false,deepfineval_evidence_collector_v2,,,,not_applicable,draft,human_attestation_missing,已采集固定基线标的名单及全部 12 个标的的 forward close 原始响应快照；等待独立人工签核。,8db679b5481d7c84d873fdda5714f3754d017a9a566676cdb973c704770bf787
A2T-HK-20251231-hk_bluechip,temporal_t1_t2,A2,T,T2,draft,false,deepfineval_evidence_collector_v2,,,,not_applicable,draft,human_attestation_missing,已采集固定基线标的名单及全部 12 个标的的 forward close 原始响应快照；等待独立人工签核。,e482753c4acb50d8464860840c2906d7ac2a346dbebdfdae56ad9b9cc01a00e7
A2T-HK-20251231-hk_tech,temporal_t1_t2,A2,T,T2,draft,false,deepfineval_evidence_collector_v2,,,,not_applicable,draft,human_attestation_missing,已采集固定基线标的名单及全部 12 个标的的 forward close 原始响应快照；等待独立人工签核。,c8fe06f3a41649804a76b803f1f6f81b71c0b5e95b7a6eeaab9f0aa3d11bc6ca
A2T-HK-20260130-hk_bluechip,temporal_t1_t2,A2,T,T2,draft,false,deepfineval_evidence_collector_v2,,,,not_applicable,draft,human_attestation_missing,已采集固定基线标的名单及全部 12 个标的的 forward close 原始响应快照；等待独立人工签核。,0407504ead161e54fb1c34db8e55b4aff6c8475d28a2a06887fa602d43a55f80
A2T-HK-20260130-hk_tech,temporal_t1_t2,A2,T,T2,draft,false,deepfineval_evidence_collector_v2,,,,not_applicable,draft,human_attestation_missing,已采集固定基线标的名单及全部 12 个标的的 forward close 原始响应快照；等待独立人工签核。,20e3b50ef8d419673ac6732fde17c035502a50fea582d0c24e4d0ee9084736fb
A2T-HK-20260331-hk_bluechip,temporal_t1_t2,A2,T,T2,draft,false,deepfineval_evidence_collector_v2,,,,not_applicable,draft,human_attestation_missing,已采集固定基线标的名单及全部 12 个标的的 forward close 原始响应快照；等待独立人工签核。,9f58fddbc600eca5ee32b3d29780401c2bd591f5ded46bc990e61c6eb61195ba
A2T-HK-20260331-hk_tech,temporal_t1_t2,A2,T,T2,draft,false,deepfineval_evidence_collector_v2,,,,not_applicable,draft,human_attestation_missing,已采集固定基线标的名单及全部 12 个标的的 forward close 原始响应快照；等待独立人工签核。,3c256114334fa2ac371838d5b7cd98a1b119d007adc359618ca02b027ba75fee
A2T-HK-20260601-hk_bluechip,temporal_t1_t2,A2,T,T2,draft,false,deepfineval_evidence_collector_v2,,,,not_applicable,draft,human_attestation_missing,已采集固定基线标的名单及全部 12 个标的的 forward close 原始响应快照；等待独立人工签核。,f221133bb2f3b037a16178d4f3298bd21da44142f4d15ce8f056bf6765fc28bb
A2T-HK-20260601-hk_tech,temporal_t1_t2,A2,T,T2,draft,false,deepfineval_evidence_collector_v2,,,,not_applicable,draft,human_attestation_missing,已采集固定基线标的名单及全部 12 个标的的 forward close 原始响应快照；等待独立人工签核。,ca589813a8e342e3cffab1c5bdb398b040631df25517e75f619369ce68843a6c
A2T-US-20190628-us_mega,temporal_t1_t2,A2,T,T1,draft,false,deepfineval_evidence_collector_v2,,,,not_applicable,draft,human_attestation_missing,已采集固定基线标的名单及全部 12 个标的的 forward close 原始响应快照；等待独立人工签核。,1bf55b65edf13f0a6ee72e39ce975068c104aa8933a075e3a98715e289af7899
A2T-US-20190628-us_tech,temporal_t1_t2,A2,T,T1,draft,false,deepfineval_evidence_collector_v2,,,,not_applicable,draft,human_attestation_missing,已采集固定基线标的名单及全部 12 个标的的 forward close 原始响应快照；等待独立人工签核。,fc9ebd4629e51237bc5c7ddcdb1f2edadcb996c679afb11e510e45ef66d7120b
A2T-US-20191231-us_mega,temporal_t1_t2,A2,T,T1,draft,false,deepfineval_evidence_collector_v2,,,,not_applicable,draft,human_attestation_missing,已采集固定基线标的名单及全部 6 个标的的 forward close 原始响应快照；等待独立人工签核。,f337bb88f942f48adabc6b2ff8253a6c1cad3b75e260299f02f81d91c531fa27
A2T-US-20200331-us_mega,temporal_t1_t2,A2,T,T1,draft,false,deepfineval_evidence_collector_v2,,,,not_applicable,draft,human_attestation_missing,已采集固定基线标的名单及全部 12 个标的的 forward close 原始响应快照；等待独立人工签核。,5aa64635b3cc9c890cee61b4b2b93c5d4bf3d777cdaca6672f226d1b8f97f5f6
A2T-US-20200331-us_tech,temporal_t1_t2,A2,T,T1,draft,false,deepfineval_evidence_collector_v2,,,,not_applicable,draft,human_attestation_missing,已采集固定基线标的名单及全部 12 个标的的 forward close 原始响应快照；等待独立人工签核。,23cd2093e9dd3959c49d5a9439a249143061d6bd54df276f99b385c5adc9497d
A2T-US-20201231-us_mega,temporal_t1_t2,A2,T,T1,draft,false,deepfineval_evidence_collector_v2,,,,not_applicable,draft,human_attestation_missing,已采集固定基线标的名单及全部 12 个标的的 forward close 原始响应快照；等待独立人工签核。,bdf8be0e24539f342b64cd4131a16387fadd138f839885314faf289000606d12
A2T-US-20201231-us_tech,temporal_t1_t2,A2,T,T1,draft,false,deepfineval_evidence_collector_v2,,,,not_applicable,draft,human_attestation_missing,已采集固定基线标的名单及全部 12 个标的的 forward close 原始响应快照；等待独立人工签核。,41191bfd1cb8834ebcd9adb971706a25ac6ab63244476da3bfe05f3420355c18
A2T-US-20210630-us_mega,temporal_t1_t2,A2,T,T1,draft,false,deepfineval_evidence_collector_v2,,,,not_applicable,draft,human_attestation_missing,已采集固定基线标的名单及全部 12 个标的的 forward close 原始响应快照；等待独立人工签核。,92a7eda6e93acb726e9513f4b630a7dfa5f590acf4108ea0c80c5c592cdebc3d
A2T-US-20210630-us_tech,temporal_t1_t2,A2,T,T1,draft,false,deepfineval_evidence_collector_v2,,,,not_applicable,draft,human_attestation_missing,已采集固定基线标的名单及全部 12 个标的的 forward close 原始响应快照；等待独立人工签核。,f59949c7f7c182daef48982c39863326f3bd77e2c1456e709d4120d55ab79aa2
A2T-US-20211231-us_mega,temporal_t1_t2,A2,T,T1,draft,false,deepfineval_evidence_collector_v2,,,,not_applicable,draft,human_attestation_missing,已采集固定基线标的名单及全部 6 个标的的 forward close 原始响应快照；等待独立人工签核。,802936f2fda5036bc03dcb718a25bff9ca320444daeaffa89109d02a299d4333
A2T-US-20220331-us_mega,temporal_t1_t2,A2,T,T1,draft,false,deepfineval_evidence_collector_v2,,,,not_applicable,draft,human_attestation_missing,已采集固定基线标的名单及全部 12 个标的的 forward close 原始响应快照；等待独立人工签核。,83e33a3fd10ca115b5eea622b7a5c5ca47cd091c3024e2861d96a432bb6b5990
A2T-US-20220331-us_tech,temporal_t1_t2,A2,T,T1,draft,false,deepfineval_evidence_collector_v2,,,,not_applicable,draft,human_attestation_missing,已采集固定基线标的名单及全部 12 个标的的 forward close 原始响应快照；等待独立人工签核。,7025de04e03257b711cdb6fda1a820a1ea5b517637df4e557c116a443453547c
A2T-US-20221230-us_mega,temporal_t1_t2,A2,T,T1,draft,false,deepfineval_evidence_collector_v2,,,,not_applicable,draft,human_attestation_missing,已采集固定基线标的名单及全部 12 个标的的 forward close 原始响应快照；等待独立人工签核。,b8b698443fd685204228b75df1fc6d1535d776849823639b23b17edbcb271e0a
A2T-US-20221230-us_tech,temporal_t1_t2,A2,T,T1,draft,false,deepfineval_evidence_collector_v2,,,,not_applicable,draft,human_attestation_missing,已采集固定基线标的名单及全部 12 个标的的 forward close 原始响应快照；等待独立人工签核。,14adfd863970e22343a27dfa1a64b43fbabda0a303a614a578db2d46c34541c7
A2T-US-20230331-us_mega,temporal_t1_t2,A2,T,T1,draft,false,deepfineval_evidence_collector_v2,,,,not_applicable,draft,human_attestation_missing,已采集固定基线标的名单及全部 12 个标的的 forward close 原始响应快照；等待独立人工签核。,b8339320b19b27f4ad7a3a9e2345a40b6d6d7f4b77e8325f02be5bf5d64574b3
A2T-US-20230331-us_tech,temporal_t1_t2,A2,T,T1,draft,false,deepfineval_evidence_collector_v2,,,,not_applicable,draft,human_attestation_missing,已采集固定基线标的名单及全部 12 个标的的 forward close 原始响应快照；等待独立人工签核。,3e65d22db5efcd017965e10d9cdf4220d9945b6d0aeb9f714322186743b3f0db
A2T-US-20230630-us_mega,temporal_t1_t2,A2,T,T1,draft,false,deepfineval_evidence_collector_v2,,,,not_applicable,draft,human_attestation_missing,已采集固定基线标的名单及全部 12 个标的的 forward close 原始响应快照；等待独立人工签核。,8cf757b10e30b9c76f58c675b959d370c63640dc465976cefc89148b7a7289b0
A2T-US-20230630-us_tech,temporal_t1_t2,A2,T,T1,draft,false,deepfineval_evidence_collector_v2,,,,not_applicable,draft,human_attestation_missing,已采集固定基线标的名单及全部 12 个标的的 forward close 原始响应快照；等待独立人工签核。,2ab16767d438534fdf932de107715e97645c94973829f43f0d62390618554bc9
A2T-US-20230929-us_mega,temporal_t1_t2,A2,T,T1,draft,false,deepfineval_evidence_collector_v2,,,,not_applicable,draft,human_attestation_missing,已采集固定基线标的名单及全部 12 个标的的 forward close 原始响应快照；等待独立人工签核。,ad63ec8d945bb81b3c2695e7b192957ca9e1110f789a7d332a9b1145722f389a
A2T-US-20230929-us_tech,temporal_t1_t2,A2,T,T1,draft,false,deepfineval_evidence_collector_v2,,,,not_applicable,draft,human_attestation_missing,已采集固定基线标的名单及全部 12 个标的的 forward close 原始响应快照；等待独立人工签核。,fd814cc6e44309037c6522d331d6b2877cf6d836d4f1127749fe48853cbd3a07
A2T-US-20231229-us_mega,temporal_t1_t2,A2,T,T1,draft,false,deepfineval_evidence_collector_v2,,,,not_applicable,draft,human_attestation_missing,已采集固定基线标的名单及全部 12 个标的的 forward close 原始响应快照；等待独立人工签核。,f25e4bcc13d6aceaf0e118974515f82b65e75f8e1b7c9ed486e69b59c93e93b6
A2T-US-20231229-us_tech,temporal_t1_t2,A2,T,T1,draft,false,deepfineval_evidence_collector_v2,,,,not_applicable,draft,human_attestation_missing,已采集固定基线标的名单及全部 12 个标的的 forward close 原始响应快照；等待独立人工签核。,c27d58355e748ef2dcac6f65ca906175b5edf5635ab13ce6e8af834eee5225a3
A2T-US-20240329-us_mega,temporal_t1_t2,A2,T,T1,draft,false,deepfineval_evidence_collector_v2,,,,not_applicable,draft,human_attestation_missing,已采集固定基线标的名单及全部 12 个标的的 forward close 原始响应快照；等待独立人工签核。,73d3fdb7f9be5d0e525c637ab744ba2a4f7df1d558b1f70436853321c0b3d2f8
A2T-US-20240329-us_tech,temporal_t1_t2,A2,T,T1,draft,false,deepfineval_evidence_collector_v2,,,,not_applicable,draft,human_attestation_missing,已采集固定基线标的名单及全部 12 个标的的 forward close 原始响应快照；等待独立人工签核。,55862c3827e9487cf925a406ae962896332ff6ce4ebcc4880bf190785e64a815
A2T-US-20241231-us_mega,temporal_t1_t2,A2,T,T2,draft,false,deepfineval_evidence_collector_v2,,,,not_applicable,draft,human_attestation_missing,已采集固定基线标的名单及全部 12 个标的的 forward close 原始响应快照；等待独立人工签核。,c2011b8223ec3e375dc1fa49c2e1be77fd2df0919d5b230eae1a257ca0cf2d87
A2T-US-20241231-us_tech,temporal_t1_t2,A2,T,T2,draft,false,deepfineval_evidence_collector_v2,,,,not_applicable,draft,human_attestation_missing,已采集固定基线标的名单及全部 12 个标的的 forward close 原始响应快照；等待独立人工签核。,9186a355a09e0a587b0b831b9f24a253995584eeda0d3ea3b5a65fa819de4ad8
A2T-US-20250331-us_mega,temporal_t1_t2,A2,T,T2,draft,false,deepfineval_evidence_collector_v2,,,,not_applicable,draft,human_attestation_missing,已采集固定基线标的名单及全部 12 个标的的 forward close 原始响应快照；等待独立人工签核。,1a6cbee96baccbb318cc7e33211dbd7064ca439cdb5c567eabeb09d756ab7831
A2T-US-20250331-us_tech,temporal_t1_t2,A2,T,T2,draft,false,deepfineval_evidence_collector_v2,,,,not_applicable,draft,human_attestation_missing,已采集固定基线标的名单及全部 12 个标的的 forward close 原始响应快照；等待独立人工签核。,c841d48c2e96f1ee90fad27c330dbf5f695332515c67ab394c471dfbd54fcff0
A2T-US-20250606-us_mega,temporal_t1_t2,A2,T,T2,draft,false,deepfineval_evidence_collector_v2,,,,not_applicable,draft,human_attestation_missing,已采集固定基线标的名单及全部 12 个标的的 forward close 原始响应快照；等待独立人工签核。,35a2e692cab34d8a32f0448442dbc3f5c9c2882d310a4ba6d4f6a354cc7ed9e4
A2T-US-20250606-us_tech,temporal_t1_t2,A2,T,T2,draft,false,deepfineval_evidence_collector_v2,,,,not_applicable,draft,human_attestation_missing,已采集固定基线标的名单及全部 12 个标的的 forward close 原始响应快照；等待独立人工签核。,aa9e254037266202c8f12f666bb3b704f0648c22196bc7394a61b55bd3221687
A2T-US-20250930-us_mega,temporal_t1_t2,A2,T,T2,draft,false,deepfineval_evidence_collector_v2,,,,not_applicable,draft,human_attestation_missing,已采集固定基线标的名单及全部 12 个标的的 forward close 原始响应快照；等待独立人工签核。,9f9324f223fef0dafd282c99939834d6a224a2be692ca7af4fb57026a26ad29f
A2T-US-20250930-us_tech,temporal_t1_t2,A2,T,T2,draft,false,deepfineval_evidence_collector_v2,,,,not_applicable,draft,human_attestation_missing,已采集固定基线标的名单及全部 12 个标的的 forward close 原始响应快照；等待独立人工签核。,6eb9b4bb78bf16e5e4b3dc2d16037d1373db536092a9745f6e6f08d6d134e174
A2T-US-20251231-us_mega,temporal_t1_t2,A2,T,T2,draft,false,deepfineval_evidence_collector_v2,,,,not_applicable,draft,human_attestation_missing,已采集固定基线标的名单及全部 12 个标的的 forward close 原始响应快照；等待独立人工签核。,a1876676e07241eb93f451beb84ae32ba6dc67b8f5ac86b98dcfeb4a0c8a4e1b
A2T-US-20251231-us_tech,temporal_t1_t2,A2,T,T2,draft,false,deepfineval_evidence_collector_v2,,,,not_applicable,draft,human_attestation_missing,已采集固定基线标的名单及全部 12 个标的的 forward close 原始响应快照；等待独立人工签核。,47e5d0f2583e35b6d6ff9e30e2f438612e77cec3d07a484f26f1abab3fb9e5a0
A2T-US-20260130-us_mega,temporal_t1_t2,A2,T,T2,draft,false,deepfineval_evidence_collector_v2,,,,not_applicable,draft,human_attestation_missing,已采集固定基线标的名单及全部 12 个标的的 forward close 原始响应快照；等待独立人工签核。,5e1036bc3ecf3a7f23d2277d3f92e6987600348938d68853bf2e41976b521562
A2T-US-20260130-us_tech,temporal_t1_t2,A2,T,T2,draft,false,deepfineval_evidence_collector_v2,,,,not_applicable,draft,human_attestation_missing,已采集固定基线标的名单及全部 12 个标的的 forward close 原始响应快照；等待独立人工签核。,137e92d5683218635cffc23f75ad442faf3c591b479f61e6ab7d963df00631fc
A2T-US-20260331-us_mega,temporal_t1_t2,A2,T,T2,draft,false,deepfineval_evidence_collector_v2,,,,not_applicable,draft,human_attestation_missing,已采集固定基线标的名单及全部 12 个标的的 forward close 原始响应快照；等待独立人工签核。,afd04c4f581b913d6aa473eba5cd7caafaf633d7920abdb6f4a42340fbeb6b3b
A2T-US-20260331-us_tech,temporal_t1_t2,A2,T,T2,draft,false,deepfineval_evidence_collector_v2,,,,not_applicable,draft,human_attestation_missing,已采集固定基线标的名单及全部 12 个标的的 forward close 原始响应快照；等待独立人工签核。,389f2a6a8368cf1855d8f7de0db0ed95aa353b40b400ef5f9118d39d8c9e7981
A2T-US-20260601-us_mega,temporal_t1_t2,A2,T,T2,draft,false,deepfineval_evidence_collector_v2,,,,not_applicable,draft,human_attestation_missing,已采集固定基线标的名单及全部 12 个标的的 forward close 原始响应快照；等待独立人工签核。,06114087f0e7a395e1b7f432c9fba1c0e7dac59948abc277ff0cb0ee1f6ea346
A2T-US-20260601-us_tech,temporal_t1_t2,A2,T,T2,draft,false,deepfineval_evidence_collector_v2,,,,not_applicable,draft,human_attestation_missing,已采集固定基线标的名单及全部 12 个标的的 forward close 原始响应快照；等待独立人工签核。,f94a9f7da11f731358d21d0fab8cecc4c32b11ff6c3a07b46ef8564689942f10
B-EARN-00001,both,B,earnings,T2,draft,false,deepfineval_evidence_collector_v2,,,,draft,draft,human_attestation_missing,已采集 earnings 第一方公告及 reaction close 快照；等待独立人工签核。,ca716daa1574d0c28cfcf296262126f4643a3cb8b23af57cca6e96cf5e9a4070
B-EARN-00002,both,B,earnings,T2,draft,false,deepfineval_evidence_collector_v2,,,,draft,draft,human_attestation_missing,已采集 earnings 第一方公告及 reaction close 快照；等待独立人工签核。,46a807820c5776f45a47f0d69e615fc67f5beadc1599546caebaffc866ccca81
B-EARN-00003,both,B,earnings,T2,draft,false,deepfineval_evidence_collector_v2,,,,draft,draft,human_attestation_missing,已采集 earnings 第一方公告及 reaction close 快照；等待独立人工签核。,fa806320f5db48d1eebd62727b295cdabb85541927fccfa82fee7fc118038c6e
B-EARN-00004,both,B,earnings,T2,draft,false,deepfineval_evidence_collector_v2,,,,draft,draft,human_attestation_missing,已采集 earnings 第一方公告及 reaction close 快照；等待独立人工签核。,48edfd629029183315211e833011915427deb472a5f000325e4aa71ac690c1df
B-EARN-00005,both,B,earnings,T2,draft,false,deepfineval_evidence_collector_v2,,,,draft,draft,human_attestation_missing,已采集 earnings 第一方公告及 reaction close 快照；等待独立人工签核。,e0dd3aeb838056e15d9372b7b37fd303e4070ab3974d13b5a53a6c0fb3e626d7
B-EARN-CN_A-20231019-300750,both,B,earnings,T1,draft,false,deepfineval_evidence_collector_v2,,,,draft,draft,human_attestation_missing,已采集 earnings 第一方公告及 reaction close 快照；等待独立人工签核。,f405630314036717fa2b67fcb3bd1fde714b6f64ac1d9d2d37e040941d4d079c
B-EARN-CN_A-20231020-600519,both,B,earnings,T1,draft,false,deepfineval_evidence_collector_v2,,,,draft,draft,human_attestation_missing,已采集 earnings 第一方公告及 reaction close 快照；等待独立人工签核。,48734fb103a25aca89d96aacc01c37640beb1c501b9cad14161ffed841eb7cc5
B-EARN-CN_A-20231025-600276,both,B,earnings,T1,draft,false,deepfineval_evidence_collector_v2,,,,draft,draft,human_attestation_missing,已采集 earnings 第一方公告及 reaction close 快照；等待独立人工签核。,cf0185b7bd51424431076ad9bd7e011dce698b1fed6f271089c0a4a43ee1bb12
B-EARN-CN_A-20231027-000858,both,B,earnings,T1,draft,false,deepfineval_evidence_collector_v2,,,,draft,draft,human_attestation_missing,已采集 earnings 第一方公告及 reaction close 快照；等待独立人工签核。,835987a8c92aff7fb063bc21c9587b6851a52b4dffda1b471bc4947cc176970b
B-EARN-CN_A-20231028-601318,both,B,earnings,T1,draft,false,deepfineval_evidence_collector_v2,,,,draft,draft,human_attestation_missing,已采集 earnings 第一方公告及 reaction close 快照；等待独立人工签核。,fef281e02d3777dcd4247f731ffaf90a9052ed94a44c0f9e8d2cb090543a9212
B-EARN-CN_A-20231028-601398,both,B,earnings,T1,draft,false,deepfineval_evidence_collector_v2,,,,draft,draft,human_attestation_missing,已采集 earnings 第一方公告及 reaction close 快照；等待独立人工签核。,c0aa82e220991ce1cd4d3c126bf9daf1aba225e44c88b6d8be6a88db7df2eef2
B-EARN-CN_A-20231030-000333,both,B,earnings,T1,draft,false,deepfineval_evidence_collector_v2,,,,draft,draft,human_attestation_missing,已采集 earnings 第一方公告及 reaction close 快照；等待独立人工签核。,76ea16a9cb2361c074679ebedab92b2480e3169cb945d9667ecebd9a9eb36c9a
B-EARN-CN_A-20231030-002594,both,B,earnings,T1,draft,false,deepfineval_evidence_collector_v2,,,,draft,draft,human_attestation_missing,已采集 earnings 第一方公告及 reaction close 快照；等待独立人工签核。,74fbb12ebc9fe6744168f3b442daf84df7850d4b54bedcde0f431c2bcc8f597c
B-EARN-CN_A-20240119-600036,both,B,earnings,T1,draft,false,deepfineval_evidence_collector_v2,,,,draft,draft,human_attestation_missing,已采集 earnings 第一方公告及 reaction close 快照；等待独立人工签核。,a9e5c09665c3f23e903ac5ee5642da2b6d6b1198bfa53457e49a17430c09b245
B-EARN-CN_A-20240808-600519,both,B,earnings,T2,draft,false,deepfineval_evidence_collector_v2,,,,draft,draft,human_attestation_missing,已采集 earnings 第一方公告及 reaction close 快照；等待独立人工签核。,bc8d931449fd65e3c3e828224571d9611b1f0339859051ad1248946cd3c1e19b
B-EARN-CN_A-20240819-000333,both,B,earnings,T2,draft,false,deepfineval_evidence_collector_v2,,,,draft,draft,human_attestation_missing,已采集 earnings 第一方公告及 reaction close 快照；等待独立人工签核。,2b78ddae05e3823b909d57de8ab12cb53390c8978c2eeae1ccaec20b9d717547
B-EARN-CN_A-20240821-600276,both,B,earnings,T2,draft,false,deepfineval_evidence_collector_v2,,,,draft,draft,human_attestation_missing,已采集 earnings 第一方公告及 reaction close 快照；等待独立人工签核。,c8b410a0b21b32ae4d4987622bcf4d7c40d2e95c028715a3a58d710ba724169b
B-EARN-CN_A-20240822-601318,both,B,earnings,T2,draft,false,deepfineval_evidence_collector_v2,,,,draft,draft,human_attestation_missing,已采集 earnings 第一方公告及 reaction close 快照；等待独立人工签核。,3498498c71110dbf874602e3f4be04bfdd87388c751195c5d319927e0879a908
B-EARN-CN_A-20240828-000858,both,B,earnings,T2,draft,false,deepfineval_evidence_collector_v2,,,,draft,draft,human_attestation_missing,已采集 earnings 第一方公告及 reaction close 快照；等待独立人工签核。,7c6b77d0b5c647d88d78e3437b2a3b46b665135182dd29e247789e94050509f5
B-EARN-CN_A-20240828-002594,both,B,earnings,T2,draft,false,deepfineval_evidence_collector_v2,,,,draft,draft,human_attestation_missing,已采集 earnings 第一方公告及 reaction close 快照；等待独立人工签核。,620ce6be29928447d8891270fb050c2686bfc38ae2784ae07378bf66ab1405d8
B-EARN-CN_A-20240829-600036,both,B,earnings,T2,draft,false,deepfineval_evidence_collector_v2,,,,draft,draft,human_attestation_missing,已采集 earnings 第一方公告及 reaction close 快照；等待独立人工签核。,5ebef60d60d4c2ef40a7797c52395674d20ac1846b0a591cd0f087e00ee5a737
B-EARN-CN_A-20240830-601398,both,B,earnings,T2,draft,false,deepfineval_evidence_collector_v2,,,,draft,draft,human_attestation_missing,已采集 earnings 第一方公告及 reaction close 快照；等待独立人工签核。,5c3c0e98c9dded2124cec2c9590e6f3631b1290b2f7ed33652549ea43d5ffd26
B-EARN-CN_A-20250414-300750,both,B,earnings,T2,draft,false,deepfineval_evidence_collector_v2,,,,draft,draft,human_attestation_missing,已采集 earnings 第一方公告及 reaction close 快照；等待独立人工签核。,57a19cef85ba32e6dde2aca1aeec532ed60dc4002bcc829fcb5fa9ff3c955b35
B-EARN-CN_A-20250424-600276,both,B,earnings,T2,draft,false,deepfineval_evidence_collector_v2,,,,draft,draft,human_attestation_missing,已采集 earnings 第一方公告及 reaction close 快照；等待独立人工签核。,755ced7496cd2a8cd187b2d855615cf7a62b8388882915c371689cd48d749847
B-EARN-CN_A-20250425-000858,both,B,earnings,T2,draft,false,deepfineval_evidence_collector_v2,,,,draft,draft,human_attestation_missing,已采集 earnings 第一方公告及 reaction close 快照；等待独立人工签核。,5fa56dc5e257d63591420f31760832bdc3507494b92e9aaa29054c179b22f3a8
B-EARN-CN_A-20250425-002594,both,B,earnings,T2,draft,false,deepfineval_evidence_collector_v2,,,,draft,draft,human_attestation_missing,已采集 earnings 第一方公告及 reaction close 快照；等待独立人工签核。,bd518d81fdbb911a285558d09e8f00badfb462d3ba0cb2854aa3241ef4814fa8
B-EARN-CN_A-20250429-000333,both,B,earnings,T2,draft,false,deepfineval_evidence_collector_v2,,,,draft,draft,human_attestation_missing,已采集 earnings 第一方公告及 reaction close 快照；等待独立人工签核。,5b4503fc3cd1c37537d3f9320238f2971dcf0f92e3b62f9541df5f4cf1028bbc
B-EARN-CN_A-20250429-600036,both,B,earnings,T2,draft,false,deepfineval_evidence_collector_v2,,,,draft,draft,human_attestation_missing,已采集 earnings 第一方公告及 reaction close 快照；等待独立人工签核。,404f0c6214ef4e6b4147efdf26354d3b6fac4b7cd5b2fd8cddc54a42af492b56
B-EARN-CN_A-20250429-600519,both,B,earnings,T2,draft,false,deepfineval_evidence_collector_v2,,,,draft,draft,human_attestation_missing,已采集 earnings 第一方公告及 reaction close 快照；等待独立人工签核。,5bfae214aadf0c73138680a1d90833486ea6ff084ce1d857315f86f5fcdf138f
B-EARN-CN_A-20250429-601398,both,B,earnings,T2,draft,false,deepfineval_evidence_collector_v2,,,,draft,draft,human_attestation_missing,已采集 earnings 第一方公告及 reaction close 快照；等待独立人工签核。,9104e86f9a12751dbd49f21ef030ac71fcc5470de793d2f7c1a98189750de43a
B-EARN-CN_A-20260123-600036,both,B,earnings,T2,draft,false,deepfineval_evidence_collector_v2,,,,draft,draft,human_attestation_missing,已采集 earnings 第一方公告及 reaction close 快照；等待独立人工签核。,3b199798493327e241a3484fefe41eff282c1bb1272564c29c827185ef0b1628
B-EARN-CN_A-20260309-300750,both,B,earnings,T2,draft,false,deepfineval_evidence_collector_v2,,,,draft,draft,human_attestation_missing,已采集 earnings 第一方公告及 reaction close 快照；等待独立人工签核。,da6ade67533b767ee1dc5b252bc6d6654a87bde96ea7b3012b76f0c393478253
B-EARN-CN_A-20260325-600276,both,B,earnings,T2,draft,false,deepfineval_evidence_collector_v2,,,,draft,draft,human_attestation_missing,已采集 earnings 第一方公告及 reaction close 快照；等待独立人工签核。,22ebc0db9689f873631c61a4600bf134de6be589aae2b4e059b4d4603c4c8894
B-EARN-CN_A-20260327-002594,both,B,earnings,T2,draft,false,deepfineval_evidence_collector_v2,,,,draft,draft,human_attestation_missing,已采集 earnings 第一方公告及 reaction close 快照；等待独立人工签核。,fcecbb0afbba602e97565bbe6856e7d65bad7acce87b685f3fe640d427c2b0b8
B-EARN-CN_A-20260327-601398,both,B,earnings,T2,draft,false,deepfineval_evidence_collector_v2,,,,draft,draft,human_attestation_missing,已采集 earnings 第一方公告及 reaction close 快照；等待独立人工签核。,3cacec214fee9214f10588c885d3cc2a47455e7ae6f3dfff30dd2abce96c58a4
B-EARN-CN_A-20260330-000333,both,B,earnings,T2,draft,false,deepfineval_evidence_collector_v2,,,,draft,draft,human_attestation_missing,已采集 earnings 第一方公告及 reaction close 快照；等待独立人工签核。,86d8ff27aa238a830795c721474950012ad2d2a881c1503935da10464ebece3d
B-EARN-CN_A-20260416-600519,both,B,earnings,T2,draft,false,deepfineval_evidence_collector_v2,,,,draft,draft,human_attestation_missing,已采集 earnings 第一方公告及 reaction close 快照；等待独立人工签核。,0cddab7aa08b54c8caff6c2d38247835f4f18bb9a2d82ec7eb3d52ec759d2c01
B-EARN-CN_A-20260430-000858,both,B,earnings,T2,draft,false,deepfineval_evidence_collector_v2,,,,draft,draft,human_attestation_missing,已采集 earnings 第一方公告及 reaction close 快照；等待独立人工签核。,8b75519b5f277b66b24ee16ec0db2cbd4eee7e3e80a4a07aaafc109693a34a77
B-EARN-HK-20220518-0700,both,B,earnings,T1,draft,false,deepfineval_evidence_collector_v2,,,,draft,draft,human_attestation_missing,已采集 earnings 第一方公告及 reaction close 快照；等待独立人工签核。,e8a712b08d54158e81b150ebf22297f5f1e9546dbf1dce2363ba37902e8ffff8
B-EARN-HK-20220526-9988,both,B,earnings,T1,draft,false,deepfineval_evidence_collector_v2,,,,draft,draft,human_attestation_missing,已采集 earnings 第一方公告及 reaction close 快照；等待独立人工签核。,a9709096ee0e7289d74c031a19f60a866b3e86e55a0829b00ea6a56ba700f5fd
B-EARN-HK-20220801-0005,both,B,earnings,T1,draft,false,deepfineval_evidence_collector_v2,,,,draft,draft,human_attestation_missing,已采集 earnings 第一方公告及 reaction close 快照；等待独立人工签核。,9230e28a17d38ea8f6016eb7c137872f78c9e3afd7d2bc02f0159f5281bc8f21
B-EARN-HK-20221116-0700,both,B,earnings,T1,draft,false,deepfineval_evidence_collector_v2,,,,draft,draft,human_attestation_missing,已采集 earnings 第一方公告及 reaction close 快照；等待独立人工签核。,79d4fb3c19f3ad70f17006cc859fc1d2116264984d932690560433f9a87a3aa2
B-EARN-HK-20221117-9988,both,B,earnings,T1,draft,false,deepfineval_evidence_collector_v2,,,,draft,draft,human_attestation_missing,已采集 earnings 第一方公告及 reaction close 快照；等待独立人工签核。,4b8c2a75d9eb8ce96008f72a950283d31fe0b59a304084c335ad3b53740db9f6
B-EARN-HK-20230220-0005,both,B,earnings,T1,draft,false,deepfineval_evidence_collector_v2,,,,draft,draft,human_attestation_missing,已采集 earnings 第一方公告及 reaction close 快照；等待独立人工签核。,b0ca0c4a3d856f62e5c2089d086e7de48747e41e24e290d16646923c0776dcd1
B-EARN-HK-20230223-9988,both,B,earnings,T1,draft,false,deepfineval_evidence_collector_v2,,,,draft,draft,human_attestation_missing,已采集 earnings 第一方公告及 reaction close 快照；等待独立人工签核。,db640be56c1cae4c57e955880709d6294e0581671dffc7ddfd6b9b45064a9efa
B-EARN-HK-20230322-0700,both,B,earnings,T1,draft,false,deepfineval_evidence_collector_v2,,,,draft,draft,human_attestation_missing,已采集 earnings 第一方公告及 reaction close 快照；等待独立人工签核。,cb9d8bba5f88348ebefdf64618bfda293c7459a8acb17e4650b8f40673e1d021
B-EARN-HK-20230502-0005,both,B,earnings,T1,draft,false,deepfineval_evidence_collector_v2,,,,draft,draft,human_attestation_missing,已采集 earnings 第一方公告及 reaction close 快照；等待独立人工签核。,63f1ac0e07b2b638da37e47eb267f6e5c853333bdb1d560d2415b2de248c9692
B-EARN-HK-20230517-0700,both,B,earnings,T1,draft,false,deepfineval_evidence_collector_v2,,,,draft,draft,human_attestation_missing,已采集 earnings 第一方公告及 reaction close 快照；等待独立人工签核。,4afc0d17fb6bdf37f51994053f8a9c23cf960baa92efabd87708a95589ba8839
B-EARN-HK-20230801-0005,both,B,earnings,T1,draft,false,deepfineval_evidence_collector_v2,,,,draft,draft,human_attestation_missing,已采集 earnings 第一方公告及 reaction close 快照；等待独立人工签核。,758bb9e0e67ec8974642961a580c1d1c91530b7e46c897e9242a16821689dd07
B-EARN-HK-20230810-9988,both,B,earnings,T1,draft,false,deepfineval_evidence_collector_v2,,,,draft,draft,human_attestation_missing,已采集 earnings 第一方公告及 reaction close 快照；等待独立人工签核。,6276073e165590b1e5597d5618b6e663ca09ea49856e9a84d21caa5b9996544c
B-EARN-HK-20230816-0700,both,B,earnings,T1,draft,false,deepfineval_evidence_collector_v2,,,,draft,draft,human_attestation_missing,已采集 earnings 第一方公告及 reaction close 快照；等待独立人工签核。,3a19ff994cec24870873b6172a9af687ce94ee7a41a1210f2231599d24fb956a
B-EARN-HK-20231030-0005,both,B,earnings,T1,draft,false,deepfineval_evidence_collector_v2,,,,draft,draft,human_attestation_missing,已采集 earnings 第一方公告及 reaction close 快照；等待独立人工签核。,8d8134dc93cd3f77224b4a0e3176835b62f321ab83b4b74a0fdf8c9c62bd42e6
B-EARN-HK-20231115-0700,both,B,earnings,T1,draft,false,deepfineval_evidence_collector_v2,,,,draft,draft,human_attestation_missing,已采集 earnings 第一方公告及 reaction close 快照；等待独立人工签核。,8dcdb5ec7341504673aa92ad5d26ee6e184026e2940c72e007c10cd684870fee
B-EARN-HK-20231116-9988,both,B,earnings,T1,draft,false,deepfineval_evidence_collector_v2,,,,draft,draft,human_attestation_missing,已采集 earnings 第一方公告及 reaction close 快照；等待独立人工签核。,4567420cf24d3f0d2c4c33cab857245e7bff930bd3e90fb418cd1b98a1d7f56d
B-EARN-HK-20240207-9988,both,B,earnings,T1,draft,false,deepfineval_evidence_collector_v2,,,,draft,draft,human_attestation_missing,已采集 earnings 第一方公告及 reaction close 快照；等待独立人工签核。,8022444160a52b6171285898ce1dd1ead7da16a6c36f078184c54aeb1d6acd4c
B-EARN-HK-20240221-0005,both,B,earnings,T1,draft,false,deepfineval_evidence_collector_v2,,,,draft,draft,human_attestation_missing,已采集 earnings 第一方公告及 reaction close 快照；等待独立人工签核。,4b96c083b6a8a122429290623bc3eb758065a94eeb7318cc7f5d403b5a0af48d
B-EARN-HK-20240320-0700,both,B,earnings,T1,draft,false,deepfineval_evidence_collector_v2,,,,draft,draft,human_attestation_missing,已采集 earnings 第一方公告及 reaction close 快照；等待独立人工签核。,374c71d54453cc5bc268ac717cc50a59879afd6601442ab3caa5ed955a31dadc
B-EARN-HK-20240430-0005,both,B,earnings,T1,draft,false,deepfineval_evidence_collector_v2,,,,draft,draft,human_attestation_missing,已采集 earnings 第一方公告及 reaction close 快照；等待独立人工签核。,d5f60b4189d73b604511fa7b4a61101f5c73f65f6f0aea068c70911e324ded66
B-EARN-HK-20240514-0700,both,B,earnings,T1,draft,false,deepfineval_evidence_collector_v2,,,,draft,draft,human_attestation_missing,已采集 earnings 第一方公告及 reaction close 快照；等待独立人工签核。,9db65771277f18a6ef3957f1a5942a63128242c41b1bc202d40668eef926155e
B-EARN-HK-20240514-9988,both,B,earnings,T1,draft,false,deepfineval_evidence_collector_v2,,,,draft,draft,human_attestation_missing,已采集 earnings 第一方公告及 reaction close 快照；等待独立人工签核。,d1e86503938b51676b222f08a238cd3f30727921dfd5ad41259d111440e85c71
B-EARN-HK-20240731-0005,both,B,earnings,T2,draft,false,deepfineval_evidence_collector_v2,,,,draft,draft,human_attestation_missing,已采集 earnings 第一方公告及 reaction close 快照；等待独立人工签核。,579a5fc7d94bd60ef5798d88b7cb363f638e075150f210e94a01a20711f34b33
B-EARN-HK-20240814-0700,both,B,earnings,T2,draft,false,deepfineval_evidence_collector_v2,,,,draft,draft,human_attestation_missing,已采集 earnings 第一方公告及 reaction close 快照；等待独立人工签核。,2afe396eabb4dca149371f35c0fb60247e34b9698addb5dddceffb8ae8a95036
B-EARN-HK-20240815-9988,both,B,earnings,T2,draft,false,deepfineval_evidence_collector_v2,,,,draft,draft,human_attestation_missing,已采集 earnings 第一方公告及 reaction close 快照；等待独立人工签核。,5a896857c07103fc5fb44a130fec8e32383b5d7e000496cb1e45ef324739f3e5
B-EARN-HK-20241029-0005,both,B,earnings,T2,draft,false,deepfineval_evidence_collector_v2,,,,draft,draft,human_attestation_missing,已采集 earnings 第一方公告及 reaction close 快照；等待独立人工签核。,f33b28207f1af494846e9c6e0c49d27c64384335b1c12c5e6e6d87b5f68c8b73
B-EARN-HK-20241113-0700,both,B,earnings,T2,draft,false,deepfineval_evidence_collector_v2,,,,draft,draft,human_attestation_missing,已采集 earnings 第一方公告及 reaction close 快照；等待独立人工签核。,77b93983677b43bd0622381328e9909c0d1475d5b5dbccb567a968b790992533
B-EARN-HK-20241115-9988,both,B,earnings,T2,draft,false,deepfineval_evidence_collector_v2,,,,draft,draft,human_attestation_missing,已采集 earnings 第一方公告及 reaction close 快照；等待独立人工签核。,8d214259fd213e5475508c8c516f48b37c42aea28cc018538ac9110047bc398d
B-EARN-HK-20250218-0005,both,B,earnings,T2,draft,false,deepfineval_evidence_collector_v2,,,,draft,draft,human_attestation_missing,已采集 earnings 第一方公告及 reaction close 快照；等待独立人工签核。,42bc245af23fdba5bb49318e34faa30c0e4960cf98dfcd0427c387c02e47d56f
B-EARN-HK-20250220-9988,both,B,earnings,T2,draft,false,deepfineval_evidence_collector_v2,,,,draft,draft,human_attestation_missing,已采集 earnings 第一方公告及 reaction close 快照；等待独立人工签核。,f9736824f886b86b70244bc22c02e807e2cf9f585834b77b885f58aed91db468
B-EARN-HK-20250319-0700,both,B,earnings,T2,draft,false,deepfineval_evidence_collector_v2,,,,draft,draft,human_attestation_missing,已采集 earnings 第一方公告及 reaction close 快照；等待独立人工签核。,d76a4a00ed15b48ca42abbb9f3e8a1d4db628cb770c51c815698961c003be466
B-EARN-HK-20250429-0005,both,B,earnings,T2,draft,false,deepfineval_evidence_collector_v2,,,,draft,draft,human_attestation_missing,已采集 earnings 第一方公告及 reaction close 快照；等待独立人工签核。,417957c8b57327b3b2dd6ed5769e4672172ac171f8a73243bdb250c557b5d0f8
B-EARN-HK-20250514-0700,both,B,earnings,T2,draft,false,deepfineval_evidence_collector_v2,,,,draft,draft,human_attestation_missing,已采集 earnings 第一方公告及 reaction close 快照；等待独立人工签核。,ae531d593c5aa598991f9d3dfd8d27ddb99257f616b57c744cfd6cc1cae7d16b
B-EARN-HK-20250515-9988,both,B,earnings,T2,draft,false,deepfineval_evidence_collector_v2,,,,draft,draft,human_attestation_missing,已采集 earnings 第一方公告及 reaction close 快照；等待独立人工签核。,7af0aae2e688212e7dc19d74f96249bffc465f5c7074e3934dc0518203d0e16b
B-EARN-HK-20250730-0005,both,B,earnings,T2,draft,false,deepfineval_evidence_collector_v2,,,,draft,draft,human_attestation_missing,已采集 earnings 第一方公告及 reaction close 快照；等待独立人工签核。,5375eed2962ee29522716715b643f9a65c6fbd0cdc93086cbadbf34c514ddf2c
B-EARN-HK-20250813-0700,both,B,earnings,T2,draft,false,deepfineval_evidence_collector_v2,,,,draft,draft,human_attestation_missing,已采集 earnings 第一方公告及 reaction close 快照；等待独立人工签核。,831ce563e57efdc196b9ff8d3c2665d45280952e22dfb8d90d42364748785680
B-EARN-HK-20250829-9988,both,B,earnings,T2,draft,false,deepfineval_evidence_collector_v2,,,,draft,draft,human_attestation_missing,已采集 earnings 第一方公告及 reaction close 快照；等待独立人工签核。,c5efa146d550411d5b6030893a6de02ba0497de76cd309a9874329f98aabff5d
B-EARN-HK-20251028-0005,both,B,earnings,T2,draft,false,deepfineval_evidence_collector_v2,,,,draft,draft,human_attestation_missing,已采集 earnings 第一方公告及 reaction close 快照；等待独立人工签核。,dda341c6a8c5423e1b382d7397b51dbae8ca074305c0f692cf714078f0857502
B-EARN-HK-20251113-0700,both,B,earnings,T2,draft,false,deepfineval_evidence_collector_v2,,,,draft,draft,human_attestation_missing,已采集 earnings 第一方公告及 reaction close 快照；等待独立人工签核。,96e3a0e9a52837e6e7a272234e5a32af3bcb7f9b018928a0673dfd4b42697735
B-EARN-HK-20251125-9988,both,B,earnings,T2,draft,false,deepfineval_evidence_collector_v2,,,,draft,draft,human_attestation_missing,已采集 earnings 第一方公告及 reaction close 快照；等待独立人工签核。,2f3e56c2fcde97b576ad942c1f0837bb26c9310527eb42cb7f92f7d91ba6c355
B-EARN-HK-20260225-0005,both,B,earnings,T2,draft,false,deepfineval_evidence_collector_v2,,,,draft,draft,human_attestation_missing,已采集 earnings 第一方公告及 reaction close 快照；等待独立人工签核。,743ea65d82117675cf5cf97c0f1aea98de573ba27c33982e111942f97e4aafae
B-EARN-HK-20260318-0700,both,B,earnings,T2,draft,false,deepfineval_evidence_collector_v2,,,,draft,draft,human_attestation_missing,已采集 earnings 第一方公告及 reaction close 快照；等待独立人工签核。,fa0a21eb094e220e6ac057553c2804e9767702d92bebde11f3a609b6c6c3fc76
B-EARN-HK-20260319-9988,both,B,earnings,T2,draft,false,deepfineval_evidence_collector_v2,,,,draft,draft,human_attestation_missing,已采集 earnings 第一方公告及 reaction close 快照；等待独立人工签核。,d922f4eaab8a95872d61f7c7c2d0ab23e4bc2b9d5031acbfabdb06b5fabec12e
B-EARN-US-20220714-JPM,both,B,earnings,T1,draft,false,deepfineval_evidence_collector_v2,,,,draft,draft,human_attestation_missing,已采集 earnings 第一方公告及 reaction close 快照；等待独立人工签核。,0f6d8dc2a386fcd94e57af5df80298e5221c7e2f5fbd8738366d9db038c4b4a3
B-EARN-US-20220726-MSFT,both,B,earnings,T1,draft,false,deepfineval_evidence_collector_v2,,,,draft,draft,human_attestation_missing,已采集 earnings 第一方公告及 reaction close 快照；等待独立人工签核。,1960a5a60fb423def9ff596ffdfb4206e9ff26d92f41c5458133781f2b9708ee
B-EARN-US-20220728-AAPL,both,B,earnings,T1,draft,false,deepfineval_evidence_collector_v2,,,,draft,draft,human_attestation_missing,已采集 earnings 第一方公告及 reaction close 快照；等待独立人工签核。,1210df15b46f0ba81d599c7228d17a860e7ec73714aeed1afb8175a78d890bc1
B-EARN-US-20230113-JPM,both,B,earnings,T1,draft,false,deepfineval_evidence_collector_v2,,,,draft,draft,human_attestation_missing,已采集 earnings 第一方公告及 reaction close 快照；等待独立人工签核。,e244ebc61e9d1efe930db8160f5221f01bb646e329b3da6df3ca7f72a240f211
B-EARN-US-20230124-MSFT,both,B,earnings,T1,draft,false,deepfineval_evidence_collector_v2,,,,draft,draft,human_attestation_missing,已采集 earnings 第一方公告及 reaction close 快照；等待独立人工签核。,de455c1fd1006cb3d48b5374ed686d9f914247178d50408aabd91069de9f25ec
B-EARN-US-20230202-AAPL,both,B,earnings,T1,draft,false,deepfineval_evidence_collector_v2,,,,draft,draft,human_attestation_missing,已采集 earnings 第一方公告及 reaction close 快照；等待独立人工签核。,d91620247d6fe70833104926a09d283642b99fd7684c80a187177f7e6661c2b7
B-EARN-US-20230414-JPM,both,B,earnings,T1,draft,false,deepfineval_evidence_collector_v2,,,,draft,draft,human_attestation_missing,已采集 earnings 第一方公告及 reaction close 快照；等待独立人工签核。,b937cc86552ba31dfd0c68f6b51a11085bcc5de77391b2be6fade4c0d1813003
B-EARN-US-20230425-MSFT,both,B,earnings,T1,draft,false,deepfineval_evidence_collector_v2,,,,draft,draft,human_attestation_missing,已采集 earnings 第一方公告及 reaction close 快照；等待独立人工签核。,c9c5eb43d41b0d7a080583ae0e882bf5d409f31f8ace7c3574c038022eaaa19d
B-EARN-US-20230504-AAPL,both,B,earnings,T1,draft,false,deepfineval_evidence_collector_v2,,,,draft,draft,human_attestation_missing,已采集 earnings 第一方公告及 reaction close 快照；等待独立人工签核。,e66008022d4b3278bac8c71e5d02d32770fd4284c2b27a81e5caa60d4dcf5b25
B-EARN-US-20230714-JPM,both,B,earnings,T1,draft,false,deepfineval_evidence_collector_v2,,,,draft,draft,human_attestation_missing,已采集 earnings 第一方公告及 reaction close 快照；等待独立人工签核。,d4ee8b6d6bbb87c5a8b6dd53b1efec0acd2ab15f9f3ccd96a7a6ced209f69644
B-EARN-US-20230725-MSFT,both,B,earnings,T1,draft,false,deepfineval_evidence_collector_v2,,,,draft,draft,human_attestation_missing,已采集 earnings 第一方公告及 reaction close 快照；等待独立人工签核。,54725c2b74f48c488777e04d2cc3741ee82ce019be9b0c4674845f8672af465b
B-EARN-US-20230803-AAPL,both,B,earnings,T1,draft,false,deepfineval_evidence_collector_v2,,,,draft,draft,human_attestation_missing,已采集 earnings 第一方公告及 reaction close 快照；等待独立人工签核。,e1e71ef78e044993d4f615c3339ca70983b0846c83d21f0410bed1e62d14a8db
B-EARN-US-20231013-JPM,both,B,earnings,T1,draft,false,deepfineval_evidence_collector_v2,,,,draft,draft,human_attestation_missing,已采集 earnings 第一方公告及 reaction close 快照；等待独立人工签核。,b61580812aa312393b4e67fb3ba86260778e2c7db8ce85958402442156019cfd
B-EARN-US-20231024-MSFT,both,B,earnings,T1,draft,false,deepfineval_evidence_collector_v2,,,,draft,draft,human_attestation_missing,已采集 earnings 第一方公告及 reaction close 快照；等待独立人工签核。,22ea820962e6ba87212c5b88ffa0da42da418e27ebd0ceccf2eddc114ee65aaf
B-EARN-US-20231102-AAPL,both,B,earnings,T1,draft,false,deepfineval_evidence_collector_v2,,,,draft,draft,human_attestation_missing,已采集 earnings 第一方公告及 reaction close 快照；等待独立人工签核。,9264af5997ffac50089b9c961a63f764f274a7242a88b921ce46a7ba9e995c74
B-EARN-US-20240112-JPM,both,B,earnings,T1,draft,false,deepfineval_evidence_collector_v2,,,,draft,draft,human_attestation_missing,已采集 earnings 第一方公告及 reaction close 快照；等待独立人工签核。,3bcdd5243c09cfb588a6e85be4a728368e2a8d0c6493454730135221f4d0e370
B-EARN-US-20240130-MSFT,both,B,earnings,T1,draft,false,deepfineval_evidence_collector_v2,,,,draft,draft,human_attestation_missing,已采集 earnings 第一方公告及 reaction close 快照；等待独立人工签核。,9accffd2ba7881791f02bd131f1e71a1a7612eeeea0109ca3d55703f79aa6d3f
B-EARN-US-20240201-AAPL,both,B,earnings,T1,draft,false,deepfineval_evidence_collector_v2,,,,draft,draft,human_attestation_missing,已采集 earnings 第一方公告及 reaction close 快照；等待独立人工签核。,a20bbfa9b8752a728d73ab7c2bfe43fb8181f316b56ef78098fb418512a8faff
B-EARN-US-20240412-JPM,both,B,earnings,T1,draft,false,deepfineval_evidence_collector_v2,,,,draft,draft,human_attestation_missing,已采集 earnings 第一方公告及 reaction close 快照；等待独立人工签核。,1a12f915d044ad77437aa9a804d48105a496c7be9e3f9a8417807a42141f9c37
B-EARN-US-20240425-MSFT,both,B,earnings,T1,draft,false,deepfineval_evidence_collector_v2,,,,draft,draft,human_attestation_missing,已采集 earnings 第一方公告及 reaction close 快照；等待独立人工签核。,5da06a8880921883fb6483689ae72c3dca9cbc3ee29f51e087515c4c1edb7b91
B-EARN-US-20240502-AAPL,both,B,earnings,T1,draft,false,deepfineval_evidence_collector_v2,,,,draft,draft,human_attestation_missing,已采集 earnings 第一方公告及 reaction close 快照；等待独立人工签核。,314d905973f15a9697713502e984d526931632189e78f206f26a3f589434799f
B-EARN-US-20240730-MSFT,both,B,earnings,T2,draft,false,deepfineval_evidence_collector_v2,,,,draft,draft,human_attestation_missing,已采集 earnings 第一方公告及 reaction close 快照；等待独立人工签核。,36fe5d8ad2fd2de5a80dc203231478a11f41e11d7267c561bcecb57db68e5fca
B-EARN-US-20240801-AAPL,both,B,earnings,T2,draft,false,deepfineval_evidence_collector_v2,,,,draft,draft,human_attestation_missing,已采集 earnings 第一方公告及 reaction close 快照；等待独立人工签核。,86c1e73a0b8230f1716223f94cd1cf0a002289598b937ca73cf801aec4e003ed
B-EARN-US-20241011-JPM,both,B,earnings,T2,draft,false,deepfineval_evidence_collector_v2,,,,draft,draft,human_attestation_missing,已采集 earnings 第一方公告及 reaction close 快照；等待独立人工签核。,310e5adb02dbc9ef1ee6c9d94e7b91119d2fff32d2391a44d5143c7f0f8b4b79
B-EARN-US-20241030-MSFT,both,B,earnings,T2,draft,false,deepfineval_evidence_collector_v2,,,,draft,draft,human_attestation_missing,已采集 earnings 第一方公告及 reaction close 快照；等待独立人工签核。,d7d8984da892da6e40a7cf3d8f6b2e4116de0f3c4bc9fd712538731bf131aaef
B-EARN-US-20241031-AAPL,both,B,earnings,T2,draft,false,deepfineval_evidence_collector_v2,,,,draft,draft,human_attestation_missing,已采集 earnings 第一方公告及 reaction close 快照；等待独立人工签核。,0d4d62862ecba0bb8332b78f3fc366e67e7f35a1f6c0e222df746086d6ff0e50
B-EARN-US-20250115-JPM,both,B,earnings,T2,draft,false,deepfineval_evidence_collector_v2,,,,draft,draft,human_attestation_missing,已采集 earnings 第一方公告及 reaction close 快照；等待独立人工签核。,22804a2d267bda4631c40e2c3232da91231a9ddbcb0b54a00064470dee186598
B-EARN-US-20250129-MSFT,both,B,earnings,T2,draft,false,deepfineval_evidence_collector_v2,,,,draft,draft,human_attestation_missing,已采集 earnings 第一方公告及 reaction close 快照；等待独立人工签核。,6cd06ab6812ca0774b7e253bd356e6b8b18c1c3688e2e0f1681ed7f99b8e25bf
B-EARN-US-20250130-AAPL,both,B,earnings,T2,draft,false,deepfineval_evidence_collector_v2,,,,draft,draft,human_attestation_missing,已采集 earnings 第一方公告及 reaction close 快照；等待独立人工签核。,4c3eb6b09a86acdf8eae14da20e3043bc58214927f14796801e0f07f0d9712e7
B-EARN-US-20250411-JPM,both,B,earnings,T2,draft,false,deepfineval_evidence_collector_v2,,,,draft,draft,human_attestation_missing,已采集 earnings 第一方公告及 reaction close 快照；等待独立人工签核。,7bc03a53b8d77cd3b118117aec5faa8aef5aa43b464e16912f8765ae236a40bc
B-EARN-US-20250430-MSFT,both,B,earnings,T2,draft,false,deepfineval_evidence_collector_v2,,,,draft,draft,human_attestation_missing,已采集 earnings 第一方公告及 reaction close 快照；等待独立人工签核。,c404eeb8aaf6df1d12228b36db210750316e5572e9d3f16a48e1de85be5e900e
B-EARN-US-20250501-AAPL,both,B,earnings,T2,draft,false,deepfineval_evidence_collector_v2,,,,draft,draft,human_attestation_missing,已采集 earnings 第一方公告及 reaction close 快照；等待独立人工签核。,7ee1dcdcbf80925aeeded46623601f49dcdfbd2259e59a9e4fcb422ed012eb32
B-EARN-US-20250715-JPM,both,B,earnings,T2,draft,false,deepfineval_evidence_collector_v2,,,,draft,draft,human_attestation_missing,已采集 earnings 第一方公告及 reaction close 快照；等待独立人工签核。,d014b88a9e8b12b65b3aea8dd18eff080d1d8e55c98d2f859368e95009754148
B-EARN-US-20250730-MSFT,both,B,earnings,T2,draft,false,deepfineval_evidence_collector_v2,,,,draft,draft,human_attestation_missing,已采集 earnings 第一方公告及 reaction close 快照；等待独立人工签核。,77c1503af4b44139eae41320951810f54f9939efec53a5727b74395bf55e631e
B-EARN-US-20250731-AAPL,both,B,earnings,T2,draft,false,deepfineval_evidence_collector_v2,,,,draft,draft,human_attestation_missing,已采集 earnings 第一方公告及 reaction close 快照；等待独立人工签核。,6a6b11eaa7d7b255cf3d7229c4cf5ecbd4491f449aaa0c62d506b1114dff561a
B-EARN-US-20251014-JPM,both,B,earnings,T2,draft,false,deepfineval_evidence_collector_v2,,,,draft,draft,human_attestation_missing,已采集 earnings 第一方公告及 reaction close 快照；等待独立人工签核。,cf0d198e4ee2d7768db8b3ec03f003b5b72da571c68d82dd591b4c9553298512
B-EARN-US-20251029-MSFT,both,B,earnings,T2,draft,false,deepfineval_evidence_collector_v2,,,,draft,draft,human_attestation_missing,已采集 earnings 第一方公告及 reaction close 快照；等待独立人工签核。,4a42931e862790b40e485925155532fad3bb98d2a6c0ae3869ca4b22ec4690d8
B-EARN-US-20251030-AAPL,both,B,earnings,T2,draft,false,deepfineval_evidence_collector_v2,,,,draft,draft,human_attestation_missing,已采集 earnings 第一方公告及 reaction close 快照；等待独立人工签核。,1bb091e871489cfb11bbbdb4432f898988c7af9ff81e497b9f8d22bbd4b3e691
B-EARN-US-20260113-JPM,both,B,earnings,T2,draft,false,deepfineval_evidence_collector_v2,,,,draft,draft,human_attestation_missing,已采集 earnings 第一方公告及 reaction close 快照；等待独立人工签核。,aea7eb850aa7fbeb45be19fb75aac16980db47d4bf323899f9f162ede11facb1
B-EARN-US-20260128-MSFT,both,B,earnings,T2,draft,false,deepfineval_evidence_collector_v2,,,,draft,draft,human_attestation_missing,已采集 earnings 第一方公告及 reaction close 快照；等待独立人工签核。,1c66e642602935b5a896043f15e3145dd40afc8a74e23467257a79ca6682d2a3
B-EARN-US-20260129-AAPL,both,B,earnings,T2,draft,false,deepfineval_evidence_collector_v2,,,,draft,draft,human_attestation_missing,已采集 earnings 第一方公告及 reaction close 快照；等待独立人工签核。,120297b153306ca118150e9a852d21cc353b5d361574b76d838d7d9871e00f5c
B-EARN-US-20260414-JPM,both,B,earnings,T2,draft,false,deepfineval_evidence_collector_v2,,,,draft,draft,human_attestation_missing,已采集 earnings 第一方公告及 reaction close 快照；等待独立人工签核。,7d38f680b41b2d0047416ba9781d6757c935c210cc5b58b731e856337ef5458a
B-EARN-US-20260429-MSFT,both,B,earnings,T2,draft,false,deepfineval_evidence_collector_v2,,,,draft,draft,human_attestation_missing,已采集 earnings 第一方公告及 reaction close 快照；等待独立人工签核。,5e302c6b390f4d34d3b55cb79d502a3e68ea21445af69c81fb6afaba4a6bac59
B-EARN-US-20260430-AAPL,both,B,earnings,T2,draft,false,deepfineval_evidence_collector_v2,,,,draft,draft,human_attestation_missing,已采集 earnings 第一方公告及 reaction close 快照；等待独立人工签核。,049c182f6d5ba8f2eaf4e9060ea2503c5dd244413184a56b9f92233d37dcd2be
B-MACRO-CN_A-20241018-GDP-601398,b_calibration,B,macro,T2,draft,false,deepfineval_evidence_collector_v2,,,,draft,not_applicable,human_attestation_missing,已采集宏观事件第一方发布快照；等待独立人工签核。,d6d01e35f8c3602c887b6a07b26438c8c5150d90b5154ee61c3d67be30c27bf9
B-MACRO-CN_A-20241109-CPI-601318,b_calibration,B,macro,T2,draft,false,deepfineval_evidence_collector_v2,,,,draft,not_applicable,human_attestation_missing,已采集宏观事件第一方发布快照；等待独立人工签核。,9eb0271830628461cb986eae525672f219443140a7233ce6bec61aa51674371f
B-MACRO-CN_A-20241130-PMI-300750,b_calibration,B,macro,T2,draft,false,deepfineval_evidence_collector_v2,,,,draft,not_applicable,human_attestation_missing,已采集宏观事件第一方发布快照；等待独立人工签核。,a4b37a6535ccfa8e7a65240b5d0ff45215fa234546d68d320ad8c0aa50990110
B-MACRO-CN_A-20250109-CPI-600519,b_calibration,B,macro,T2,draft,false,deepfineval_evidence_collector_v2,,,,draft,not_applicable,human_attestation_missing,已采集宏观事件第一方发布快照；等待独立人工签核。,d7b18f7958a7bb23d782f5f15856e3b38707123bc0f58f3ca6d9e047c9723588
B-MACRO-CN_A-20250127-PMI-601318,b_calibration,B,macro,T2,draft,false,deepfineval_evidence_collector_v2,,,,draft,not_applicable,human_attestation_missing,已采集宏观事件第一方发布快照；等待独立人工签核。,8b8f39a5bfd7ddac4c45abff89871a8c701bfd423d1d8fca0925d5d6f3dd6cfa
B-MACRO-HK-20241031-GDP-0700,b_calibration,B,macro,T2,draft,false,deepfineval_evidence_collector_v2,,,,draft,not_applicable,human_attestation_missing,已采集宏观事件第一方发布快照；等待独立人工签核。,ede0530e7522342f743da19f37db47c2fa095b1ef5118e5ff6c5f1fe54e87460
B-MACRO-HK-20241121-CPI-0005,b_calibration,B,macro,T2,draft,false,deepfineval_evidence_collector_v2,,,,draft,not_applicable,human_attestation_missing,已采集宏观事件第一方发布快照；等待独立人工签核。,b430a609bf57c8ed2c1d491bc8ae038a8b3e5bb944c923b7e6f38d622f8a0440
B-MACRO-HK-20250123-CPI-1299,b_calibration,B,macro,T2,draft,false,deepfineval_evidence_collector_v2,,,,draft,not_applicable,human_attestation_missing,已采集宏观事件第一方发布快照；等待独立人工签核。,92d698f1f355dc43f65e9dc340571b0be1ddc386bbd62e202be1871f55c3d841
B-MACRO-HK-20250131-GDP-0700,b_calibration,B,macro,T2,draft,false,deepfineval_evidence_collector_v2,,,,draft,not_applicable,human_attestation_missing,已采集宏观事件第一方发布快照；等待独立人工签核。,95ec857eb2d8d6d659916d79566f9c58ddeefeaf2c245688216da2885dfb3ebf
B-MACRO-US-20240911-CPI-JPM,b_calibration,B,macro,T2,draft,false,deepfineval_evidence_collector_v2,,,,missing,not_applicable,official_event_snapshot_unfetchable,官方事件 URL 可定位，但自动抓取失败。,d1fb7a9803f5c28fad9eaaf965f41bcc1da239cbcbe739ba5a54a71aa7522c5f
B-MACRO-US-20241101-NFP-JPM,b_calibration,B,macro,T2,draft,false,deepfineval_evidence_collector_v2,,,,missing,not_applicable,official_event_snapshot_unfetchable,官方事件 URL 可定位，但自动抓取失败。,7843d546e416abfb2be36594e57e8fe65a945e20b3bd8bf4ad7b33d0beb1eb33
B-MACRO-US-20250115-CPI-AAPL,b_calibration,B,macro,T2,draft,false,deepfineval_evidence_collector_v2,,,,missing,not_applicable,official_event_snapshot_unfetchable,官方事件 URL 可定位，但自动抓取失败。,382db6196b077f2446a7f8611bcbcd42974652b79747f81f30c64b3e93d40b8f
B-MACRO-US-20250207-NFP-MSFT,b_calibration,B,macro,T2,draft,false,deepfineval_evidence_collector_v2,,,,missing,not_applicable,official_event_snapshot_unfetchable,官方事件 URL 可定位，但自动抓取失败。,d78c9f3e0885cd726cb5c431434f845a4954f88cd650671775446339f3370a16
