task_id,category,forecast_origin,outcome_available_at,evidence_url,evidence_published_at,content_sha256,is_estimated_date,reviewer,outcome_available_at_source,evidence_rationale,manual_review_eligible,predicted_metric,unit,final_value
A1-00001,A1,2025-06-06,2025-07-04T07:00:00Z,https://query1.finance.yahoo.com/v8/finance/chart/600519.SS?period1=1751587200&period2=1751760000&interval=1d&events=history&includeAdjustedClose=true,2025-07-04T07:00:00Z,177a36131909f4e02990ffac6be3d29b326a71ac48314187436b0dbc355c9dcb,否,DeepFinEval audit,observed_yahoo_forward_trading_day,Yahoo chart endpoint response for 2025-07-04 contains the public end-of-day close used for primary_forward_close. Cutoff date 2025-06-06; forward trading day resolved as 600519=2025-07-04.,是,,,
A1-00002,A1,2025-06-06,2025-07-04T07:00:00Z,https://query1.finance.yahoo.com/v8/finance/chart/000858.SZ?period1=1751587200&period2=1751760000&interval=1d&events=history&includeAdjustedClose=true,2025-07-04T07:00:00Z,f6787e94ffcd9fda50ee1995f5badcd4aa22a1b434b665ae34c3f592d500a5ff,否,DeepFinEval audit,observed_yahoo_forward_trading_day,Yahoo chart endpoint response for 2025-07-04 contains the public end-of-day close used for primary_forward_close. Cutoff date 2025-06-06; forward trading day resolved as 000858=2025-07-04.,是,,,
A1-00003,A1,2025-06-06,2025-07-04T07:00:00Z,https://query1.finance.yahoo.com/v8/finance/chart/601318.SS?period1=1751587200&period2=1751760000&interval=1d&events=history&includeAdjustedClose=true,2025-07-04T07:00:00Z,a4b32ea78ac919ce00b287b03e3012de45a6ede2346d4910bb31e45b3f6f9986,否,DeepFinEval audit,observed_yahoo_forward_trading_day,Yahoo chart endpoint response for 2025-07-04 contains the public end-of-day close used for primary_forward_close. Cutoff date 2025-06-06; forward trading day resolved as 601318=2025-07-04.,是,,,
A1-00004,A1,2025-06-06,2025-07-04T07:00:00Z,https://query1.finance.yahoo.com/v8/finance/chart/600036.SS?period1=1751587200&period2=1751760000&interval=1d&events=history&includeAdjustedClose=true,2025-07-04T07:00:00Z,a2ed2cecef81e23a01b3debbdf5bfac17d228d4141d74c0a69aaf802de66691f,否,DeepFinEval audit,observed_yahoo_forward_trading_day,Yahoo chart endpoint response for 2025-07-04 contains the public end-of-day close used for primary_forward_close. Cutoff date 2025-06-06; forward trading day resolved as 600036=2025-07-04.,是,,,
A1-00005,A1,2025-06-06,2025-07-04T07:00:00Z,https://query1.finance.yahoo.com/v8/finance/chart/601398.SS?period1=1751587200&period2=1751760000&interval=1d&events=history&includeAdjustedClose=true,2025-07-04T07:00:00Z,a96f5395cc7705835446ac64e981e5b2b7e98fc8e183cd07c6d66e770ed3a8d8,否,DeepFinEval audit,observed_yahoo_forward_trading_day,Yahoo chart endpoint response for 2025-07-04 contains the public end-of-day close used for primary_forward_close. Cutoff date 2025-06-06; forward trading day resolved as 601398=2025-07-04.,是,,,
A1-00006,A1,2025-06-06,2025-07-04T07:00:00Z,https://query1.finance.yahoo.com/v8/finance/chart/600030.SS?period1=1751587200&period2=1751760000&interval=1d&events=history&includeAdjustedClose=true,2025-07-04T07:00:00Z,1cd7c2329820b94bd0a4ab95d1f9100da1a828748b1fdaf9cd72201c6e816ded,否,DeepFinEval audit,observed_yahoo_forward_trading_day,Yahoo chart endpoint response for 2025-07-04 contains the public end-of-day close used for primary_forward_close. Cutoff date 2025-06-06; forward trading day resolved as 600030=2025-07-04.,是,,,
A1-00007,A1,2025-06-06,2025-07-04T07:00:00Z,https://query1.finance.yahoo.com/v8/finance/chart/300750.SZ?period1=1751587200&period2=1751760000&interval=1d&events=history&includeAdjustedClose=true,2025-07-04T07:00:00Z,8193864f08c8185d7a5e28c37a7ac261cdb50160cc775e59b64d79c9ccad4735,否,DeepFinEval audit,observed_yahoo_forward_trading_day,Yahoo chart endpoint response for 2025-07-04 contains the public end-of-day close used for primary_forward_close. Cutoff date 2025-06-06; forward trading day resolved as 300750=2025-07-04.,是,,,
A1-00008,A1,2025-06-06,2025-07-04T07:00:00Z,https://query1.finance.yahoo.com/v8/finance/chart/601012.SS?period1=1751587200&period2=1751760000&interval=1d&events=history&includeAdjustedClose=true,2025-07-04T07:00:00Z,ac10cb78ef9d4f211347dd356c8982a7d399058a43b19df47f8e18abf892b831,否,DeepFinEval audit,observed_yahoo_forward_trading_day,Yahoo chart endpoint response for 2025-07-04 contains the public end-of-day close used for primary_forward_close. Cutoff date 2025-06-06; forward trading day resolved as 601012=2025-07-04.,是,,,
A1-00009,A1,2025-06-06,2025-07-04T07:00:00Z,https://query1.finance.yahoo.com/v8/finance/chart/002594.SZ?period1=1751587200&period2=1751760000&interval=1d&events=history&includeAdjustedClose=true,2025-07-04T07:00:00Z,9d315398228ab3fab43db4a6996be222e838e6d2bb46a175081fdef83fcf009c,否,DeepFinEval audit,observed_yahoo_forward_trading_day,Yahoo chart endpoint response for 2025-07-04 contains the public end-of-day close used for primary_forward_close. Cutoff date 2025-06-06; forward trading day resolved as 002594=2025-07-04.,是,,,
A1-00010,A1,2025-06-06,2025-07-04T07:00:00Z,https://query1.finance.yahoo.com/v8/finance/chart/300760.SZ?period1=1751587200&period2=1751760000&interval=1d&events=history&includeAdjustedClose=true,2025-07-04T07:00:00Z,08a618840854811dbb786c96888e5d16d41e47d1738d6c1139c24941a8429b93,否,DeepFinEval audit,observed_yahoo_forward_trading_day,Yahoo chart endpoint response for 2025-07-04 contains the public end-of-day close used for primary_forward_close. Cutoff date 2025-06-06; forward trading day resolved as 300760=2025-07-04.,是,,,
A1-00011,A1,2025-06-06,2025-07-04T07:00:00Z,https://query1.finance.yahoo.com/v8/finance/chart/600276.SS?period1=1751587200&period2=1751760000&interval=1d&events=history&includeAdjustedClose=true,2025-07-04T07:00:00Z,ac5171f4db48d1fb6d26c50a9ad4c63fd547b1f95f090dbc1724cc68e29557cd,否,DeepFinEval audit,observed_yahoo_forward_trading_day,Yahoo chart endpoint response for 2025-07-04 contains the public end-of-day close used for primary_forward_close. Cutoff date 2025-06-06; forward trading day resolved as 600276=2025-07-04.,是,,,
A1-00012,A1,2025-06-06,2025-07-04T07:00:00Z,https://query1.finance.yahoo.com/v8/finance/chart/603259.SS?period1=1751587200&period2=1751760000&interval=1d&events=history&includeAdjustedClose=true,2025-07-04T07:00:00Z,0ce7a0c51c0151de90fa93bc6fe71495efacfb45c13aad7da4c853cd36b45f74,否,DeepFinEval audit,observed_yahoo_forward_trading_day,Yahoo chart endpoint response for 2025-07-04 contains the public end-of-day close used for primary_forward_close. Cutoff date 2025-06-06; forward trading day resolved as 603259=2025-07-04.,是,,,
A1-00013,A1,2025-06-06,2025-07-04T07:00:00Z,https://query1.finance.yahoo.com/v8/finance/chart/000333.SZ?period1=1751587200&period2=1751760000&interval=1d&events=history&includeAdjustedClose=true,2025-07-04T07:00:00Z,f3dfdf9a11d37eeba60fa9c0ca80552b2ed52f8a87283e96cf5d82bd685e20ed,否,DeepFinEval audit,observed_yahoo_forward_trading_day,Yahoo chart endpoint response for 2025-07-04 contains the public end-of-day close used for primary_forward_close. Cutoff date 2025-06-06; forward trading day resolved as 000333=2025-07-04.,是,,,
A1-00014,A1,2025-06-06,2025-07-04T07:00:00Z,https://query1.finance.yahoo.com/v8/finance/chart/000651.SZ?period1=1751587200&period2=1751760000&interval=1d&events=history&includeAdjustedClose=true,2025-07-04T07:00:00Z,128d8621e24b5c95fff53cfb32b2e58a05244740effe5ac9655835708bdb405a,否,DeepFinEval audit,observed_yahoo_forward_trading_day,Yahoo chart endpoint response for 2025-07-04 contains the public end-of-day close used for primary_forward_close. Cutoff date 2025-06-06; forward trading day resolved as 000651=2025-07-04.,是,,,
A1-00015,A1,2025-06-06,2025-07-04T07:00:00Z,https://query1.finance.yahoo.com/v8/finance/chart/603288.SS?period1=1751587200&period2=1751760000&interval=1d&events=history&includeAdjustedClose=true,2025-07-04T07:00:00Z,92aeab165738bbb7745049172ff2e1018a83b03951ecf1c7fec36bd46e8a2ca5,否,DeepFinEval audit,observed_yahoo_forward_trading_day,Yahoo chart endpoint response for 2025-07-04 contains the public end-of-day close used for primary_forward_close. Cutoff date 2025-06-06; forward trading day resolved as 603288=2025-07-04.,是,,,
A1-00016,A1,2025-06-06,2025-07-04T07:00:00Z,https://query1.finance.yahoo.com/v8/finance/chart/601888.SS?period1=1751587200&period2=1751760000&interval=1d&events=history&includeAdjustedClose=true,2025-07-04T07:00:00Z,2f4a106379c72ad22c005ddd258e980dea1921f2fa499c694d380d2b2e2741bc,否,DeepFinEval audit,observed_yahoo_forward_trading_day,Yahoo chart endpoint response for 2025-07-04 contains the public end-of-day close used for primary_forward_close. Cutoff date 2025-06-06; forward trading day resolved as 601888=2025-07-04.,是,,,
A1-00017,A1,2025-06-06,2025-07-04T07:00:00Z,https://query1.finance.yahoo.com/v8/finance/chart/300059.SZ?period1=1751587200&period2=1751760000&interval=1d&events=history&includeAdjustedClose=true,2025-07-04T07:00:00Z,a34f00b506c80ced0f8ee68cc47e3fc9732f96c1890015166cda995d5c3f9ec4,否,DeepFinEval audit,observed_yahoo_forward_trading_day,Yahoo chart endpoint response for 2025-07-04 contains the public end-of-day close used for primary_forward_close. Cutoff date 2025-06-06; forward trading day resolved as 300059=2025-07-04.,是,,,
A1-00018,A1,2025-06-06,2025-07-04T07:00:00Z,https://query1.finance.yahoo.com/v8/finance/chart/688981.SS?period1=1751587200&period2=1751760000&interval=1d&events=history&includeAdjustedClose=true,2025-07-04T07:00:00Z,fcf44ac4b5f24fc30afddf63abac7cf5adb2ae38d8c0e19eac07025f7d328b69,否,DeepFinEval audit,observed_yahoo_forward_trading_day,Yahoo chart endpoint response for 2025-07-04 contains the public end-of-day close used for primary_forward_close. Cutoff date 2025-06-06; forward trading day resolved as 688981=2025-07-04.,是,,,
A1-00019,A1,2025-06-06,2025-07-04T07:00:00Z,https://query1.finance.yahoo.com/v8/finance/chart/000002.SZ?period1=1751587200&period2=1751760000&interval=1d&events=history&includeAdjustedClose=true,2025-07-04T07:00:00Z,76c478833fc06766c20e7395c440225193cd4f988fd53ff9f35e887a8ce08bb4,否,DeepFinEval audit,observed_yahoo_forward_trading_day,Yahoo chart endpoint response for 2025-07-04 contains the public end-of-day close used for primary_forward_close. Cutoff date 2025-06-06; forward trading day resolved as 000002=2025-07-04.,是,,,
A1-00020,A1,2025-06-06,2025-07-04T07:00:00Z,https://query1.finance.yahoo.com/v8/finance/chart/601668.SS?period1=1751587200&period2=1751760000&interval=1d&events=history&includeAdjustedClose=true,2025-07-04T07:00:00Z,906773f6b05d580e0f3a941687efaf3b2df3a264f4c6906c4cd2f2de2a6e2450,否,DeepFinEval audit,observed_yahoo_forward_trading_day,Yahoo chart endpoint response for 2025-07-04 contains the public end-of-day close used for primary_forward_close. Cutoff date 2025-06-06; forward trading day resolved as 601668=2025-07-04.,是,,,
A1-CN_A-20220630-00001,A1,2022-06-30,2022-07-29T07:00:00Z,https://query1.finance.yahoo.com/v8/finance/chart/600519.SS?period1=1659052800&period2=1659225600&interval=1d&events=history&includeAdjustedClose=true,2022-07-29T07:00:00Z,d118fb9e4efd3a168998e58e245fd20c90d4794e0611464edaf0859d1e67ed61,否,DeepFinEval audit,observed_yahoo_forward_trading_day,Yahoo chart endpoint response for 2022-07-29 contains the public end-of-day close used for primary_forward_close. Cutoff date 2022-06-30; forward trading day resolved as 600519=2022-07-29.,是,,,
A1-CN_A-20220630-00002,A1,2022-06-30,2022-07-29T07:00:00Z,https://query1.finance.yahoo.com/v8/finance/chart/000858.SZ?period1=1659052800&period2=1659225600&interval=1d&events=history&includeAdjustedClose=true,2022-07-29T07:00:00Z,a68b83fdb10ece5aea56294ee862f39bb320ab712ca054c15c8b8da1187506b7,否,DeepFinEval audit,observed_yahoo_forward_trading_day,Yahoo chart endpoint response for 2022-07-29 contains the public end-of-day close used for primary_forward_close. Cutoff date 2022-06-30; forward trading day resolved as 000858=2022-07-29.,是,,,
A1-CN_A-20220630-00003,A1,2022-06-30,2022-07-29T07:00:00Z,https://query1.finance.yahoo.com/v8/finance/chart/601318.SS?period1=1659052800&period2=1659225600&interval=1d&events=history&includeAdjustedClose=true,2022-07-29T07:00:00Z,b6c661b539807e05e5e6f999fcd96c0c806a01fa89f46b7e9e2c9a199277a7f9,否,DeepFinEval audit,observed_yahoo_forward_trading_day,Yahoo chart endpoint response for 2022-07-29 contains the public end-of-day close used for primary_forward_close. Cutoff date 2022-06-30; forward trading day resolved as 601318=2022-07-29.,是,,,
A1-CN_A-20220630-00004,A1,2022-06-30,2022-07-29T07:00:00Z,https://query1.finance.yahoo.com/v8/finance/chart/600036.SS?period1=1659052800&period2=1659225600&interval=1d&events=history&includeAdjustedClose=true,2022-07-29T07:00:00Z,26f2da51abef6e818f9423adc029de5da3f5ca0ee833da4d1423cd92873a1b65,否,DeepFinEval audit,observed_yahoo_forward_trading_day,Yahoo chart endpoint response for 2022-07-29 contains the public end-of-day close used for primary_forward_close. Cutoff date 2022-06-30; forward trading day resolved as 600036=2022-07-29.,是,,,
A1-CN_A-20220630-00005,A1,2022-06-30,2022-07-29T07:00:00Z,https://query1.finance.yahoo.com/v8/finance/chart/601398.SS?period1=1659052800&period2=1659225600&interval=1d&events=history&includeAdjustedClose=true,2022-07-29T07:00:00Z,a4aeee131a1d31ba927871f8dbfb02c46cac90df7484119c15ee8483a61d77ca,否,DeepFinEval audit,observed_yahoo_forward_trading_day,Yahoo chart endpoint response for 2022-07-29 contains the public end-of-day close used for primary_forward_close. Cutoff date 2022-06-30; forward trading day resolved as 601398=2022-07-29.,是,,,
A1-CN_A-20220630-00006,A1,2022-06-30,2022-07-29T07:00:00Z,https://query1.finance.yahoo.com/v8/finance/chart/600030.SS?period1=1659052800&period2=1659225600&interval=1d&events=history&includeAdjustedClose=true,2022-07-29T07:00:00Z,3eb69d712f911691b9f08151cdecdbd4f0a447c3ee3075e147923495fa79ce8c,否,DeepFinEval audit,observed_yahoo_forward_trading_day,Yahoo chart endpoint response for 2022-07-29 contains the public end-of-day close used for primary_forward_close. Cutoff date 2022-06-30; forward trading day resolved as 600030=2022-07-29.,是,,,
A1-CN_A-20220630-00007,A1,2022-06-30,2022-07-29T07:00:00Z,https://query1.finance.yahoo.com/v8/finance/chart/300750.SZ?period1=1659052800&period2=1659225600&interval=1d&events=history&includeAdjustedClose=true,2022-07-29T07:00:00Z,d4f5950e8577cb2417ad0493c05982ea13929a23f666fa811ef0185c8271b793,否,DeepFinEval audit,observed_yahoo_forward_trading_day,Yahoo chart endpoint response for 2022-07-29 contains the public end-of-day close used for primary_forward_close. Cutoff date 2022-06-30; forward trading day resolved as 300750=2022-07-29.,是,,,
A1-CN_A-20220630-00008,A1,2022-06-30,2022-07-29T07:00:00Z,https://query1.finance.yahoo.com/v8/finance/chart/601012.SS?period1=1659052800&period2=1659225600&interval=1d&events=history&includeAdjustedClose=true,2022-07-29T07:00:00Z,02c962c21eff2dd7194d1e045e3e687f52e36d69655e9cb802c69516f6a66b7a,否,DeepFinEval audit,observed_yahoo_forward_trading_day,Yahoo chart endpoint response for 2022-07-29 contains the public end-of-day close used for primary_forward_close. Cutoff date 2022-06-30; forward trading day resolved as 601012=2022-07-29.,是,,,
A1-CN_A-20220630-00009,A1,2022-06-30,2022-07-29T07:00:00Z,https://query1.finance.yahoo.com/v8/finance/chart/002594.SZ?period1=1659052800&period2=1659225600&interval=1d&events=history&includeAdjustedClose=true,2022-07-29T07:00:00Z,acaf6a1983d85ff58862be2268d113e7c06adbdcc3c495eef94ef525ecc959c2,否,DeepFinEval audit,observed_yahoo_forward_trading_day,Yahoo chart endpoint response for 2022-07-29 contains the public end-of-day close used for primary_forward_close. Cutoff date 2022-06-30; forward trading day resolved as 002594=2022-07-29.,是,,,
A1-CN_A-20220630-00010,A1,2022-06-30,2022-07-29T07:00:00Z,https://query1.finance.yahoo.com/v8/finance/chart/300760.SZ?period1=1659052800&period2=1659225600&interval=1d&events=history&includeAdjustedClose=true,2022-07-29T07:00:00Z,0cc4c9e959b77c0beaeddef1626dd0246f1f6c729bc67bf7c6243b9e26e88708,否,DeepFinEval audit,observed_yahoo_forward_trading_day,Yahoo chart endpoint response for 2022-07-29 contains the public end-of-day close used for primary_forward_close. Cutoff date 2022-06-30; forward trading day resolved as 300760=2022-07-29.,是,,,
A1-CN_A-20220630-00011,A1,2022-06-30,2022-07-29T07:00:00Z,https://query1.finance.yahoo.com/v8/finance/chart/600276.SS?period1=1659052800&period2=1659225600&interval=1d&events=history&includeAdjustedClose=true,2022-07-29T07:00:00Z,3a1e87863ca620f76d37f743401c68b0cb8f02719729be8b6d9146bb70f6299d,否,DeepFinEval audit,observed_yahoo_forward_trading_day,Yahoo chart endpoint response for 2022-07-29 contains the public end-of-day close used for primary_forward_close. Cutoff date 2022-06-30; forward trading day resolved as 600276=2022-07-29.,是,,,
A1-CN_A-20220630-00012,A1,2022-06-30,2022-07-29T07:00:00Z,https://query1.finance.yahoo.com/v8/finance/chart/603259.SS?period1=1659052800&period2=1659225600&interval=1d&events=history&includeAdjustedClose=true,2022-07-29T07:00:00Z,3cac4080e0d621169424f1ae68475e5e3d1b53ca2b373668812938f14e101b07,否,DeepFinEval audit,observed_yahoo_forward_trading_day,Yahoo chart endpoint response for 2022-07-29 contains the public end-of-day close used for primary_forward_close. Cutoff date 2022-06-30; forward trading day resolved as 603259=2022-07-29.,是,,,
A1-CN_A-20220630-00013,A1,2022-06-30,2022-07-29T07:00:00Z,https://query1.finance.yahoo.com/v8/finance/chart/000333.SZ?period1=1659052800&period2=1659225600&interval=1d&events=history&includeAdjustedClose=true,2022-07-29T07:00:00Z,105d86890bbaf4ec83d2af1d2cef23b6a17ee386858e37b1320a19dbc0f42455,否,DeepFinEval audit,observed_yahoo_forward_trading_day,Yahoo chart endpoint response for 2022-07-29 contains the public end-of-day close used for primary_forward_close. Cutoff date 2022-06-30; forward trading day resolved as 000333=2022-07-29.,是,,,
A1-CN_A-20220630-00014,A1,2022-06-30,2022-07-29T07:00:00Z,https://query1.finance.yahoo.com/v8/finance/chart/000651.SZ?period1=1659052800&period2=1659225600&interval=1d&events=history&includeAdjustedClose=true,2022-07-29T07:00:00Z,e5d5b68d248f44e56423ffc1f79a1a42e19b8c42e00c9733a5eccfade30345b1,否,DeepFinEval audit,observed_yahoo_forward_trading_day,Yahoo chart endpoint response for 2022-07-29 contains the public end-of-day close used for primary_forward_close. Cutoff date 2022-06-30; forward trading day resolved as 000651=2022-07-29.,是,,,
A1-CN_A-20220630-00015,A1,2022-06-30,2022-07-29T07:00:00Z,https://query1.finance.yahoo.com/v8/finance/chart/603288.SS?period1=1659052800&period2=1659225600&interval=1d&events=history&includeAdjustedClose=true,2022-07-29T07:00:00Z,315037f473f77f2267d6f8485e520b60d0b70da2089a596ea99a1cc793d23865,否,DeepFinEval audit,observed_yahoo_forward_trading_day,Yahoo chart endpoint response for 2022-07-29 contains the public end-of-day close used for primary_forward_close. Cutoff date 2022-06-30; forward trading day resolved as 603288=2022-07-29.,是,,,
A1-CN_A-20220630-00016,A1,2022-06-30,2022-07-29T07:00:00Z,https://query1.finance.yahoo.com/v8/finance/chart/601888.SS?period1=1659052800&period2=1659225600&interval=1d&events=history&includeAdjustedClose=true,2022-07-29T07:00:00Z,6ab12723713eeff9e68d043a0738abad7bfc26aecfa03936b4243deab3b72022,否,DeepFinEval audit,observed_yahoo_forward_trading_day,Yahoo chart endpoint response for 2022-07-29 contains the public end-of-day close used for primary_forward_close. Cutoff date 2022-06-30; forward trading day resolved as 601888=2022-07-29.,是,,,
A1-CN_A-20220630-00017,A1,2022-06-30,2022-07-29T07:00:00Z,https://query1.finance.yahoo.com/v8/finance/chart/300059.SZ?period1=1659052800&period2=1659225600&interval=1d&events=history&includeAdjustedClose=true,2022-07-29T07:00:00Z,f03f4e855db605ac16210797d372630c7e93ee1aadbcf2c31242bd0235ede0a7,否,DeepFinEval audit,observed_yahoo_forward_trading_day,Yahoo chart endpoint response for 2022-07-29 contains the public end-of-day close used for primary_forward_close. Cutoff date 2022-06-30; forward trading day resolved as 300059=2022-07-29.,是,,,
A1-CN_A-20220630-00018,A1,2022-06-30,2022-07-29T07:00:00Z,https://query1.finance.yahoo.com/v8/finance/chart/688981.SS?period1=1659052800&period2=1659225600&interval=1d&events=history&includeAdjustedClose=true,2022-07-29T07:00:00Z,f6e3f71d95766a9fdafa3aba0da155405636ab4a39a06f8c365bdba311070bdc,否,DeepFinEval audit,observed_yahoo_forward_trading_day,Yahoo chart endpoint response for 2022-07-29 contains the public end-of-day close used for primary_forward_close. Cutoff date 2022-06-30; forward trading day resolved as 688981=2022-07-29.,是,,,
A1-CN_A-20220630-00019,A1,2022-06-30,2022-07-29T07:00:00Z,https://query1.finance.yahoo.com/v8/finance/chart/000002.SZ?period1=1659052800&period2=1659225600&interval=1d&events=history&includeAdjustedClose=true,2022-07-29T07:00:00Z,e5d50f532a284a0164bc16dba3fe4416e2604fc343abf3e5c425c5ed4edf9cb5,否,DeepFinEval audit,observed_yahoo_forward_trading_day,Yahoo chart endpoint response for 2022-07-29 contains the public end-of-day close used for primary_forward_close. Cutoff date 2022-06-30; forward trading day resolved as 000002=2022-07-29.,是,,,
A1-CN_A-20220630-00020,A1,2022-06-30,2022-07-29T07:00:00Z,https://query1.finance.yahoo.com/v8/finance/chart/601668.SS?period1=1659052800&period2=1659225600&interval=1d&events=history&includeAdjustedClose=true,2022-07-29T07:00:00Z,7bd61c075486cf3f8c2234bd1c908275306d0049fc13a7291f762b16b26382f0,否,DeepFinEval audit,observed_yahoo_forward_trading_day,Yahoo chart endpoint response for 2022-07-29 contains the public end-of-day close used for primary_forward_close. Cutoff date 2022-06-30; forward trading day resolved as 601668=2022-07-29.,是,,,
A1-CN_A-20221230-00001,A1,2022-12-30,2023-01-20T07:00:00Z,https://query1.finance.yahoo.com/v8/finance/chart/600519.SS?period1=1674172800&period2=1674345600&interval=1d&events=history&includeAdjustedClose=true,2023-01-20T07:00:00Z,8195ee91b3dfe48e1bafb68e5522b6f0081fc5e4648a6405707d4d02929bbe6b,否,DeepFinEval audit,observed_yahoo_forward_trading_day,Yahoo chart endpoint response for 2023-01-20 contains the public end-of-day close used for primary_forward_close. Cutoff date 2022-12-30; forward trading day resolved as 600519=2023-01-20.,是,,,
A1-CN_A-20221230-00002,A1,2022-12-30,2023-01-20T07:00:00Z,https://query1.finance.yahoo.com/v8/finance/chart/000858.SZ?period1=1674172800&period2=1674345600&interval=1d&events=history&includeAdjustedClose=true,2023-01-20T07:00:00Z,7aaf48240f64ccd9092d034906238890fbf9b041f688e0da6d0a11d0338aab85,否,DeepFinEval audit,observed_yahoo_forward_trading_day,Yahoo chart endpoint response for 2023-01-20 contains the public end-of-day close used for primary_forward_close. Cutoff date 2022-12-30; forward trading day resolved as 000858=2023-01-20.,是,,,
A1-CN_A-20221230-00003,A1,2022-12-30,2023-01-20T07:00:00Z,https://query1.finance.yahoo.com/v8/finance/chart/601318.SS?period1=1674172800&period2=1674345600&interval=1d&events=history&includeAdjustedClose=true,2023-01-20T07:00:00Z,e319465d1df41ad2b04c18bb3bad7daadb07c5de603d51f2f30a9f71756f3448,否,DeepFinEval audit,observed_yahoo_forward_trading_day,Yahoo chart endpoint response for 2023-01-20 contains the public end-of-day close used for primary_forward_close. Cutoff date 2022-12-30; forward trading day resolved as 601318=2023-01-20.,是,,,
A1-CN_A-20221230-00004,A1,2022-12-30,2023-01-20T07:00:00Z,https://query1.finance.yahoo.com/v8/finance/chart/600036.SS?period1=1674172800&period2=1674345600&interval=1d&events=history&includeAdjustedClose=true,2023-01-20T07:00:00Z,69f3eadfef9eade5dd41c019346f63d394a4165df5de51016ba1b04612eb532d,否,DeepFinEval audit,observed_yahoo_forward_trading_day,Yahoo chart endpoint response for 2023-01-20 contains the public end-of-day close used for primary_forward_close. Cutoff date 2022-12-30; forward trading day resolved as 600036=2023-01-20.,是,,,
A1-CN_A-20221230-00005,A1,2022-12-30,2023-01-20T07:00:00Z,https://query1.finance.yahoo.com/v8/finance/chart/601398.SS?period1=1674172800&period2=1674345600&interval=1d&events=history&includeAdjustedClose=true,2023-01-20T07:00:00Z,55b3edc94191528aba4e0157bbc550aa1878db3b88d9048eced0ae5fda857484,否,DeepFinEval audit,observed_yahoo_forward_trading_day,Yahoo chart endpoint response for 2023-01-20 contains the public end-of-day close used for primary_forward_close. Cutoff date 2022-12-30; forward trading day resolved as 601398=2023-01-20.,是,,,
A1-CN_A-20221230-00006,A1,2022-12-30,2023-01-20T07:00:00Z,https://query1.finance.yahoo.com/v8/finance/chart/600030.SS?period1=1674172800&period2=1674345600&interval=1d&events=history&includeAdjustedClose=true,2023-01-20T07:00:00Z,946123ddd58fab8d824050ca2e3867b96cf4307cfc3c403aac76b4dc8cfd3272,否,DeepFinEval audit,observed_yahoo_forward_trading_day,Yahoo chart endpoint response for 2023-01-20 contains the public end-of-day close used for primary_forward_close. Cutoff date 2022-12-30; forward trading day resolved as 600030=2023-01-20.,是,,,
A1-CN_A-20221230-00007,A1,2022-12-30,2023-01-20T07:00:00Z,https://query1.finance.yahoo.com/v8/finance/chart/300750.SZ?period1=1674172800&period2=1674345600&interval=1d&events=history&includeAdjustedClose=true,2023-01-20T07:00:00Z,14a888fff934bdccf6fc48bb61f43933fa3291ec0f3a520b2c8f217beb21eadc,否,DeepFinEval audit,observed_yahoo_forward_trading_day,Yahoo chart endpoint response for 2023-01-20 contains the public end-of-day close used for primary_forward_close. Cutoff date 2022-12-30; forward trading day resolved as 300750=2023-01-20.,是,,,
A1-CN_A-20221230-00008,A1,2022-12-30,2023-01-20T07:00:00Z,https://query1.finance.yahoo.com/v8/finance/chart/601012.SS?period1=1674172800&period2=1674345600&interval=1d&events=history&includeAdjustedClose=true,2023-01-20T07:00:00Z,a28f7a1f924fcd1f92967cfd57a12ec1f7c64ba8b7aff1ea2f9e2a7e60ea5ce7,否,DeepFinEval audit,observed_yahoo_forward_trading_day,Yahoo chart endpoint response for 2023-01-20 contains the public end-of-day close used for primary_forward_close. Cutoff date 2022-12-30; forward trading day resolved as 601012=2023-01-20.,是,,,
A1-CN_A-20221230-00009,A1,2022-12-30,2023-01-20T07:00:00Z,https://query1.finance.yahoo.com/v8/finance/chart/002594.SZ?period1=1674172800&period2=1674345600&interval=1d&events=history&includeAdjustedClose=true,2023-01-20T07:00:00Z,1ac91877c807cc4cf3a82685b84a6c62ac7011ba30a7e8908a7e882ade1976c4,否,DeepFinEval audit,observed_yahoo_forward_trading_day,Yahoo chart endpoint response for 2023-01-20 contains the public end-of-day close used for primary_forward_close. Cutoff date 2022-12-30; forward trading day resolved as 002594=2023-01-20.,是,,,
A1-CN_A-20221230-00010,A1,2022-12-30,2023-01-20T07:00:00Z,https://query1.finance.yahoo.com/v8/finance/chart/300760.SZ?period1=1674172800&period2=1674345600&interval=1d&events=history&includeAdjustedClose=true,2023-01-20T07:00:00Z,6ba1b454bb125260a2f140dcfad606d60455e77cc191cb39b1e3bb6bb27c620c,否,DeepFinEval audit,observed_yahoo_forward_trading_day,Yahoo chart endpoint response for 2023-01-20 contains the public end-of-day close used for primary_forward_close. Cutoff date 2022-12-30; forward trading day resolved as 300760=2023-01-20.,是,,,
A1-CN_A-20221230-00011,A1,2022-12-30,2023-01-20T07:00:00Z,https://query1.finance.yahoo.com/v8/finance/chart/600276.SS?period1=1674172800&period2=1674345600&interval=1d&events=history&includeAdjustedClose=true,2023-01-20T07:00:00Z,e64e9e4b16d03bb49b73f46fa1c26be45d408c01fb2ad7d77ff1ba983edbfc98,否,DeepFinEval audit,observed_yahoo_forward_trading_day,Yahoo chart endpoint response for 2023-01-20 contains the public end-of-day close used for primary_forward_close. Cutoff date 2022-12-30; forward trading day resolved as 600276=2023-01-20.,是,,,
A1-CN_A-20221230-00012,A1,2022-12-30,2023-01-20T07:00:00Z,https://query1.finance.yahoo.com/v8/finance/chart/603259.SS?period1=1674172800&period2=1674345600&interval=1d&events=history&includeAdjustedClose=true,2023-01-20T07:00:00Z,13c1032fd789d1cfa1fadc71fa5c9da6998b32524d1582333b1b3b082f37143e,否,DeepFinEval audit,observed_yahoo_forward_trading_day,Yahoo chart endpoint response for 2023-01-20 contains the public end-of-day close used for primary_forward_close. Cutoff date 2022-12-30; forward trading day resolved as 603259=2023-01-20.,是,,,
A1-CN_A-20221230-00013,A1,2022-12-30,2023-01-20T07:00:00Z,https://query1.finance.yahoo.com/v8/finance/chart/000333.SZ?period1=1674172800&period2=1674345600&interval=1d&events=history&includeAdjustedClose=true,2023-01-20T07:00:00Z,7eb7c0ddcc4a3bbd51265468ae0d18241f1519d72bcc0105efc8346e4eb687e7,否,DeepFinEval audit,observed_yahoo_forward_trading_day,Yahoo chart endpoint response for 2023-01-20 contains the public end-of-day close used for primary_forward_close. Cutoff date 2022-12-30; forward trading day resolved as 000333=2023-01-20.,是,,,
A1-CN_A-20221230-00014,A1,2022-12-30,2023-01-20T07:00:00Z,https://query1.finance.yahoo.com/v8/finance/chart/000651.SZ?period1=1674172800&period2=1674345600&interval=1d&events=history&includeAdjustedClose=true,2023-01-20T07:00:00Z,063cacac42012cc7d1155542e1a519ed9b049f1cf12f05ae926835025b1fc246,否,DeepFinEval audit,observed_yahoo_forward_trading_day,Yahoo chart endpoint response for 2023-01-20 contains the public end-of-day close used for primary_forward_close. Cutoff date 2022-12-30; forward trading day resolved as 000651=2023-01-20.,是,,,
A1-CN_A-20221230-00015,A1,2022-12-30,2023-01-20T07:00:00Z,https://query1.finance.yahoo.com/v8/finance/chart/603288.SS?period1=1674172800&period2=1674345600&interval=1d&events=history&includeAdjustedClose=true,2023-01-20T07:00:00Z,fe982010e13a0235cbf4cfc181623cbf58be4b610d8980b885e030f776f6175d,否,DeepFinEval audit,observed_yahoo_forward_trading_day,Yahoo chart endpoint response for 2023-01-20 contains the public end-of-day close used for primary_forward_close. Cutoff date 2022-12-30; forward trading day resolved as 603288=2023-01-20.,是,,,
A1-CN_A-20221230-00016,A1,2022-12-30,2023-01-20T07:00:00Z,https://query1.finance.yahoo.com/v8/finance/chart/601888.SS?period1=1674172800&period2=1674345600&interval=1d&events=history&includeAdjustedClose=true,2023-01-20T07:00:00Z,3e11d15aa6936fc15e60a765a8994fc3843682ec43ab0c66c6d60ee5bb25c731,否,DeepFinEval audit,observed_yahoo_forward_trading_day,Yahoo chart endpoint response for 2023-01-20 contains the public end-of-day close used for primary_forward_close. Cutoff date 2022-12-30; forward trading day resolved as 601888=2023-01-20.,是,,,
A1-CN_A-20221230-00017,A1,2022-12-30,2023-01-20T07:00:00Z,https://query1.finance.yahoo.com/v8/finance/chart/300059.SZ?period1=1674172800&period2=1674345600&interval=1d&events=history&includeAdjustedClose=true,2023-01-20T07:00:00Z,1b146fc92b240e63322f7d1fd322249406167ce14ca8420fa1e03ea47290aff3,否,DeepFinEval audit,observed_yahoo_forward_trading_day,Yahoo chart endpoint response for 2023-01-20 contains the public end-of-day close used for primary_forward_close. Cutoff date 2022-12-30; forward trading day resolved as 300059=2023-01-20.,是,,,
A1-CN_A-20221230-00018,A1,2022-12-30,2023-01-20T07:00:00Z,https://query1.finance.yahoo.com/v8/finance/chart/688981.SS?period1=1674172800&period2=1674345600&interval=1d&events=history&includeAdjustedClose=true,2023-01-20T07:00:00Z,f1d0170875e89e8f7acd40363746bdf53d52a903b5fb584baf9620d98654cea3,否,DeepFinEval audit,observed_yahoo_forward_trading_day,Yahoo chart endpoint response for 2023-01-20 contains the public end-of-day close used for primary_forward_close. Cutoff date 2022-12-30; forward trading day resolved as 688981=2023-01-20.,是,,,
A1-CN_A-20221230-00019,A1,2022-12-30,2023-01-20T07:00:00Z,https://query1.finance.yahoo.com/v8/finance/chart/000002.SZ?period1=1674172800&period2=1674345600&interval=1d&events=history&includeAdjustedClose=true,2023-01-20T07:00:00Z,04412446b2b2b3cb17899ad63f1e74f97b741fecaaf00506f41df4db6ab9429d,否,DeepFinEval audit,observed_yahoo_forward_trading_day,Yahoo chart endpoint response for 2023-01-20 contains the public end-of-day close used for primary_forward_close. Cutoff date 2022-12-30; forward trading day resolved as 000002=2023-01-20.,是,,,
A1-CN_A-20221230-00020,A1,2022-12-30,2023-01-20T07:00:00Z,https://query1.finance.yahoo.com/v8/finance/chart/601668.SS?period1=1674172800&period2=1674345600&interval=1d&events=history&includeAdjustedClose=true,2023-01-20T07:00:00Z,a0a1afbaf598953478d36a7cb77031ae822b80532fb208ac782b01b2290785ab,否,DeepFinEval audit,observed_yahoo_forward_trading_day,Yahoo chart endpoint response for 2023-01-20 contains the public end-of-day close used for primary_forward_close. Cutoff date 2022-12-30; forward trading day resolved as 601668=2023-01-20.,是,,,
A1-CN_A-20230331-00001,A1,2023-03-31,2023-04-28T07:00:00Z,https://query1.finance.yahoo.com/v8/finance/chart/600519.SS?period1=1682640000&period2=1682812800&interval=1d&events=history&includeAdjustedClose=true,2023-04-28T07:00:00Z,87ed1160edc6ebfeed4e46605e76ab682b17d5b6622cd72dcfe6f088765a2509,否,DeepFinEval audit,observed_yahoo_forward_trading_day,Yahoo chart endpoint response for 2023-04-28 contains the public end-of-day close used for primary_forward_close. Cutoff date 2023-03-31; forward trading day resolved as 600519=2023-04-28.,是,,,
A1-CN_A-20230331-00002,A1,2023-03-31,2023-04-28T07:00:00Z,https://query1.finance.yahoo.com/v8/finance/chart/000858.SZ?period1=1682640000&period2=1682812800&interval=1d&events=history&includeAdjustedClose=true,2023-04-28T07:00:00Z,ad13ffdd1cd63e4b9c79f9870ca00a8b0e56839237b8efa96c129108bd75e4be,否,DeepFinEval audit,observed_yahoo_forward_trading_day,Yahoo chart endpoint response for 2023-04-28 contains the public end-of-day close used for primary_forward_close. Cutoff date 2023-03-31; forward trading day resolved as 000858=2023-04-28.,是,,,
A1-CN_A-20230331-00003,A1,2023-03-31,2023-04-28T07:00:00Z,https://query1.finance.yahoo.com/v8/finance/chart/601318.SS?period1=1682640000&period2=1682812800&interval=1d&events=history&includeAdjustedClose=true,2023-04-28T07:00:00Z,f980131716c9ed7833520ef458444b3c699c7979e726e04d351dddcf0ef8ea94,否,DeepFinEval audit,observed_yahoo_forward_trading_day,Yahoo chart endpoint response for 2023-04-28 contains the public end-of-day close used for primary_forward_close. Cutoff date 2023-03-31; forward trading day resolved as 601318=2023-04-28.,是,,,
A1-CN_A-20230331-00004,A1,2023-03-31,2023-04-28T07:00:00Z,https://query1.finance.yahoo.com/v8/finance/chart/600036.SS?period1=1682640000&period2=1682812800&interval=1d&events=history&includeAdjustedClose=true,2023-04-28T07:00:00Z,37a499e6ecbfd7388961410cff471688d0fa978a4b650157fec470bab6400381,否,DeepFinEval audit,observed_yahoo_forward_trading_day,Yahoo chart endpoint response for 2023-04-28 contains the public end-of-day close used for primary_forward_close. Cutoff date 2023-03-31; forward trading day resolved as 600036=2023-04-28.,是,,,
A1-CN_A-20230331-00005,A1,2023-03-31,2023-04-28T07:00:00Z,https://query1.finance.yahoo.com/v8/finance/chart/601398.SS?period1=1682640000&period2=1682812800&interval=1d&events=history&includeAdjustedClose=true,2023-04-28T07:00:00Z,4c1c8ad4ce46c9dd5e868eb24fe744b9b9f2d4d7f0125ae59ea093c2314fcfde,否,DeepFinEval audit,observed_yahoo_forward_trading_day,Yahoo chart endpoint response for 2023-04-28 contains the public end-of-day close used for primary_forward_close. Cutoff date 2023-03-31; forward trading day resolved as 601398=2023-04-28.,是,,,
A1-CN_A-20230331-00006,A1,2023-03-31,2023-04-28T07:00:00Z,https://query1.finance.yahoo.com/v8/finance/chart/600030.SS?period1=1682640000&period2=1682812800&interval=1d&events=history&includeAdjustedClose=true,2023-04-28T07:00:00Z,c001e1c2f0f2568456fa421c3deb25861e4dcdb034da370f17f643401f9c61ac,否,DeepFinEval audit,observed_yahoo_forward_trading_day,Yahoo chart endpoint response for 2023-04-28 contains the public end-of-day close used for primary_forward_close. Cutoff date 2023-03-31; forward trading day resolved as 600030=2023-04-28.,是,,,
A1-CN_A-20230331-00007,A1,2023-03-31,2023-04-28T07:00:00Z,https://query1.finance.yahoo.com/v8/finance/chart/300750.SZ?period1=1682640000&period2=1682812800&interval=1d&events=history&includeAdjustedClose=true,2023-04-28T07:00:00Z,a634ce059d2ea67c6a279c8188b2af23d94484538a6e2acb12391302cd943717,否,DeepFinEval audit,observed_yahoo_forward_trading_day,Yahoo chart endpoint response for 2023-04-28 contains the public end-of-day close used for primary_forward_close. Cutoff date 2023-03-31; forward trading day resolved as 300750=2023-04-28.,是,,,
A1-CN_A-20230331-00008,A1,2023-03-31,2023-04-28T07:00:00Z,https://query1.finance.yahoo.com/v8/finance/chart/601012.SS?period1=1682640000&period2=1682812800&interval=1d&events=history&includeAdjustedClose=true,2023-04-28T07:00:00Z,5e46c13b8d13c9d96d4c57be0ed3eacae7eb7fcf04287220be2fdd7d0d182063,否,DeepFinEval audit,observed_yahoo_forward_trading_day,Yahoo chart endpoint response for 2023-04-28 contains the public end-of-day close used for primary_forward_close. Cutoff date 2023-03-31; forward trading day resolved as 601012=2023-04-28.,是,,,
A1-CN_A-20230331-00009,A1,2023-03-31,2023-04-28T07:00:00Z,https://query1.finance.yahoo.com/v8/finance/chart/002594.SZ?period1=1682640000&period2=1682812800&interval=1d&events=history&includeAdjustedClose=true,2023-04-28T07:00:00Z,e1f194555049f7ae3f96291cc9da706225bb31bdbabe31b8088bb78f5a0fe7cf,否,DeepFinEval audit,observed_yahoo_forward_trading_day,Yahoo chart endpoint response for 2023-04-28 contains the public end-of-day close used for primary_forward_close. Cutoff date 2023-03-31; forward trading day resolved as 002594=2023-04-28.,是,,,
A1-CN_A-20230331-00010,A1,2023-03-31,2023-04-28T07:00:00Z,https://query1.finance.yahoo.com/v8/finance/chart/300760.SZ?period1=1682640000&period2=1682812800&interval=1d&events=history&includeAdjustedClose=true,2023-04-28T07:00:00Z,d2cdaf7d1d9a04c255aae857857b9f794815399f762f688656e6f486566b457c,否,DeepFinEval audit,observed_yahoo_forward_trading_day,Yahoo chart endpoint response for 2023-04-28 contains the public end-of-day close used for primary_forward_close. Cutoff date 2023-03-31; forward trading day resolved as 300760=2023-04-28.,是,,,
A1-CN_A-20230331-00011,A1,2023-03-31,2023-04-28T07:00:00Z,https://query1.finance.yahoo.com/v8/finance/chart/600276.SS?period1=1682640000&period2=1682812800&interval=1d&events=history&includeAdjustedClose=true,2023-04-28T07:00:00Z,64f8a081ed4930ba7795a12ab8b99119511f63e1b66c6c861765dd9c0f9b08c0,否,DeepFinEval audit,observed_yahoo_forward_trading_day,Yahoo chart endpoint response for 2023-04-28 contains the public end-of-day close used for primary_forward_close. Cutoff date 2023-03-31; forward trading day resolved as 600276=2023-04-28.,是,,,
A1-CN_A-20230331-00012,A1,2023-03-31,2023-04-28T07:00:00Z,https://query1.finance.yahoo.com/v8/finance/chart/603259.SS?period1=1682640000&period2=1682812800&interval=1d&events=history&includeAdjustedClose=true,2023-04-28T07:00:00Z,a37d278f48b5993647afbffe4a2884aa34196449455586617e99e0283679292a,否,DeepFinEval audit,observed_yahoo_forward_trading_day,Yahoo chart endpoint response for 2023-04-28 contains the public end-of-day close used for primary_forward_close. Cutoff date 2023-03-31; forward trading day resolved as 603259=2023-04-28.,是,,,
A1-CN_A-20230331-00013,A1,2023-03-31,2023-04-28T07:00:00Z,https://query1.finance.yahoo.com/v8/finance/chart/000333.SZ?period1=1682640000&period2=1682812800&interval=1d&events=history&includeAdjustedClose=true,2023-04-28T07:00:00Z,0934a546b5dbf6d985c1798d86e0b2b85ed4cc3566d89197482901dc5f6e83e0,否,DeepFinEval audit,observed_yahoo_forward_trading_day,Yahoo chart endpoint response for 2023-04-28 contains the public end-of-day close used for primary_forward_close. Cutoff date 2023-03-31; forward trading day resolved as 000333=2023-04-28.,是,,,
A1-CN_A-20230331-00014,A1,2023-03-31,2023-04-28T07:00:00Z,https://query1.finance.yahoo.com/v8/finance/chart/000651.SZ?period1=1682640000&period2=1682812800&interval=1d&events=history&includeAdjustedClose=true,2023-04-28T07:00:00Z,e4a80c09cbf7eb7215d95a0c291d6e3a58d0fe679f1d5f93320b3970905cec9d,否,DeepFinEval audit,observed_yahoo_forward_trading_day,Yahoo chart endpoint response for 2023-04-28 contains the public end-of-day close used for primary_forward_close. Cutoff date 2023-03-31; forward trading day resolved as 000651=2023-04-28.,是,,,
A1-CN_A-20230331-00015,A1,2023-03-31,2023-04-28T07:00:00Z,https://query1.finance.yahoo.com/v8/finance/chart/603288.SS?period1=1682640000&period2=1682812800&interval=1d&events=history&includeAdjustedClose=true,2023-04-28T07:00:00Z,c40503585d219382f987d2ff0553015cbdae3856dc14d2aa87c830cc6f39b3b0,否,DeepFinEval audit,observed_yahoo_forward_trading_day,Yahoo chart endpoint response for 2023-04-28 contains the public end-of-day close used for primary_forward_close. Cutoff date 2023-03-31; forward trading day resolved as 603288=2023-04-28.,是,,,
A1-CN_A-20230331-00016,A1,2023-03-31,2023-04-28T07:00:00Z,https://query1.finance.yahoo.com/v8/finance/chart/601888.SS?period1=1682640000&period2=1682812800&interval=1d&events=history&includeAdjustedClose=true,2023-04-28T07:00:00Z,c84aea8f25726412be6e40a744eed7dfad34ca6e7e9f884245ae5d73a06d9734,否,DeepFinEval audit,observed_yahoo_forward_trading_day,Yahoo chart endpoint response for 2023-04-28 contains the public end-of-day close used for primary_forward_close. Cutoff date 2023-03-31; forward trading day resolved as 601888=2023-04-28.,是,,,
A1-CN_A-20230331-00017,A1,2023-03-31,2023-04-28T07:00:00Z,https://query1.finance.yahoo.com/v8/finance/chart/300059.SZ?period1=1682640000&period2=1682812800&interval=1d&events=history&includeAdjustedClose=true,2023-04-28T07:00:00Z,84bef55fe5ad8e4aafc75e4b3d26c86263b96bdd3ec53e8937b302caea139ae5,否,DeepFinEval audit,observed_yahoo_forward_trading_day,Yahoo chart endpoint response for 2023-04-28 contains the public end-of-day close used for primary_forward_close. Cutoff date 2023-03-31; forward trading day resolved as 300059=2023-04-28.,是,,,
A1-CN_A-20230331-00018,A1,2023-03-31,2023-04-28T07:00:00Z,https://query1.finance.yahoo.com/v8/finance/chart/688981.SS?period1=1682640000&period2=1682812800&interval=1d&events=history&includeAdjustedClose=true,2023-04-28T07:00:00Z,70aa7fc1606fa3b3ad4327510929be60f098b4d36081c69165cd00b3d7064284,否,DeepFinEval audit,observed_yahoo_forward_trading_day,Yahoo chart endpoint response for 2023-04-28 contains the public end-of-day close used for primary_forward_close. Cutoff date 2023-03-31; forward trading day resolved as 688981=2023-04-28.,是,,,
A1-CN_A-20230331-00019,A1,2023-03-31,2023-04-28T07:00:00Z,https://query1.finance.yahoo.com/v8/finance/chart/000002.SZ?period1=1682640000&period2=1682812800&interval=1d&events=history&includeAdjustedClose=true,2023-04-28T07:00:00Z,6dd500e44efca072c249f58a281919a1cedc0b216bb319c83cbb77b417fa832f,否,DeepFinEval audit,observed_yahoo_forward_trading_day,Yahoo chart endpoint response for 2023-04-28 contains the public end-of-day close used for primary_forward_close. Cutoff date 2023-03-31; forward trading day resolved as 000002=2023-04-28.,是,,,
A1-CN_A-20230331-00020,A1,2023-03-31,2023-04-28T07:00:00Z,https://query1.finance.yahoo.com/v8/finance/chart/601668.SS?period1=1682640000&period2=1682812800&interval=1d&events=history&includeAdjustedClose=true,2023-04-28T07:00:00Z,1b8cf76f4a39ea1967d6a0f91cef32f82b5f5004f17491e8088aa0797d2508f5,否,DeepFinEval audit,observed_yahoo_forward_trading_day,Yahoo chart endpoint response for 2023-04-28 contains the public end-of-day close used for primary_forward_close. Cutoff date 2023-03-31; forward trading day resolved as 601668=2023-04-28.,是,,,
A1-CN_A-20230630-00001,A1,2023-06-30,2023-07-28T07:00:00Z,https://query1.finance.yahoo.com/v8/finance/chart/600519.SS?period1=1690502400&period2=1690675200&interval=1d&events=history&includeAdjustedClose=true,2023-07-28T07:00:00Z,7471e4ab0a2c5882c207d05924efdd0bbb06cdd8eae974852ec2eaa83bbba951,否,DeepFinEval audit,observed_yahoo_forward_trading_day,Yahoo chart endpoint response for 2023-07-28 contains the public end-of-day close used for primary_forward_close. Cutoff date 2023-06-30; forward trading day resolved as 600519=2023-07-28.,是,,,
A1-CN_A-20230630-00002,A1,2023-06-30,2023-07-28T07:00:00Z,https://query1.finance.yahoo.com/v8/finance/chart/000858.SZ?period1=1690502400&period2=1690675200&interval=1d&events=history&includeAdjustedClose=true,2023-07-28T07:00:00Z,b49f47afe199d29e3a779562f9fe229bbac5c9c0b580ef58ba98d31b25423131,否,DeepFinEval audit,observed_yahoo_forward_trading_day,Yahoo chart endpoint response for 2023-07-28 contains the public end-of-day close used for primary_forward_close. Cutoff date 2023-06-30; forward trading day resolved as 000858=2023-07-28.,是,,,
A1-CN_A-20230630-00003,A1,2023-06-30,2023-07-28T07:00:00Z,https://query1.finance.yahoo.com/v8/finance/chart/601318.SS?period1=1690502400&period2=1690675200&interval=1d&events=history&includeAdjustedClose=true,2023-07-28T07:00:00Z,fc01c8c0f8a36a036637dc7a898fc5842f511ff19117c13112c7913e352eea99,否,DeepFinEval audit,observed_yahoo_forward_trading_day,Yahoo chart endpoint response for 2023-07-28 contains the public end-of-day close used for primary_forward_close. Cutoff date 2023-06-30; forward trading day resolved as 601318=2023-07-28.,是,,,
A1-CN_A-20230630-00004,A1,2023-06-30,2023-07-28T07:00:00Z,https://query1.finance.yahoo.com/v8/finance/chart/600036.SS?period1=1690502400&period2=1690675200&interval=1d&events=history&includeAdjustedClose=true,2023-07-28T07:00:00Z,502ad02dc0ec59d5466f3df6d3e86095f68e81f28817333a911689988e61abad,否,DeepFinEval audit,observed_yahoo_forward_trading_day,Yahoo chart endpoint response for 2023-07-28 contains the public end-of-day close used for primary_forward_close. Cutoff date 2023-06-30; forward trading day resolved as 600036=2023-07-28.,是,,,
A1-CN_A-20230630-00005,A1,2023-06-30,2023-07-28T07:00:00Z,https://query1.finance.yahoo.com/v8/finance/chart/601398.SS?period1=1690502400&period2=1690675200&interval=1d&events=history&includeAdjustedClose=true,2023-07-28T07:00:00Z,b59af8198c4e8d3ff805c3e98177f30e11c7289cc41dacd700ded52a62f1de03,否,DeepFinEval audit,observed_yahoo_forward_trading_day,Yahoo chart endpoint response for 2023-07-28 contains the public end-of-day close used for primary_forward_close. Cutoff date 2023-06-30; forward trading day resolved as 601398=2023-07-28.,是,,,
A1-CN_A-20230630-00006,A1,2023-06-30,2023-07-28T07:00:00Z,https://query1.finance.yahoo.com/v8/finance/chart/600030.SS?period1=1690502400&period2=1690675200&interval=1d&events=history&includeAdjustedClose=true,2023-07-28T07:00:00Z,2662f2f1c58e6ea211b465cdc2eb72da5b593b3aaaa1d563acbe3e8e8339145b,否,DeepFinEval audit,observed_yahoo_forward_trading_day,Yahoo chart endpoint response for 2023-07-28 contains the public end-of-day close used for primary_forward_close. Cutoff date 2023-06-30; forward trading day resolved as 600030=2023-07-28.,是,,,
A1-CN_A-20230630-00007,A1,2023-06-30,2023-07-28T07:00:00Z,https://query1.finance.yahoo.com/v8/finance/chart/300750.SZ?period1=1690502400&period2=1690675200&interval=1d&events=history&includeAdjustedClose=true,2023-07-28T07:00:00Z,0eb72fc9ae31081a1b692a0a89d2b91aaf23713002e43768948a9b1ffc91c865,否,DeepFinEval audit,observed_yahoo_forward_trading_day,Yahoo chart endpoint response for 2023-07-28 contains the public end-of-day close used for primary_forward_close. Cutoff date 2023-06-30; forward trading day resolved as 300750=2023-07-28.,是,,,
A1-CN_A-20230630-00008,A1,2023-06-30,2023-07-28T07:00:00Z,https://query1.finance.yahoo.com/v8/finance/chart/601012.SS?period1=1690502400&period2=1690675200&interval=1d&events=history&includeAdjustedClose=true,2023-07-28T07:00:00Z,68aa84643de5773d06725c36b9dba77770297da8eb956a9c8c7fb3f7229d3926,否,DeepFinEval audit,observed_yahoo_forward_trading_day,Yahoo chart endpoint response for 2023-07-28 contains the public end-of-day close used for primary_forward_close. Cutoff date 2023-06-30; forward trading day resolved as 601012=2023-07-28.,是,,,
A1-CN_A-20230630-00009,A1,2023-06-30,2023-07-28T07:00:00Z,https://query1.finance.yahoo.com/v8/finance/chart/002594.SZ?period1=1690502400&period2=1690675200&interval=1d&events=history&includeAdjustedClose=true,2023-07-28T07:00:00Z,c4f471477ec492ae85b5e8dd6a99e625ecd38c40c9ff0738c73f9432be8f8fb7,否,DeepFinEval audit,observed_yahoo_forward_trading_day,Yahoo chart endpoint response for 2023-07-28 contains the public end-of-day close used for primary_forward_close. Cutoff date 2023-06-30; forward trading day resolved as 002594=2023-07-28.,是,,,
A1-CN_A-20230630-00010,A1,2023-06-30,2023-07-28T07:00:00Z,https://query1.finance.yahoo.com/v8/finance/chart/300760.SZ?period1=1690502400&period2=1690675200&interval=1d&events=history&includeAdjustedClose=true,2023-07-28T07:00:00Z,3414c6fefd60d3ad955aaf5525b949bf5d3e7beaf224a238a778ab6d5124c84e,否,DeepFinEval audit,observed_yahoo_forward_trading_day,Yahoo chart endpoint response for 2023-07-28 contains the public end-of-day close used for primary_forward_close. Cutoff date 2023-06-30; forward trading day resolved as 300760=2023-07-28.,是,,,
A1-CN_A-20230630-00011,A1,2023-06-30,2023-07-28T07:00:00Z,https://query1.finance.yahoo.com/v8/finance/chart/600276.SS?period1=1690502400&period2=1690675200&interval=1d&events=history&includeAdjustedClose=true,2023-07-28T07:00:00Z,a92e7ca9ac0a0f596c08cd496f5577bd7c4d2d41abd7d45901266ae655c7968a,否,DeepFinEval audit,observed_yahoo_forward_trading_day,Yahoo chart endpoint response for 2023-07-28 contains the public end-of-day close used for primary_forward_close. Cutoff date 2023-06-30; forward trading day resolved as 600276=2023-07-28.,是,,,
A1-CN_A-20230630-00012,A1,2023-06-30,2023-07-28T07:00:00Z,https://query1.finance.yahoo.com/v8/finance/chart/603259.SS?period1=1690502400&period2=1690675200&interval=1d&events=history&includeAdjustedClose=true,2023-07-28T07:00:00Z,f0f1ff3fe28a8d05cffeb4be1e3b7e62d92718380eb4d7eacb6512ce59eb6c55,否,DeepFinEval audit,observed_yahoo_forward_trading_day,Yahoo chart endpoint response for 2023-07-28 contains the public end-of-day close used for primary_forward_close. Cutoff date 2023-06-30; forward trading day resolved as 603259=2023-07-28.,是,,,
A1-CN_A-20230630-00013,A1,2023-06-30,2023-07-28T07:00:00Z,https://query1.finance.yahoo.com/v8/finance/chart/000333.SZ?period1=1690502400&period2=1690675200&interval=1d&events=history&includeAdjustedClose=true,2023-07-28T07:00:00Z,71fff825b454f3be421d292ba770ec19c65526c36bdaaf142affbacf6dcd8664,否,DeepFinEval audit,observed_yahoo_forward_trading_day,Yahoo chart endpoint response for 2023-07-28 contains the public end-of-day close used for primary_forward_close. Cutoff date 2023-06-30; forward trading day resolved as 000333=2023-07-28.,是,,,
A1-CN_A-20230630-00014,A1,2023-06-30,2023-07-28T07:00:00Z,https://query1.finance.yahoo.com/v8/finance/chart/000651.SZ?period1=1690502400&period2=1690675200&interval=1d&events=history&includeAdjustedClose=true,2023-07-28T07:00:00Z,71664b504aa31f849c78e940532edd7a13ebd725cea725e989cffdf3fe68a530,否,DeepFinEval audit,observed_yahoo_forward_trading_day,Yahoo chart endpoint response for 2023-07-28 contains the public end-of-day close used for primary_forward_close. Cutoff date 2023-06-30; forward trading day resolved as 000651=2023-07-28.,是,,,
A1-CN_A-20230630-00015,A1,2023-06-30,2023-07-28T07:00:00Z,https://query1.finance.yahoo.com/v8/finance/chart/603288.SS?period1=1690502400&period2=1690675200&interval=1d&events=history&includeAdjustedClose=true,2023-07-28T07:00:00Z,ad59879325ed654b2d173a0076a2e9f2d59682516d02427894c9ba5e67a75df4,否,DeepFinEval audit,observed_yahoo_forward_trading_day,Yahoo chart endpoint response for 2023-07-28 contains the public end-of-day close used for primary_forward_close. Cutoff date 2023-06-30; forward trading day resolved as 603288=2023-07-28.,是,,,
A1-CN_A-20230630-00016,A1,2023-06-30,2023-07-28T07:00:00Z,https://query1.finance.yahoo.com/v8/finance/chart/601888.SS?period1=1690502400&period2=1690675200&interval=1d&events=history&includeAdjustedClose=true,2023-07-28T07:00:00Z,12ac12b46e2ada1eec29dc77bfdcec947628f5ef056239d7376bd52fd672f820,否,DeepFinEval audit,observed_yahoo_forward_trading_day,Yahoo chart endpoint response for 2023-07-28 contains the public end-of-day close used for primary_forward_close. Cutoff date 2023-06-30; forward trading day resolved as 601888=2023-07-28.,是,,,
A1-CN_A-20230630-00017,A1,2023-06-30,2023-07-28T07:00:00Z,https://query1.finance.yahoo.com/v8/finance/chart/300059.SZ?period1=1690502400&period2=1690675200&interval=1d&events=history&includeAdjustedClose=true,2023-07-28T07:00:00Z,671d0ce53c543ab84bc969250bbb2d77c16b7f0381b9a5122ca5dcb205ffcc1f,否,DeepFinEval audit,observed_yahoo_forward_trading_day,Yahoo chart endpoint response for 2023-07-28 contains the public end-of-day close used for primary_forward_close. Cutoff date 2023-06-30; forward trading day resolved as 300059=2023-07-28.,是,,,
A1-CN_A-20230630-00018,A1,2023-06-30,2023-07-28T07:00:00Z,https://query1.finance.yahoo.com/v8/finance/chart/688981.SS?period1=1690502400&period2=1690675200&interval=1d&events=history&includeAdjustedClose=true,2023-07-28T07:00:00Z,2424472de32934a81b1eb3c8b2a564c2acaed5573c0e8af5942c666376825d38,否,DeepFinEval audit,observed_yahoo_forward_trading_day,Yahoo chart endpoint response for 2023-07-28 contains the public end-of-day close used for primary_forward_close. Cutoff date 2023-06-30; forward trading day resolved as 688981=2023-07-28.,是,,,
A1-CN_A-20230630-00019,A1,2023-06-30,2023-07-28T07:00:00Z,https://query1.finance.yahoo.com/v8/finance/chart/000002.SZ?period1=1690502400&period2=1690675200&interval=1d&events=history&includeAdjustedClose=true,2023-07-28T07:00:00Z,1d4136f5062e4466e891a2ea998867be91dc3917724e7a3914ce22ecbf451bd0,否,DeepFinEval audit,observed_yahoo_forward_trading_day,Yahoo chart endpoint response for 2023-07-28 contains the public end-of-day close used for primary_forward_close. Cutoff date 2023-06-30; forward trading day resolved as 000002=2023-07-28.,是,,,
A1-CN_A-20230630-00020,A1,2023-06-30,2023-07-28T07:00:00Z,https://query1.finance.yahoo.com/v8/finance/chart/601668.SS?period1=1690502400&period2=1690675200&interval=1d&events=history&includeAdjustedClose=true,2023-07-28T07:00:00Z,181205a67b731430ebe47b8543dafa779e2fe87d631bc4d950974333e748c6b9,否,DeepFinEval audit,observed_yahoo_forward_trading_day,Yahoo chart endpoint response for 2023-07-28 contains the public end-of-day close used for primary_forward_close. Cutoff date 2023-06-30; forward trading day resolved as 601668=2023-07-28.,是,,,
A1-CN_A-20230929-00001,A1,2023-09-29,2023-10-27T07:00:00Z,https://query1.finance.yahoo.com/v8/finance/chart/600519.SS?period1=1698364800&period2=1698537600&interval=1d&events=history&includeAdjustedClose=true,2023-10-27T07:00:00Z,ef902df336c0240e3f903f02f1794fafc4c291adcec648b564847a5b46c8121d,否,DeepFinEval audit,observed_yahoo_forward_trading_day,Yahoo chart endpoint response for 2023-10-27 contains the public end-of-day close used for primary_forward_close. Cutoff date 2023-09-29; forward trading day resolved as 600519=2023-10-27.,是,,,
A1-CN_A-20230929-00002,A1,2023-09-29,2023-10-27T07:00:00Z,https://query1.finance.yahoo.com/v8/finance/chart/000858.SZ?period1=1698364800&period2=1698537600&interval=1d&events=history&includeAdjustedClose=true,2023-10-27T07:00:00Z,20e462f5c9df5b867e68f5af0fa272d6f518adce40e2fb3062ade18e224c1845,否,DeepFinEval audit,observed_yahoo_forward_trading_day,Yahoo chart endpoint response for 2023-10-27 contains the public end-of-day close used for primary_forward_close. Cutoff date 2023-09-29; forward trading day resolved as 000858=2023-10-27.,是,,,
A1-CN_A-20230929-00003,A1,2023-09-29,2023-10-27T07:00:00Z,https://query1.finance.yahoo.com/v8/finance/chart/601318.SS?period1=1698364800&period2=1698537600&interval=1d&events=history&includeAdjustedClose=true,2023-10-27T07:00:00Z,08907e6a73f47bcd173835e9d75b39d72e9b1420507f96c1c233df8b7f855bf5,否,DeepFinEval audit,observed_yahoo_forward_trading_day,Yahoo chart endpoint response for 2023-10-27 contains the public end-of-day close used for primary_forward_close. Cutoff date 2023-09-29; forward trading day resolved as 601318=2023-10-27.,是,,,
A1-CN_A-20230929-00004,A1,2023-09-29,2023-10-27T07:00:00Z,https://query1.finance.yahoo.com/v8/finance/chart/600036.SS?period1=1698364800&period2=1698537600&interval=1d&events=history&includeAdjustedClose=true,2023-10-27T07:00:00Z,f82405ff9eee1bbc5c27a2a79713e2bfc5d5e35f3eaf614bff613ca39f30bfbb,否,DeepFinEval audit,observed_yahoo_forward_trading_day,Yahoo chart endpoint response for 2023-10-27 contains the public end-of-day close used for primary_forward_close. Cutoff date 2023-09-29; forward trading day resolved as 600036=2023-10-27.,是,,,
A1-CN_A-20230929-00005,A1,2023-09-29,2023-10-27T07:00:00Z,https://query1.finance.yahoo.com/v8/finance/chart/601398.SS?period1=1698364800&period2=1698537600&interval=1d&events=history&includeAdjustedClose=true,2023-10-27T07:00:00Z,b929bf6a29747644c27db0bbff6850d9bf29e1109850831babe843ecd4854826,否,DeepFinEval audit,observed_yahoo_forward_trading_day,Yahoo chart endpoint response for 2023-10-27 contains the public end-of-day close used for primary_forward_close. Cutoff date 2023-09-29; forward trading day resolved as 601398=2023-10-27.,是,,,
A1-CN_A-20230929-00006,A1,2023-09-29,2023-10-27T07:00:00Z,https://query1.finance.yahoo.com/v8/finance/chart/600030.SS?period1=1698364800&period2=1698537600&interval=1d&events=history&includeAdjustedClose=true,2023-10-27T07:00:00Z,eee33069960819c69125cecc9410f11af7a4b99aa5ecacecbafc19fb71d89114,否,DeepFinEval audit,observed_yahoo_forward_trading_day,Yahoo chart endpoint response for 2023-10-27 contains the public end-of-day close used for primary_forward_close. Cutoff date 2023-09-29; forward trading day resolved as 600030=2023-10-27.,是,,,
A1-CN_A-20230929-00007,A1,2023-09-29,2023-10-27T07:00:00Z,https://query1.finance.yahoo.com/v8/finance/chart/300750.SZ?period1=1698364800&period2=1698537600&interval=1d&events=history&includeAdjustedClose=true,2023-10-27T07:00:00Z,74d972e539aeffbfb6bc0f6d2e3a6a209a24aaeec2803ed08dd7695312bba5a7,否,DeepFinEval audit,observed_yahoo_forward_trading_day,Yahoo chart endpoint response for 2023-10-27 contains the public end-of-day close used for primary_forward_close. Cutoff date 2023-09-29; forward trading day resolved as 300750=2023-10-27.,是,,,
A1-CN_A-20230929-00008,A1,2023-09-29,2023-10-27T07:00:00Z,https://query1.finance.yahoo.com/v8/finance/chart/601012.SS?period1=1698364800&period2=1698537600&interval=1d&events=history&includeAdjustedClose=true,2023-10-27T07:00:00Z,e0d5179e0a3dc1ff96f2ec3c7f151c4e4a6666a5e1f71481d319b75aec168869,否,DeepFinEval audit,observed_yahoo_forward_trading_day,Yahoo chart endpoint response for 2023-10-27 contains the public end-of-day close used for primary_forward_close. Cutoff date 2023-09-29; forward trading day resolved as 601012=2023-10-27.,是,,,
A1-CN_A-20230929-00009,A1,2023-09-29,2023-10-27T07:00:00Z,https://query1.finance.yahoo.com/v8/finance/chart/002594.SZ?period1=1698364800&period2=1698537600&interval=1d&events=history&includeAdjustedClose=true,2023-10-27T07:00:00Z,b2b0ad077463a8f8ae3c3e7a70c15babfc6ee2ef308fcc9c9bb90f60fd4a7951,否,DeepFinEval audit,observed_yahoo_forward_trading_day,Yahoo chart endpoint response for 2023-10-27 contains the public end-of-day close used for primary_forward_close. Cutoff date 2023-09-29; forward trading day resolved as 002594=2023-10-27.,是,,,
A1-CN_A-20230929-00010,A1,2023-09-29,2023-10-27T07:00:00Z,https://query1.finance.yahoo.com/v8/finance/chart/300760.SZ?period1=1698364800&period2=1698537600&interval=1d&events=history&includeAdjustedClose=true,2023-10-27T07:00:00Z,70223a604bea9c24f62d6afaf870d691db4c2c05065101c513dd296c3809a0b1,否,DeepFinEval audit,observed_yahoo_forward_trading_day,Yahoo chart endpoint response for 2023-10-27 contains the public end-of-day close used for primary_forward_close. Cutoff date 2023-09-29; forward trading day resolved as 300760=2023-10-27.,是,,,
A1-CN_A-20230929-00011,A1,2023-09-29,2023-10-27T07:00:00Z,https://query1.finance.yahoo.com/v8/finance/chart/600276.SS?period1=1698364800&period2=1698537600&interval=1d&events=history&includeAdjustedClose=true,2023-10-27T07:00:00Z,bfb2579d0cb611e6a753a58cf74322556acecbc369c3c8d2935f09107c9ee2ef,否,DeepFinEval audit,observed_yahoo_forward_trading_day,Yahoo chart endpoint response for 2023-10-27 contains the public end-of-day close used for primary_forward_close. Cutoff date 2023-09-29; forward trading day resolved as 600276=2023-10-27.,是,,,
A1-CN_A-20230929-00012,A1,2023-09-29,2023-10-27T07:00:00Z,https://query1.finance.yahoo.com/v8/finance/chart/603259.SS?period1=1698364800&period2=1698537600&interval=1d&events=history&includeAdjustedClose=true,2023-10-27T07:00:00Z,5e46006d238a583d8a2395fffc46ff35eafdc2d8716a9ba0bf6829d987be216a,否,DeepFinEval audit,observed_yahoo_forward_trading_day,Yahoo chart endpoint response for 2023-10-27 contains the public end-of-day close used for primary_forward_close. Cutoff date 2023-09-29; forward trading day resolved as 603259=2023-10-27.,是,,,
A1-CN_A-20230929-00013,A1,2023-09-29,2023-10-27T07:00:00Z,https://query1.finance.yahoo.com/v8/finance/chart/000333.SZ?period1=1698364800&period2=1698537600&interval=1d&events=history&includeAdjustedClose=true,2023-10-27T07:00:00Z,99ca9ec9dc678484e5a98b639806f084239b674f939bf79f9128f4924e68e97d,否,DeepFinEval audit,observed_yahoo_forward_trading_day,Yahoo chart endpoint response for 2023-10-27 contains the public end-of-day close used for primary_forward_close. Cutoff date 2023-09-29; forward trading day resolved as 000333=2023-10-27.,是,,,
A1-CN_A-20230929-00014,A1,2023-09-29,2023-10-27T07:00:00Z,https://query1.finance.yahoo.com/v8/finance/chart/000651.SZ?period1=1698364800&period2=1698537600&interval=1d&events=history&includeAdjustedClose=true,2023-10-27T07:00:00Z,a8217b6b1d947ef92ba77f45343114c163aa4cac84d5d201827f9fd551bc807d,否,DeepFinEval audit,observed_yahoo_forward_trading_day,Yahoo chart endpoint response for 2023-10-27 contains the public end-of-day close used for primary_forward_close. Cutoff date 2023-09-29; forward trading day resolved as 000651=2023-10-27.,是,,,
A1-CN_A-20230929-00015,A1,2023-09-29,2023-10-27T07:00:00Z,https://query1.finance.yahoo.com/v8/finance/chart/603288.SS?period1=1698364800&period2=1698537600&interval=1d&events=history&includeAdjustedClose=true,2023-10-27T07:00:00Z,ace05f889e3a9445f821eb73e593e1457ff650fea4070169b2dd3074123781c2,否,DeepFinEval audit,observed_yahoo_forward_trading_day,Yahoo chart endpoint response for 2023-10-27 contains the public end-of-day close used for primary_forward_close. Cutoff date 2023-09-29; forward trading day resolved as 603288=2023-10-27.,是,,,
A1-CN_A-20230929-00016,A1,2023-09-29,2023-10-27T07:00:00Z,https://query1.finance.yahoo.com/v8/finance/chart/601888.SS?period1=1698364800&period2=1698537600&interval=1d&events=history&includeAdjustedClose=true,2023-10-27T07:00:00Z,0d257c64a3d60dc79fa3da9b947c3511cab0afa1d628d1498b889cebabe86f9f,否,DeepFinEval audit,observed_yahoo_forward_trading_day,Yahoo chart endpoint response for 2023-10-27 contains the public end-of-day close used for primary_forward_close. Cutoff date 2023-09-29; forward trading day resolved as 601888=2023-10-27.,是,,,
A1-CN_A-20230929-00017,A1,2023-09-29,2023-10-27T07:00:00Z,https://query1.finance.yahoo.com/v8/finance/chart/300059.SZ?period1=1698364800&period2=1698537600&interval=1d&events=history&includeAdjustedClose=true,2023-10-27T07:00:00Z,d237c8b1eebe74e66f51889547ba8c04db8ab4fd05916fe53228dee332e2ddab,否,DeepFinEval audit,observed_yahoo_forward_trading_day,Yahoo chart endpoint response for 2023-10-27 contains the public end-of-day close used for primary_forward_close. Cutoff date 2023-09-29; forward trading day resolved as 300059=2023-10-27.,是,,,
A1-CN_A-20230929-00018,A1,2023-09-29,2023-10-27T07:00:00Z,https://query1.finance.yahoo.com/v8/finance/chart/688981.SS?period1=1698364800&period2=1698537600&interval=1d&events=history&includeAdjustedClose=true,2023-10-27T07:00:00Z,d32fa0848951fa9fd4fc7129a008360aebb81d9591ccc3cdfcf7c5cf5120a952,否,DeepFinEval audit,observed_yahoo_forward_trading_day,Yahoo chart endpoint response for 2023-10-27 contains the public end-of-day close used for primary_forward_close. Cutoff date 2023-09-29; forward trading day resolved as 688981=2023-10-27.,是,,,
A1-CN_A-20230929-00019,A1,2023-09-29,2023-10-27T07:00:00Z,https://query1.finance.yahoo.com/v8/finance/chart/000002.SZ?period1=1698364800&period2=1698537600&interval=1d&events=history&includeAdjustedClose=true,2023-10-27T07:00:00Z,34564e24c5971dc669553d671ad32a8779e7cd178afd71ac3644b1c5b3cb6126,否,DeepFinEval audit,observed_yahoo_forward_trading_day,Yahoo chart endpoint response for 2023-10-27 contains the public end-of-day close used for primary_forward_close. Cutoff date 2023-09-29; forward trading day resolved as 000002=2023-10-27.,是,,,
A1-CN_A-20230929-00020,A1,2023-09-29,2023-10-27T07:00:00Z,https://query1.finance.yahoo.com/v8/finance/chart/601668.SS?period1=1698364800&period2=1698537600&interval=1d&events=history&includeAdjustedClose=true,2023-10-27T07:00:00Z,42573c60a6e7561fcd2090c677291c157b8d6431440375a5997f88a23b7e0ffe,否,DeepFinEval audit,observed_yahoo_forward_trading_day,Yahoo chart endpoint response for 2023-10-27 contains the public end-of-day close used for primary_forward_close. Cutoff date 2023-09-29; forward trading day resolved as 601668=2023-10-27.,是,,,
A1-CN_A-20231229-00001,A1,2023-12-29,2024-01-26T07:00:00Z,https://query1.finance.yahoo.com/v8/finance/chart/600519.SS?period1=1706227200&period2=1706400000&interval=1d&events=history&includeAdjustedClose=true,2024-01-26T07:00:00Z,c2fbed87870430d1b9ae8becfe5c51ee8012b5a5599acb274948aacd31de7608,否,DeepFinEval audit,observed_yahoo_forward_trading_day,Yahoo chart endpoint response for 2024-01-26 contains the public end-of-day close used for primary_forward_close. Cutoff date 2023-12-29; forward trading day resolved as 600519=2024-01-26.,是,,,
A1-CN_A-20231229-00002,A1,2023-12-29,2024-01-26T07:00:00Z,https://query1.finance.yahoo.com/v8/finance/chart/000858.SZ?period1=1706227200&period2=1706400000&interval=1d&events=history&includeAdjustedClose=true,2024-01-26T07:00:00Z,8dbf698bc87b299561cc59164d03ea36e590748e9e8821ef3f692898c1a5d779,否,DeepFinEval audit,observed_yahoo_forward_trading_day,Yahoo chart endpoint response for 2024-01-26 contains the public end-of-day close used for primary_forward_close. Cutoff date 2023-12-29; forward trading day resolved as 000858=2024-01-26.,是,,,
A1-CN_A-20231229-00003,A1,2023-12-29,2024-01-26T07:00:00Z,https://query1.finance.yahoo.com/v8/finance/chart/601318.SS?period1=1706227200&period2=1706400000&interval=1d&events=history&includeAdjustedClose=true,2024-01-26T07:00:00Z,63d038aebdd4a9774a08ba593a65972f49d7313aaee9cc95537e72c666b45526,否,DeepFinEval audit,observed_yahoo_forward_trading_day,Yahoo chart endpoint response for 2024-01-26 contains the public end-of-day close used for primary_forward_close. Cutoff date 2023-12-29; forward trading day resolved as 601318=2024-01-26.,是,,,
A1-CN_A-20231229-00004,A1,2023-12-29,2024-01-26T07:00:00Z,https://query1.finance.yahoo.com/v8/finance/chart/600036.SS?period1=1706227200&period2=1706400000&interval=1d&events=history&includeAdjustedClose=true,2024-01-26T07:00:00Z,e4a3c95616c12e7efd08b69270f53f6430af291967c7ccccc17c35f5dbb7b8fc,否,DeepFinEval audit,observed_yahoo_forward_trading_day,Yahoo chart endpoint response for 2024-01-26 contains the public end-of-day close used for primary_forward_close. Cutoff date 2023-12-29; forward trading day resolved as 600036=2024-01-26.,是,,,
A1-CN_A-20231229-00005,A1,2023-12-29,2024-01-26T07:00:00Z,https://query1.finance.yahoo.com/v8/finance/chart/601398.SS?period1=1706227200&period2=1706400000&interval=1d&events=history&includeAdjustedClose=true,2024-01-26T07:00:00Z,da30874d13dac83aabf8c17f086073f6483e2761f23b462147e91debdbb768e2,否,DeepFinEval audit,observed_yahoo_forward_trading_day,Yahoo chart endpoint response for 2024-01-26 contains the public end-of-day close used for primary_forward_close. Cutoff date 2023-12-29; forward trading day resolved as 601398=2024-01-26.,是,,,
A1-CN_A-20231229-00006,A1,2023-12-29,2024-01-26T07:00:00Z,https://query1.finance.yahoo.com/v8/finance/chart/600030.SS?period1=1706227200&period2=1706400000&interval=1d&events=history&includeAdjustedClose=true,2024-01-26T07:00:00Z,0dd658c60976d25e415c0969fb2d0f9f0ea3b5149ba80c02599a24f031e4afa9,否,DeepFinEval audit,observed_yahoo_forward_trading_day,Yahoo chart endpoint response for 2024-01-26 contains the public end-of-day close used for primary_forward_close. Cutoff date 2023-12-29; forward trading day resolved as 600030=2024-01-26.,是,,,
A1-CN_A-20231229-00007,A1,2023-12-29,2024-01-26T07:00:00Z,https://query1.finance.yahoo.com/v8/finance/chart/300750.SZ?period1=1706227200&period2=1706400000&interval=1d&events=history&includeAdjustedClose=true,2024-01-26T07:00:00Z,68a846bcabd580e11f1c31fa28d750f2275f3ba1c21875c76d219136917603a9,否,DeepFinEval audit,observed_yahoo_forward_trading_day,Yahoo chart endpoint response for 2024-01-26 contains the public end-of-day close used for primary_forward_close. Cutoff date 2023-12-29; forward trading day resolved as 300750=2024-01-26.,是,,,
A1-CN_A-20231229-00008,A1,2023-12-29,2024-01-26T07:00:00Z,https://query1.finance.yahoo.com/v8/finance/chart/601012.SS?period1=1706227200&period2=1706400000&interval=1d&events=history&includeAdjustedClose=true,2024-01-26T07:00:00Z,2cbeb01c2af12084cf893fd63b7e407fa6c7843f5dd2af0180be91622e2b2864,否,DeepFinEval audit,observed_yahoo_forward_trading_day,Yahoo chart endpoint response for 2024-01-26 contains the public end-of-day close used for primary_forward_close. Cutoff date 2023-12-29; forward trading day resolved as 601012=2024-01-26.,是,,,
A1-CN_A-20231229-00009,A1,2023-12-29,2024-01-26T07:00:00Z,https://query1.finance.yahoo.com/v8/finance/chart/002594.SZ?period1=1706227200&period2=1706400000&interval=1d&events=history&includeAdjustedClose=true,2024-01-26T07:00:00Z,a5584eadc605e09927c04c39fceade2e1f8fb6438c267dcf6e976fbb7ddf71a6,否,DeepFinEval audit,observed_yahoo_forward_trading_day,Yahoo chart endpoint response for 2024-01-26 contains the public end-of-day close used for primary_forward_close. Cutoff date 2023-12-29; forward trading day resolved as 002594=2024-01-26.,是,,,
A1-CN_A-20231229-00010,A1,2023-12-29,2024-01-26T07:00:00Z,https://query1.finance.yahoo.com/v8/finance/chart/300760.SZ?period1=1706227200&period2=1706400000&interval=1d&events=history&includeAdjustedClose=true,2024-01-26T07:00:00Z,65a76fa85024f282fea7f095b1e3f5d53ff216837f85d1b8c353cc45e4d7c246,否,DeepFinEval audit,observed_yahoo_forward_trading_day,Yahoo chart endpoint response for 2024-01-26 contains the public end-of-day close used for primary_forward_close. Cutoff date 2023-12-29; forward trading day resolved as 300760=2024-01-26.,是,,,
A1-CN_A-20231229-00011,A1,2023-12-29,2024-01-26T07:00:00Z,https://query1.finance.yahoo.com/v8/finance/chart/600276.SS?period1=1706227200&period2=1706400000&interval=1d&events=history&includeAdjustedClose=true,2024-01-26T07:00:00Z,18d0484648a0255fb5204cf0b8b2e248b2d3c891c3d5dde5ab9e5e6b62390554,否,DeepFinEval audit,observed_yahoo_forward_trading_day,Yahoo chart endpoint response for 2024-01-26 contains the public end-of-day close used for primary_forward_close. Cutoff date 2023-12-29; forward trading day resolved as 600276=2024-01-26.,是,,,
A1-CN_A-20231229-00012,A1,2023-12-29,2024-01-26T07:00:00Z,https://query1.finance.yahoo.com/v8/finance/chart/603259.SS?period1=1706227200&period2=1706400000&interval=1d&events=history&includeAdjustedClose=true,2024-01-26T07:00:00Z,d2b05a0d2e2540812c7ff9624afe818f8ad91d553175fb7fb7f81ae24da16d9e,否,DeepFinEval audit,observed_yahoo_forward_trading_day,Yahoo chart endpoint response for 2024-01-26 contains the public end-of-day close used for primary_forward_close. Cutoff date 2023-12-29; forward trading day resolved as 603259=2024-01-26.,是,,,
A1-CN_A-20231229-00013,A1,2023-12-29,2024-01-26T07:00:00Z,https://query1.finance.yahoo.com/v8/finance/chart/000333.SZ?period1=1706227200&period2=1706400000&interval=1d&events=history&includeAdjustedClose=true,2024-01-26T07:00:00Z,43501c88637f582931024de3ca7bc33101500e6b849d79b610741011a02718dd,否,DeepFinEval audit,observed_yahoo_forward_trading_day,Yahoo chart endpoint response for 2024-01-26 contains the public end-of-day close used for primary_forward_close. Cutoff date 2023-12-29; forward trading day resolved as 000333=2024-01-26.,是,,,
A1-CN_A-20231229-00014,A1,2023-12-29,2024-01-26T07:00:00Z,https://query1.finance.yahoo.com/v8/finance/chart/000651.SZ?period1=1706227200&period2=1706400000&interval=1d&events=history&includeAdjustedClose=true,2024-01-26T07:00:00Z,f907ce63b44118d129b0857e698a88be43285e98317f247f94e1204cc4367948,否,DeepFinEval audit,observed_yahoo_forward_trading_day,Yahoo chart endpoint response for 2024-01-26 contains the public end-of-day close used for primary_forward_close. Cutoff date 2023-12-29; forward trading day resolved as 000651=2024-01-26.,是,,,
A1-CN_A-20231229-00015,A1,2023-12-29,2024-01-26T07:00:00Z,https://query1.finance.yahoo.com/v8/finance/chart/603288.SS?period1=1706227200&period2=1706400000&interval=1d&events=history&includeAdjustedClose=true,2024-01-26T07:00:00Z,9b5f6d2fe8026cdbbdfc906d4dd501ac2f8176fb6ad1d8272bedb78afd89297c,否,DeepFinEval audit,observed_yahoo_forward_trading_day,Yahoo chart endpoint response for 2024-01-26 contains the public end-of-day close used for primary_forward_close. Cutoff date 2023-12-29; forward trading day resolved as 603288=2024-01-26.,是,,,
A1-CN_A-20231229-00016,A1,2023-12-29,2024-01-26T07:00:00Z,https://query1.finance.yahoo.com/v8/finance/chart/601888.SS?period1=1706227200&period2=1706400000&interval=1d&events=history&includeAdjustedClose=true,2024-01-26T07:00:00Z,34588ab46d2cbb9701ac22b990f591a8af85b49fb9e22de8ba4e852ac469d9c1,否,DeepFinEval audit,observed_yahoo_forward_trading_day,Yahoo chart endpoint response for 2024-01-26 contains the public end-of-day close used for primary_forward_close. Cutoff date 2023-12-29; forward trading day resolved as 601888=2024-01-26.,是,,,
A1-CN_A-20231229-00017,A1,2023-12-29,2024-01-26T07:00:00Z,https://query1.finance.yahoo.com/v8/finance/chart/300059.SZ?period1=1706227200&period2=1706400000&interval=1d&events=history&includeAdjustedClose=true,2024-01-26T07:00:00Z,1088a55b0e3ab346029ddc147028565a35ca148071717f4a1a13bbe6fc65978f,否,DeepFinEval audit,observed_yahoo_forward_trading_day,Yahoo chart endpoint response for 2024-01-26 contains the public end-of-day close used for primary_forward_close. Cutoff date 2023-12-29; forward trading day resolved as 300059=2024-01-26.,是,,,
A1-CN_A-20231229-00018,A1,2023-12-29,2024-01-26T07:00:00Z,https://query1.finance.yahoo.com/v8/finance/chart/688981.SS?period1=1706227200&period2=1706400000&interval=1d&events=history&includeAdjustedClose=true,2024-01-26T07:00:00Z,2e9421dbd98b82c8be04c6925dcc275911a51398f47faf79c4b10759881b66b3,否,DeepFinEval audit,observed_yahoo_forward_trading_day,Yahoo chart endpoint response for 2024-01-26 contains the public end-of-day close used for primary_forward_close. Cutoff date 2023-12-29; forward trading day resolved as 688981=2024-01-26.,是,,,
A1-CN_A-20231229-00019,A1,2023-12-29,2024-01-26T07:00:00Z,https://query1.finance.yahoo.com/v8/finance/chart/000002.SZ?period1=1706227200&period2=1706400000&interval=1d&events=history&includeAdjustedClose=true,2024-01-26T07:00:00Z,26a82013453db4fe0e493fb87ba37b5e0a06892dc95c6b28f9c6fedef4d388d2,否,DeepFinEval audit,observed_yahoo_forward_trading_day,Yahoo chart endpoint response for 2024-01-26 contains the public end-of-day close used for primary_forward_close. Cutoff date 2023-12-29; forward trading day resolved as 000002=2024-01-26.,是,,,
A1-CN_A-20231229-00020,A1,2023-12-29,2024-01-26T07:00:00Z,https://query1.finance.yahoo.com/v8/finance/chart/601668.SS?period1=1706227200&period2=1706400000&interval=1d&events=history&includeAdjustedClose=true,2024-01-26T07:00:00Z,6264911001d71b1bc244893a9c385c6ed0912881567e343953b276dcb9e5298b,否,DeepFinEval audit,observed_yahoo_forward_trading_day,Yahoo chart endpoint response for 2024-01-26 contains the public end-of-day close used for primary_forward_close. Cutoff date 2023-12-29; forward trading day resolved as 601668=2024-01-26.,是,,,
A1-CN_A-20240329-00001,A1,2024-03-29,2024-04-26T07:00:00Z,https://query1.finance.yahoo.com/v8/finance/chart/600519.SS?period1=1714089600&period2=1714262400&interval=1d&events=history&includeAdjustedClose=true,2024-04-26T07:00:00Z,4fe26a3903eb8d0977dee8687b635ea5c4a085e7d1c9f2e324093c63698b25fe,否,DeepFinEval audit,observed_yahoo_forward_trading_day,Yahoo chart endpoint response for 2024-04-26 contains the public end-of-day close used for primary_forward_close. Cutoff date 2024-03-29; forward trading day resolved as 600519=2024-04-26.,是,,,
A1-CN_A-20240329-00002,A1,2024-03-29,2024-04-26T07:00:00Z,https://query1.finance.yahoo.com/v8/finance/chart/000858.SZ?period1=1714089600&period2=1714262400&interval=1d&events=history&includeAdjustedClose=true,2024-04-26T07:00:00Z,1adf66b321cffec9a1a8f1295425f091a2931a5a8d9a06d21b6bddcac30874ca,否,DeepFinEval audit,observed_yahoo_forward_trading_day,Yahoo chart endpoint response for 2024-04-26 contains the public end-of-day close used for primary_forward_close. Cutoff date 2024-03-29; forward trading day resolved as 000858=2024-04-26.,是,,,
A1-CN_A-20240329-00003,A1,2024-03-29,2024-04-26T07:00:00Z,https://query1.finance.yahoo.com/v8/finance/chart/601318.SS?period1=1714089600&period2=1714262400&interval=1d&events=history&includeAdjustedClose=true,2024-04-26T07:00:00Z,e6d19db27c690d44db089177875ca964b9120b0c21336b0a0f1e38d8973b72f2,否,DeepFinEval audit,observed_yahoo_forward_trading_day,Yahoo chart endpoint response for 2024-04-26 contains the public end-of-day close used for primary_forward_close. Cutoff date 2024-03-29; forward trading day resolved as 601318=2024-04-26.,是,,,
A1-CN_A-20240329-00004,A1,2024-03-29,2024-04-26T07:00:00Z,https://query1.finance.yahoo.com/v8/finance/chart/600036.SS?period1=1714089600&period2=1714262400&interval=1d&events=history&includeAdjustedClose=true,2024-04-26T07:00:00Z,3887c6851e1e9455aaf7dcd307519f664e3e4ee82a233d1944285cb999080e32,否,DeepFinEval audit,observed_yahoo_forward_trading_day,Yahoo chart endpoint response for 2024-04-26 contains the public end-of-day close used for primary_forward_close. Cutoff date 2024-03-29; forward trading day resolved as 600036=2024-04-26.,是,,,
A1-CN_A-20240329-00005,A1,2024-03-29,2024-04-26T07:00:00Z,https://query1.finance.yahoo.com/v8/finance/chart/601398.SS?period1=1714089600&period2=1714262400&interval=1d&events=history&includeAdjustedClose=true,2024-04-26T07:00:00Z,7c04e5c0681e65cf22af2c2c448c400f93d7b0154b94244b099c2590ad4976cb,否,DeepFinEval audit,observed_yahoo_forward_trading_day,Yahoo chart endpoint response for 2024-04-26 contains the public end-of-day close used for primary_forward_close. Cutoff date 2024-03-29; forward trading day resolved as 601398=2024-04-26.,是,,,
A1-CN_A-20240329-00006,A1,2024-03-29,2024-04-26T07:00:00Z,https://query1.finance.yahoo.com/v8/finance/chart/600030.SS?period1=1714089600&period2=1714262400&interval=1d&events=history&includeAdjustedClose=true,2024-04-26T07:00:00Z,d7332c5d944cebe3a9618ace4b55b9c0696954a4c9fba482e1ef1631b42f30d7,否,DeepFinEval audit,observed_yahoo_forward_trading_day,Yahoo chart endpoint response for 2024-04-26 contains the public end-of-day close used for primary_forward_close. Cutoff date 2024-03-29; forward trading day resolved as 600030=2024-04-26.,是,,,
A1-CN_A-20240329-00007,A1,2024-03-29,2024-04-26T07:00:00Z,https://query1.finance.yahoo.com/v8/finance/chart/300750.SZ?period1=1714089600&period2=1714262400&interval=1d&events=history&includeAdjustedClose=true,2024-04-26T07:00:00Z,3fc70557260121ff639593b3b498df4af5a230db88aefbd143ab00e0410ded2b,否,DeepFinEval audit,observed_yahoo_forward_trading_day,Yahoo chart endpoint response for 2024-04-26 contains the public end-of-day close used for primary_forward_close. Cutoff date 2024-03-29; forward trading day resolved as 300750=2024-04-26.,是,,,
A1-CN_A-20240329-00008,A1,2024-03-29,2024-04-26T07:00:00Z,https://query1.finance.yahoo.com/v8/finance/chart/601012.SS?period1=1714089600&period2=1714262400&interval=1d&events=history&includeAdjustedClose=true,2024-04-26T07:00:00Z,c940d90cec9b161fc9ace15e442d30bb0823ac8fa85f2cec20fc2a5e92ef1157,否,DeepFinEval audit,observed_yahoo_forward_trading_day,Yahoo chart endpoint response for 2024-04-26 contains the public end-of-day close used for primary_forward_close. Cutoff date 2024-03-29; forward trading day resolved as 601012=2024-04-26.,是,,,
A1-CN_A-20240329-00009,A1,2024-03-29,2024-04-26T07:00:00Z,https://query1.finance.yahoo.com/v8/finance/chart/002594.SZ?period1=1714089600&period2=1714262400&interval=1d&events=history&includeAdjustedClose=true,2024-04-26T07:00:00Z,ed343d0fd233dc40f122d96de27a5c084901e86f8eb56c03c494f7a9bec895f6,否,DeepFinEval audit,observed_yahoo_forward_trading_day,Yahoo chart endpoint response for 2024-04-26 contains the public end-of-day close used for primary_forward_close. Cutoff date 2024-03-29; forward trading day resolved as 002594=2024-04-26.,是,,,
A1-CN_A-20240329-00010,A1,2024-03-29,2024-04-26T07:00:00Z,https://query1.finance.yahoo.com/v8/finance/chart/300760.SZ?period1=1714089600&period2=1714262400&interval=1d&events=history&includeAdjustedClose=true,2024-04-26T07:00:00Z,874343f84bc85d992913c935f238ee5ccf3ebd691b812f03044361bee752ce14,否,DeepFinEval audit,observed_yahoo_forward_trading_day,Yahoo chart endpoint response for 2024-04-26 contains the public end-of-day close used for primary_forward_close. Cutoff date 2024-03-29; forward trading day resolved as 300760=2024-04-26.,是,,,
A1-CN_A-20240329-00011,A1,2024-03-29,2024-04-26T07:00:00Z,https://query1.finance.yahoo.com/v8/finance/chart/600276.SS?period1=1714089600&period2=1714262400&interval=1d&events=history&includeAdjustedClose=true,2024-04-26T07:00:00Z,73dc99c87030305b0113c8e01f884e002c8839008eeb0d4fe4bfd43ebe0680ff,否,DeepFinEval audit,observed_yahoo_forward_trading_day,Yahoo chart endpoint response for 2024-04-26 contains the public end-of-day close used for primary_forward_close. Cutoff date 2024-03-29; forward trading day resolved as 600276=2024-04-26.,是,,,
A1-CN_A-20240329-00012,A1,2024-03-29,2024-04-26T07:00:00Z,https://query1.finance.yahoo.com/v8/finance/chart/603259.SS?period1=1714089600&period2=1714262400&interval=1d&events=history&includeAdjustedClose=true,2024-04-26T07:00:00Z,4e25891979dcdd7a6beb1012ae47756f370b72db8df948c2fe844d054b318033,否,DeepFinEval audit,observed_yahoo_forward_trading_day,Yahoo chart endpoint response for 2024-04-26 contains the public end-of-day close used for primary_forward_close. Cutoff date 2024-03-29; forward trading day resolved as 603259=2024-04-26.,是,,,
A1-CN_A-20240329-00013,A1,2024-03-29,2024-04-26T07:00:00Z,https://query1.finance.yahoo.com/v8/finance/chart/000333.SZ?period1=1714089600&period2=1714262400&interval=1d&events=history&includeAdjustedClose=true,2024-04-26T07:00:00Z,853044927edf98838d0230a19894c6be57fbdd38bd2c0ee72cca5e589eae9786,否,DeepFinEval audit,observed_yahoo_forward_trading_day,Yahoo chart endpoint response for 2024-04-26 contains the public end-of-day close used for primary_forward_close. Cutoff date 2024-03-29; forward trading day resolved as 000333=2024-04-26.,是,,,
A1-CN_A-20240329-00014,A1,2024-03-29,2024-04-26T07:00:00Z,https://query1.finance.yahoo.com/v8/finance/chart/000651.SZ?period1=1714089600&period2=1714262400&interval=1d&events=history&includeAdjustedClose=true,2024-04-26T07:00:00Z,4fc17e94ecbe248ec2e91c1356c7f24adc5bacf57a5c3444ad2945a199d21a53,否,DeepFinEval audit,observed_yahoo_forward_trading_day,Yahoo chart endpoint response for 2024-04-26 contains the public end-of-day close used for primary_forward_close. Cutoff date 2024-03-29; forward trading day resolved as 000651=2024-04-26.,是,,,
A1-CN_A-20240329-00015,A1,2024-03-29,2024-04-26T07:00:00Z,https://query1.finance.yahoo.com/v8/finance/chart/603288.SS?period1=1714089600&period2=1714262400&interval=1d&events=history&includeAdjustedClose=true,2024-04-26T07:00:00Z,e34a2187ffa01352f3849b162c5992b369fcf764e084f7598cfd33cb6b6c3ad7,否,DeepFinEval audit,observed_yahoo_forward_trading_day,Yahoo chart endpoint response for 2024-04-26 contains the public end-of-day close used for primary_forward_close. Cutoff date 2024-03-29; forward trading day resolved as 603288=2024-04-26.,是,,,
A1-CN_A-20240329-00016,A1,2024-03-29,2024-04-26T07:00:00Z,https://query1.finance.yahoo.com/v8/finance/chart/601888.SS?period1=1714089600&period2=1714262400&interval=1d&events=history&includeAdjustedClose=true,2024-04-26T07:00:00Z,ed3c6122dabfe23b80c46b787ccab1107eab38178ec0ce155ebb8bb8734af0bc,否,DeepFinEval audit,observed_yahoo_forward_trading_day,Yahoo chart endpoint response for 2024-04-26 contains the public end-of-day close used for primary_forward_close. Cutoff date 2024-03-29; forward trading day resolved as 601888=2024-04-26.,是,,,
A1-CN_A-20240329-00017,A1,2024-03-29,2024-04-26T07:00:00Z,https://query1.finance.yahoo.com/v8/finance/chart/300059.SZ?period1=1714089600&period2=1714262400&interval=1d&events=history&includeAdjustedClose=true,2024-04-26T07:00:00Z,f1352859fbbff9c9c96b5ba19dd05580d2d10f015054cef2e0dc977126455db4,否,DeepFinEval audit,observed_yahoo_forward_trading_day,Yahoo chart endpoint response for 2024-04-26 contains the public end-of-day close used for primary_forward_close. Cutoff date 2024-03-29; forward trading day resolved as 300059=2024-04-26.,是,,,
A1-CN_A-20240329-00018,A1,2024-03-29,2024-04-26T07:00:00Z,https://query1.finance.yahoo.com/v8/finance/chart/688981.SS?period1=1714089600&period2=1714262400&interval=1d&events=history&includeAdjustedClose=true,2024-04-26T07:00:00Z,71ef064a202b45822f26a60b73456989bed77c470f99435577b3d7d5c8b045a1,否,DeepFinEval audit,observed_yahoo_forward_trading_day,Yahoo chart endpoint response for 2024-04-26 contains the public end-of-day close used for primary_forward_close. Cutoff date 2024-03-29; forward trading day resolved as 688981=2024-04-26.,是,,,
A1-CN_A-20240329-00019,A1,2024-03-29,2024-04-26T07:00:00Z,https://query1.finance.yahoo.com/v8/finance/chart/000002.SZ?period1=1714089600&period2=1714262400&interval=1d&events=history&includeAdjustedClose=true,2024-04-26T07:00:00Z,457f81f157a862e14f9bd359711c136c38a9bf1874b09089e7a6986516c8a2ae,否,DeepFinEval audit,observed_yahoo_forward_trading_day,Yahoo chart endpoint response for 2024-04-26 contains the public end-of-day close used for primary_forward_close. Cutoff date 2024-03-29; forward trading day resolved as 000002=2024-04-26.,是,,,
A1-CN_A-20240329-00020,A1,2024-03-29,2024-04-26T07:00:00Z,https://query1.finance.yahoo.com/v8/finance/chart/601668.SS?period1=1714089600&period2=1714262400&interval=1d&events=history&includeAdjustedClose=true,2024-04-26T07:00:00Z,4bb1c74bf60da67a8afd69b9f395b06831b9bea01447cdd420c0e1211d5cc600,否,DeepFinEval audit,observed_yahoo_forward_trading_day,Yahoo chart endpoint response for 2024-04-26 contains the public end-of-day close used for primary_forward_close. Cutoff date 2024-03-29; forward trading day resolved as 601668=2024-04-26.,是,,,
A1-CN_A-20260130-00001,A1,2026-01-30,2026-02-27T07:00:00Z,https://query1.finance.yahoo.com/v8/finance/chart/600519.SS?period1=1772150400&period2=1772323200&interval=1d&events=history&includeAdjustedClose=true,2026-02-27T07:00:00Z,e0c0160443497bc8a85846382857667b98d98db22ca7bac94f08c2dc0dddf633,否,DeepFinEval audit,observed_yahoo_forward_trading_day,Yahoo chart endpoint response for 2026-02-27 contains the public end-of-day close used for primary_forward_close. Cutoff date 2026-01-30; forward trading day resolved as 600519=2026-02-27.,是,,,
A1-CN_A-20260130-00002,A1,2026-01-30,2026-02-27T07:00:00Z,https://query1.finance.yahoo.com/v8/finance/chart/000858.SZ?period1=1772150400&period2=1772323200&interval=1d&events=history&includeAdjustedClose=true,2026-02-27T07:00:00Z,38f1f84a8d917ab666c36845ae2a5f963491230eee7a0e63516f9fa78419b585,否,DeepFinEval audit,observed_yahoo_forward_trading_day,Yahoo chart endpoint response for 2026-02-27 contains the public end-of-day close used for primary_forward_close. Cutoff date 2026-01-30; forward trading day resolved as 000858=2026-02-27.,是,,,
A1-CN_A-20260130-00003,A1,2026-01-30,2026-02-27T07:00:00Z,https://query1.finance.yahoo.com/v8/finance/chart/601318.SS?period1=1772150400&period2=1772323200&interval=1d&events=history&includeAdjustedClose=true,2026-02-27T07:00:00Z,5546b62216d56162819a7f7c410a7228f9dfe9dc7f0304bd6be5e84cecfbf981,否,DeepFinEval audit,observed_yahoo_forward_trading_day,Yahoo chart endpoint response for 2026-02-27 contains the public end-of-day close used for primary_forward_close. Cutoff date 2026-01-30; forward trading day resolved as 601318=2026-02-27.,是,,,
A1-CN_A-20260130-00004,A1,2026-01-30,2026-02-27T07:00:00Z,https://query1.finance.yahoo.com/v8/finance/chart/600036.SS?period1=1772150400&period2=1772323200&interval=1d&events=history&includeAdjustedClose=true,2026-02-27T07:00:00Z,9abbbdd1e52e64c4982aaf7909694f2f615ab0961575d5fe920e90dd18aa5457,否,DeepFinEval audit,observed_yahoo_forward_trading_day,Yahoo chart endpoint response for 2026-02-27 contains the public end-of-day close used for primary_forward_close. Cutoff date 2026-01-30; forward trading day resolved as 600036=2026-02-27.,是,,,
A1-CN_A-20260130-00005,A1,2026-01-30,2026-02-27T07:00:00Z,https://query1.finance.yahoo.com/v8/finance/chart/601398.SS?period1=1772150400&period2=1772323200&interval=1d&events=history&includeAdjustedClose=true,2026-02-27T07:00:00Z,c9eb6e47a3d77bdb47ae42fe543b2c45916f4134767d889c480ce1adf8331366,否,DeepFinEval audit,observed_yahoo_forward_trading_day,Yahoo chart endpoint response for 2026-02-27 contains the public end-of-day close used for primary_forward_close. Cutoff date 2026-01-30; forward trading day resolved as 601398=2026-02-27.,是,,,
A1-CN_A-20260130-00006,A1,2026-01-30,2026-02-27T07:00:00Z,https://query1.finance.yahoo.com/v8/finance/chart/600030.SS?period1=1772150400&period2=1772323200&interval=1d&events=history&includeAdjustedClose=true,2026-02-27T07:00:00Z,4f8ed490c44025fe8c21d58f7c63d658d51a2efb9ff76c82a07078f96cbc7a57,否,DeepFinEval audit,observed_yahoo_forward_trading_day,Yahoo chart endpoint response for 2026-02-27 contains the public end-of-day close used for primary_forward_close. Cutoff date 2026-01-30; forward trading day resolved as 600030=2026-02-27.,是,,,
A1-CN_A-20260130-00007,A1,2026-01-30,2026-02-27T07:00:00Z,https://query1.finance.yahoo.com/v8/finance/chart/300750.SZ?period1=1772150400&period2=1772323200&interval=1d&events=history&includeAdjustedClose=true,2026-02-27T07:00:00Z,971d1a26697bb4cb44795b6a466c0878d6a0b6ef79348c263f5c5370350a720c,否,DeepFinEval audit,observed_yahoo_forward_trading_day,Yahoo chart endpoint response for 2026-02-27 contains the public end-of-day close used for primary_forward_close. Cutoff date 2026-01-30; forward trading day resolved as 300750=2026-02-27.,是,,,
A1-CN_A-20260130-00008,A1,2026-01-30,2026-02-27T07:00:00Z,https://query1.finance.yahoo.com/v8/finance/chart/601012.SS?period1=1772150400&period2=1772323200&interval=1d&events=history&includeAdjustedClose=true,2026-02-27T07:00:00Z,74df98f2df10b89e142c2881480a3849960ba2c9f2b0617a6a150d40af9df892,否,DeepFinEval audit,observed_yahoo_forward_trading_day,Yahoo chart endpoint response for 2026-02-27 contains the public end-of-day close used for primary_forward_close. Cutoff date 2026-01-30; forward trading day resolved as 601012=2026-02-27.,是,,,
A1-CN_A-20260130-00009,A1,2026-01-30,2026-02-27T07:00:00Z,https://query1.finance.yahoo.com/v8/finance/chart/002594.SZ?period1=1772150400&period2=1772323200&interval=1d&events=history&includeAdjustedClose=true,2026-02-27T07:00:00Z,85a194e982b68dc1dff1efff6ee2acb53729897e6157f1e13ecc65d52a59c57b,否,DeepFinEval audit,observed_yahoo_forward_trading_day,Yahoo chart endpoint response for 2026-02-27 contains the public end-of-day close used for primary_forward_close. Cutoff date 2026-01-30; forward trading day resolved as 002594=2026-02-27.,是,,,
A1-CN_A-20260130-00010,A1,2026-01-30,2026-02-27T07:00:00Z,https://query1.finance.yahoo.com/v8/finance/chart/300760.SZ?period1=1772150400&period2=1772323200&interval=1d&events=history&includeAdjustedClose=true,2026-02-27T07:00:00Z,bd622b62e03928ca55b3c477716701fa4f2844f0f88ac6807e192d716e26574d,否,DeepFinEval audit,observed_yahoo_forward_trading_day,Yahoo chart endpoint response for 2026-02-27 contains the public end-of-day close used for primary_forward_close. Cutoff date 2026-01-30; forward trading day resolved as 300760=2026-02-27.,是,,,
A1-CN_A-20260130-00011,A1,2026-01-30,2026-02-27T07:00:00Z,https://query1.finance.yahoo.com/v8/finance/chart/600276.SS?period1=1772150400&period2=1772323200&interval=1d&events=history&includeAdjustedClose=true,2026-02-27T07:00:00Z,da1c1e112ee57e38a8e104a6a2e00288c358d17475cb20a8b4dd6d854ee3c1f7,否,DeepFinEval audit,observed_yahoo_forward_trading_day,Yahoo chart endpoint response for 2026-02-27 contains the public end-of-day close used for primary_forward_close. Cutoff date 2026-01-30; forward trading day resolved as 600276=2026-02-27.,是,,,
A1-CN_A-20260130-00012,A1,2026-01-30,2026-02-27T07:00:00Z,https://query1.finance.yahoo.com/v8/finance/chart/603259.SS?period1=1772150400&period2=1772323200&interval=1d&events=history&includeAdjustedClose=true,2026-02-27T07:00:00Z,64ace8081f6d29b4020fa7a035cd19f8c129382df7063891a9ac801fa306d37d,否,DeepFinEval audit,observed_yahoo_forward_trading_day,Yahoo chart endpoint response for 2026-02-27 contains the public end-of-day close used for primary_forward_close. Cutoff date 2026-01-30; forward trading day resolved as 603259=2026-02-27.,是,,,
A1-CN_A-20260130-00013,A1,2026-01-30,2026-02-27T07:00:00Z,https://query1.finance.yahoo.com/v8/finance/chart/000333.SZ?period1=1772150400&period2=1772323200&interval=1d&events=history&includeAdjustedClose=true,2026-02-27T07:00:00Z,6e645f536ccb77c7ff74f57e92e280fb77d5d103c3c20c05fd5e0a27e1ce327d,否,DeepFinEval audit,observed_yahoo_forward_trading_day,Yahoo chart endpoint response for 2026-02-27 contains the public end-of-day close used for primary_forward_close. Cutoff date 2026-01-30; forward trading day resolved as 000333=2026-02-27.,是,,,
A1-CN_A-20260130-00014,A1,2026-01-30,2026-02-27T07:00:00Z,https://query1.finance.yahoo.com/v8/finance/chart/000651.SZ?period1=1772150400&period2=1772323200&interval=1d&events=history&includeAdjustedClose=true,2026-02-27T07:00:00Z,d6d6cee6a112398e5bf2129ea51083610d4241c2e2cbe962c590d13ad0ebb26a,否,DeepFinEval audit,observed_yahoo_forward_trading_day,Yahoo chart endpoint response for 2026-02-27 contains the public end-of-day close used for primary_forward_close. Cutoff date 2026-01-30; forward trading day resolved as 000651=2026-02-27.,是,,,
A1-CN_A-20260130-00015,A1,2026-01-30,2026-02-27T07:00:00Z,https://query1.finance.yahoo.com/v8/finance/chart/603288.SS?period1=1772150400&period2=1772323200&interval=1d&events=history&includeAdjustedClose=true,2026-02-27T07:00:00Z,beea2db9abfd57fda140e71bb869af3f02ddb503a0368d259d88e210aeab8d76,否,DeepFinEval audit,observed_yahoo_forward_trading_day,Yahoo chart endpoint response for 2026-02-27 contains the public end-of-day close used for primary_forward_close. Cutoff date 2026-01-30; forward trading day resolved as 603288=2026-02-27.,是,,,
A1-CN_A-20260130-00016,A1,2026-01-30,2026-02-27T07:00:00Z,https://query1.finance.yahoo.com/v8/finance/chart/601888.SS?period1=1772150400&period2=1772323200&interval=1d&events=history&includeAdjustedClose=true,2026-02-27T07:00:00Z,e422743df8e5dec8a661b849fb204a3c75b2debd5489f0099602694d33a41bbd,否,DeepFinEval audit,observed_yahoo_forward_trading_day,Yahoo chart endpoint response for 2026-02-27 contains the public end-of-day close used for primary_forward_close. Cutoff date 2026-01-30; forward trading day resolved as 601888=2026-02-27.,是,,,
A1-CN_A-20260130-00017,A1,2026-01-30,2026-02-27T07:00:00Z,https://query1.finance.yahoo.com/v8/finance/chart/300059.SZ?period1=1772150400&period2=1772323200&interval=1d&events=history&includeAdjustedClose=true,2026-02-27T07:00:00Z,fb060fdc0f29960aabaaa2452cfcea93219df33585f54727c8764eb689ea7ad3,否,DeepFinEval audit,observed_yahoo_forward_trading_day,Yahoo chart endpoint response for 2026-02-27 contains the public end-of-day close used for primary_forward_close. Cutoff date 2026-01-30; forward trading day resolved as 300059=2026-02-27.,是,,,
A1-CN_A-20260130-00018,A1,2026-01-30,2026-02-27T07:00:00Z,https://query1.finance.yahoo.com/v8/finance/chart/688981.SS?period1=1772150400&period2=1772323200&interval=1d&events=history&includeAdjustedClose=true,2026-02-27T07:00:00Z,1bf67cc51ca1e369d0769640385b248e3e2652e66ac81beb4718dcbe9fa92d64,否,DeepFinEval audit,observed_yahoo_forward_trading_day,Yahoo chart endpoint response for 2026-02-27 contains the public end-of-day close used for primary_forward_close. Cutoff date 2026-01-30; forward trading day resolved as 688981=2026-02-27.,是,,,
A1-CN_A-20260130-00019,A1,2026-01-30,2026-02-27T07:00:00Z,https://query1.finance.yahoo.com/v8/finance/chart/000002.SZ?period1=1772150400&period2=1772323200&interval=1d&events=history&includeAdjustedClose=true,2026-02-27T07:00:00Z,d40b54508e07ce4f7ab5f8a1c647dba1632e1d7e17f43bff42e0728987fb59ba,否,DeepFinEval audit,observed_yahoo_forward_trading_day,Yahoo chart endpoint response for 2026-02-27 contains the public end-of-day close used for primary_forward_close. Cutoff date 2026-01-30; forward trading day resolved as 000002=2026-02-27.,是,,,
A1-CN_A-20260130-00020,A1,2026-01-30,2026-02-27T07:00:00Z,https://query1.finance.yahoo.com/v8/finance/chart/601668.SS?period1=1772150400&period2=1772323200&interval=1d&events=history&includeAdjustedClose=true,2026-02-27T07:00:00Z,676cc0f497211c34bbd0760e440e898d8db103ddf50e816a4ce9ce2e716388de,否,DeepFinEval audit,observed_yahoo_forward_trading_day,Yahoo chart endpoint response for 2026-02-27 contains the public end-of-day close used for primary_forward_close. Cutoff date 2026-01-30; forward trading day resolved as 601668=2026-02-27.,是,,,
A1-HK-20220630-00001,A1,2022-06-30,2022-07-29T08:00:00Z,https://query1.finance.yahoo.com/v8/finance/chart/0700.HK?period1=1659052800&period2=1659225600&interval=1d&events=history&includeAdjustedClose=true,2022-07-29T08:00:00Z,742553d82ba748431484faddaf5e7247d98b5fbd226617c138d27a14d736c6d3,否,DeepFinEval audit,observed_yahoo_forward_trading_day,Yahoo chart endpoint response for 2022-07-29 contains the public end-of-day close used for primary_forward_close. Cutoff date 2022-06-30; forward trading day resolved as 0700=2022-07-29.,是,,,
A1-HK-20220630-00002,A1,2022-06-30,2022-07-29T08:00:00Z,https://query1.finance.yahoo.com/v8/finance/chart/0005.HK?period1=1659052800&period2=1659225600&interval=1d&events=history&includeAdjustedClose=true,2022-07-29T08:00:00Z,98174de38620d49d29bfced7804e988b7b3c206c244bff23d967b69a1f5facb1,否,DeepFinEval audit,observed_yahoo_forward_trading_day,Yahoo chart endpoint response for 2022-07-29 contains the public end-of-day close used for primary_forward_close. Cutoff date 2022-06-30; forward trading day resolved as 0005=2022-07-29.,是,,,
A1-HK-20220630-00003,A1,2022-06-30,2022-07-29T08:00:00Z,https://query1.finance.yahoo.com/v8/finance/chart/9988.HK?period1=1659052800&period2=1659225600&interval=1d&events=history&includeAdjustedClose=true,2022-07-29T08:00:00Z,91bb19063091ba5bda0f0bd54d668f62dcaea8b98c86ffe39eafe738887552ec,否,DeepFinEval audit,observed_yahoo_forward_trading_day,Yahoo chart endpoint response for 2022-07-29 contains the public end-of-day close used for primary_forward_close. Cutoff date 2022-06-30; forward trading day resolved as 9988=2022-07-29.,是,,,
A1-HK-20220630-00004,A1,2022-06-30,2022-07-29T08:00:00Z,https://query1.finance.yahoo.com/v8/finance/chart/0941.HK?period1=1659052800&period2=1659225600&interval=1d&events=history&includeAdjustedClose=true,2022-07-29T08:00:00Z,be897d1dda61ae30997a664740a953e7647fcb27f9cb39233fd65d3648c5db12,否,DeepFinEval audit,observed_yahoo_forward_trading_day,Yahoo chart endpoint response for 2022-07-29 contains the public end-of-day close used for primary_forward_close. Cutoff date 2022-06-30; forward trading day resolved as 0941=2022-07-29.,是,,,
A1-HK-20220630-00005,A1,2022-06-30,2022-07-29T08:00:00Z,https://query1.finance.yahoo.com/v8/finance/chart/1299.HK?period1=1659052800&period2=1659225600&interval=1d&events=history&includeAdjustedClose=true,2022-07-29T08:00:00Z,4c7bb345d693b47221461c5825e068fabe45ffb49ab6492a4819bba70500e179,否,DeepFinEval audit,observed_yahoo_forward_trading_day,Yahoo chart endpoint response for 2022-07-29 contains the public end-of-day close used for primary_forward_close. Cutoff date 2022-06-30; forward trading day resolved as 1299=2022-07-29.,是,,,
A1-HK-20220630-00006,A1,2022-06-30,2022-07-29T08:00:00Z,https://query1.finance.yahoo.com/v8/finance/chart/0388.HK?period1=1659052800&period2=1659225600&interval=1d&events=history&includeAdjustedClose=true,2022-07-29T08:00:00Z,e99a251fe3633a9b5f4d219f677b03ecc11491a090d7d9413c00cda74a102d95,否,DeepFinEval audit,observed_yahoo_forward_trading_day,Yahoo chart endpoint response for 2022-07-29 contains the public end-of-day close used for primary_forward_close. Cutoff date 2022-06-30; forward trading day resolved as 0388=2022-07-29.,是,,,
A1-HK-20220630-00007,A1,2022-06-30,2022-07-29T08:00:00Z,https://query1.finance.yahoo.com/v8/finance/chart/0939.HK?period1=1659052800&period2=1659225600&interval=1d&events=history&includeAdjustedClose=true,2022-07-29T08:00:00Z,03c9317b07acaa96a78b66e9d62fe28efe1b662273a34adb63dc7a388b0772cc,否,DeepFinEval audit,observed_yahoo_forward_trading_day,Yahoo chart endpoint response for 2022-07-29 contains the public end-of-day close used for primary_forward_close. Cutoff date 2022-06-30; forward trading day resolved as 0939=2022-07-29.,是,,,
A1-HK-20220630-00008,A1,2022-06-30,2022-07-29T08:00:00Z,https://query1.finance.yahoo.com/v8/finance/chart/1398.HK?period1=1659052800&period2=1659225600&interval=1d&events=history&includeAdjustedClose=true,2022-07-29T08:00:00Z,32b7014aa3b87ab5589587a9272428ff35c0ce0f01e2bde6a242ec21f8d4d1b5,否,DeepFinEval audit,observed_yahoo_forward_trading_day,Yahoo chart endpoint response for 2022-07-29 contains the public end-of-day close used for primary_forward_close. Cutoff date 2022-06-30; forward trading day resolved as 1398=2022-07-29.,是,,,
A1-HK-20220630-00009,A1,2022-06-30,2022-07-29T08:00:00Z,https://query1.finance.yahoo.com/v8/finance/chart/2318.HK?period1=1659052800&period2=1659225600&interval=1d&events=history&includeAdjustedClose=true,2022-07-29T08:00:00Z,35b910953fd0367b4f92eaf0281b05e0fb330f28ba7775b513d5ae0db3db1910,否,DeepFinEval audit,observed_yahoo_forward_trading_day,Yahoo chart endpoint response for 2022-07-29 contains the public end-of-day close used for primary_forward_close. Cutoff date 2022-06-30; forward trading day resolved as 2318=2022-07-29.,是,,,
A1-HK-20220630-00010,A1,2022-06-30,2022-07-29T08:00:00Z,https://query1.finance.yahoo.com/v8/finance/chart/3690.HK?period1=1659052800&period2=1659225600&interval=1d&events=history&includeAdjustedClose=true,2022-07-29T08:00:00Z,330e513e424d125ce48cf106c9c5925982cf940e0862438ce3562136c0426de8,否,DeepFinEval audit,observed_yahoo_forward_trading_day,Yahoo chart endpoint response for 2022-07-29 contains the public end-of-day close used for primary_forward_close. Cutoff date 2022-06-30; forward trading day resolved as 3690=2022-07-29.,是,,,
A1-HK-20220630-00011,A1,2022-06-30,2022-07-29T08:00:00Z,https://query1.finance.yahoo.com/v8/finance/chart/1810.HK?period1=1659052800&period2=1659225600&interval=1d&events=history&includeAdjustedClose=true,2022-07-29T08:00:00Z,49cfbc71d8c544bc523bef8395fcd4006e00fef6366ed064bd6f125f65aeecff,否,DeepFinEval audit,observed_yahoo_forward_trading_day,Yahoo chart endpoint response for 2022-07-29 contains the public end-of-day close used for primary_forward_close. Cutoff date 2022-06-30; forward trading day resolved as 1810=2022-07-29.,是,,,
A1-HK-20220630-00012,A1,2022-06-30,2022-07-29T08:00:00Z,https://query1.finance.yahoo.com/v8/finance/chart/0883.HK?period1=1659052800&period2=1659225600&interval=1d&events=history&includeAdjustedClose=true,2022-07-29T08:00:00Z,d00224cf9985e87424ee34efa3a1a9e2ad9fd8a5ee79fb69fbb259dbfa0e5296,否,DeepFinEval audit,observed_yahoo_forward_trading_day,Yahoo chart endpoint response for 2022-07-29 contains the public end-of-day close used for primary_forward_close. Cutoff date 2022-06-30; forward trading day resolved as 0883=2022-07-29.,是,,,
A1-HK-20221230-00001,A1,2022-12-30,2023-01-27T08:00:00Z,https://query1.finance.yahoo.com/v8/finance/chart/0700.HK?period1=1674777600&period2=1674950400&interval=1d&events=history&includeAdjustedClose=true,2023-01-27T08:00:00Z,ff649cdfb43b6fd07dc48b2d3412b00d12ef8bfcbed8df4f6e81d615f3f335b0,否,DeepFinEval audit,observed_yahoo_forward_trading_day,Yahoo chart endpoint response for 2023-01-27 contains the public end-of-day close used for primary_forward_close. Cutoff date 2022-12-30; forward trading day resolved as 0700=2023-01-27.,是,,,
A1-HK-20221230-00002,A1,2022-12-30,2023-01-27T08:00:00Z,https://query1.finance.yahoo.com/v8/finance/chart/0005.HK?period1=1674777600&period2=1674950400&interval=1d&events=history&includeAdjustedClose=true,2023-01-27T08:00:00Z,2b67c3929087a69060089e5439f072ee1480b7434bcd6f4a3af7a831a3b1bc67,否,DeepFinEval audit,observed_yahoo_forward_trading_day,Yahoo chart endpoint response for 2023-01-27 contains the public end-of-day close used for primary_forward_close. Cutoff date 2022-12-30; forward trading day resolved as 0005=2023-01-27.,是,,,
A1-HK-20221230-00003,A1,2022-12-30,2023-01-27T08:00:00Z,https://query1.finance.yahoo.com/v8/finance/chart/9988.HK?period1=1674777600&period2=1674950400&interval=1d&events=history&includeAdjustedClose=true,2023-01-27T08:00:00Z,abd3b7edd30638a0779d026c84c93efd8ac326019060eea37046b1146dffa690,否,DeepFinEval audit,observed_yahoo_forward_trading_day,Yahoo chart endpoint response for 2023-01-27 contains the public end-of-day close used for primary_forward_close. Cutoff date 2022-12-30; forward trading day resolved as 9988=2023-01-27.,是,,,
A1-HK-20230331-00001,A1,2023-03-31,2023-04-28T08:00:00Z,https://query1.finance.yahoo.com/v8/finance/chart/0700.HK?period1=1682640000&period2=1682812800&interval=1d&events=history&includeAdjustedClose=true,2023-04-28T08:00:00Z,b4a92a33b141f31ce7f55e7cc65dda68df446efe09c63323a28643c46d548d36,否,DeepFinEval audit,observed_yahoo_forward_trading_day,Yahoo chart endpoint response for 2023-04-28 contains the public end-of-day close used for primary_forward_close. Cutoff date 2023-03-31; forward trading day resolved as 0700=2023-04-28.,是,,,
A1-HK-20230331-00002,A1,2023-03-31,2023-04-28T08:00:00Z,https://query1.finance.yahoo.com/v8/finance/chart/0005.HK?period1=1682640000&period2=1682812800&interval=1d&events=history&includeAdjustedClose=true,2023-04-28T08:00:00Z,bf5164d26486453578fe19d9b264c4fce38e883fe0d71d24c932b43da1f2bc39,否,DeepFinEval audit,observed_yahoo_forward_trading_day,Yahoo chart endpoint response for 2023-04-28 contains the public end-of-day close used for primary_forward_close. Cutoff date 2023-03-31; forward trading day resolved as 0005=2023-04-28.,是,,,
A1-HK-20230331-00003,A1,2023-03-31,2023-04-28T08:00:00Z,https://query1.finance.yahoo.com/v8/finance/chart/9988.HK?period1=1682640000&period2=1682812800&interval=1d&events=history&includeAdjustedClose=true,2023-04-28T08:00:00Z,7e12f828d0b073ab4b2e731884d40342c7e27bd2401ea11f257378a44abafb34,否,DeepFinEval audit,observed_yahoo_forward_trading_day,Yahoo chart endpoint response for 2023-04-28 contains the public end-of-day close used for primary_forward_close. Cutoff date 2023-03-31; forward trading day resolved as 9988=2023-04-28.,是,,,
A1-HK-20230630-00001,A1,2023-06-30,2023-07-28T08:00:00Z,https://query1.finance.yahoo.com/v8/finance/chart/0700.HK?period1=1690502400&period2=1690675200&interval=1d&events=history&includeAdjustedClose=true,2023-07-28T08:00:00Z,468f14b489cc5f02852e5c4ae26eaa706ccb6c51fdd9452e310b9afe7ce620dc,否,DeepFinEval audit,observed_yahoo_forward_trading_day,Yahoo chart endpoint response for 2023-07-28 contains the public end-of-day close used for primary_forward_close. Cutoff date 2023-06-30; forward trading day resolved as 0700=2023-07-28.,是,,,
A1-HK-20230630-00002,A1,2023-06-30,2023-07-28T08:00:00Z,https://query1.finance.yahoo.com/v8/finance/chart/0005.HK?period1=1690502400&period2=1690675200&interval=1d&events=history&includeAdjustedClose=true,2023-07-28T08:00:00Z,3037814138eed5e72282fcae7c951a739bac1f1acc92cad29ffb7cbc7fd9a43d,否,DeepFinEval audit,observed_yahoo_forward_trading_day,Yahoo chart endpoint response for 2023-07-28 contains the public end-of-day close used for primary_forward_close. Cutoff date 2023-06-30; forward trading day resolved as 0005=2023-07-28.,是,,,
A1-HK-20230630-00003,A1,2023-06-30,2023-07-28T08:00:00Z,https://query1.finance.yahoo.com/v8/finance/chart/9988.HK?period1=1690502400&period2=1690675200&interval=1d&events=history&includeAdjustedClose=true,2023-07-28T08:00:00Z,34a78ff3ed94bc97bf76f60adc48a9dfc56480e9cc82dba758f910b9608be411,否,DeepFinEval audit,observed_yahoo_forward_trading_day,Yahoo chart endpoint response for 2023-07-28 contains the public end-of-day close used for primary_forward_close. Cutoff date 2023-06-30; forward trading day resolved as 9988=2023-07-28.,是,,,
A1-HK-20230929-00001,A1,2023-09-29,2023-10-27T08:00:00Z,https://query1.finance.yahoo.com/v8/finance/chart/0700.HK?period1=1698364800&period2=1698537600&interval=1d&events=history&includeAdjustedClose=true,2023-10-27T08:00:00Z,ccdb58c5f55d66a53f6d8a63ebfb9ca2454a265b7a7a2dda6f1b48e8ed8bfc96,否,DeepFinEval audit,observed_yahoo_forward_trading_day,Yahoo chart endpoint response for 2023-10-27 contains the public end-of-day close used for primary_forward_close. Cutoff date 2023-09-29; forward trading day resolved as 0700=2023-10-27.,是,,,
A1-HK-20230929-00002,A1,2023-09-29,2023-10-27T08:00:00Z,https://query1.finance.yahoo.com/v8/finance/chart/0005.HK?period1=1698364800&period2=1698537600&interval=1d&events=history&includeAdjustedClose=true,2023-10-27T08:00:00Z,a75b4516d5b0d52d72d96f0df4492caa098ae4b34ea4ebc60b0e37ec73ad4a6a,否,DeepFinEval audit,observed_yahoo_forward_trading_day,Yahoo chart endpoint response for 2023-10-27 contains the public end-of-day close used for primary_forward_close. Cutoff date 2023-09-29; forward trading day resolved as 0005=2023-10-27.,是,,,
A1-HK-20230929-00003,A1,2023-09-29,2023-10-27T08:00:00Z,https://query1.finance.yahoo.com/v8/finance/chart/9988.HK?period1=1698364800&period2=1698537600&interval=1d&events=history&includeAdjustedClose=true,2023-10-27T08:00:00Z,2eb88e77a25502d6a931761febf0fc44943ffc2e100071a88a4cefd28511d43d,否,DeepFinEval audit,observed_yahoo_forward_trading_day,Yahoo chart endpoint response for 2023-10-27 contains the public end-of-day close used for primary_forward_close. Cutoff date 2023-09-29; forward trading day resolved as 9988=2023-10-27.,是,,,
A1-HK-20231229-00001,A1,2023-12-29,2024-01-26T08:00:00Z,https://query1.finance.yahoo.com/v8/finance/chart/0700.HK?period1=1706227200&period2=1706400000&interval=1d&events=history&includeAdjustedClose=true,2024-01-26T08:00:00Z,efc17f8b143aeed78f7afcc4b6fd5701df15424b7f90a95659a36d4ea9580462,否,DeepFinEval audit,observed_yahoo_forward_trading_day,Yahoo chart endpoint response for 2024-01-26 contains the public end-of-day close used for primary_forward_close. Cutoff date 2023-12-29; forward trading day resolved as 0700=2024-01-26.,是,,,
A1-HK-20231229-00002,A1,2023-12-29,2024-01-26T08:00:00Z,https://query1.finance.yahoo.com/v8/finance/chart/0005.HK?period1=1706227200&period2=1706400000&interval=1d&events=history&includeAdjustedClose=true,2024-01-26T08:00:00Z,3eb08afa3b3322459fd4294fae7e1132a085e4eb63f1a1226a63470b1f77b7e9,否,DeepFinEval audit,observed_yahoo_forward_trading_day,Yahoo chart endpoint response for 2024-01-26 contains the public end-of-day close used for primary_forward_close. Cutoff date 2023-12-29; forward trading day resolved as 0005=2024-01-26.,是,,,
A1-HK-20231229-00003,A1,2023-12-29,2024-01-26T08:00:00Z,https://query1.finance.yahoo.com/v8/finance/chart/9988.HK?period1=1706227200&period2=1706400000&interval=1d&events=history&includeAdjustedClose=true,2024-01-26T08:00:00Z,0c9e9ddde96788109e320619a4a4d6f45ad83355eb2a72a274486cacc63674f2,否,DeepFinEval audit,observed_yahoo_forward_trading_day,Yahoo chart endpoint response for 2024-01-26 contains the public end-of-day close used for primary_forward_close. Cutoff date 2023-12-29; forward trading day resolved as 9988=2024-01-26.,是,,,
A1-HK-20240329-00001,A1,2024-03-29,2024-04-26T08:00:00Z,https://query1.finance.yahoo.com/v8/finance/chart/0700.HK?period1=1714089600&period2=1714262400&interval=1d&events=history&includeAdjustedClose=true,2024-04-26T08:00:00Z,ccd7303b795db916b112a27e041fbfa5baffec6a359832aaa832794bd2d123f9,否,DeepFinEval audit,observed_yahoo_forward_trading_day,Yahoo chart endpoint response for 2024-04-26 contains the public end-of-day close used for primary_forward_close. Cutoff date 2024-03-29; forward trading day resolved as 0700=2024-04-26.,是,,,
A1-HK-20240329-00002,A1,2024-03-29,2024-04-26T08:00:00Z,https://query1.finance.yahoo.com/v8/finance/chart/0005.HK?period1=1714089600&period2=1714262400&interval=1d&events=history&includeAdjustedClose=true,2024-04-26T08:00:00Z,c4128c3e0e6f7c6038211facc0bcc57d491ab30ce61e7c8a39118deb0e8926e4,否,DeepFinEval audit,observed_yahoo_forward_trading_day,Yahoo chart endpoint response for 2024-04-26 contains the public end-of-day close used for primary_forward_close. Cutoff date 2024-03-29; forward trading day resolved as 0005=2024-04-26.,是,,,
A1-HK-20240329-00003,A1,2024-03-29,2024-04-26T08:00:00Z,https://query1.finance.yahoo.com/v8/finance/chart/9988.HK?period1=1714089600&period2=1714262400&interval=1d&events=history&includeAdjustedClose=true,2024-04-26T08:00:00Z,03df4304d43015ccf919a5fac1d2d84c6598700a7393f687207fdd0667dc9fc4,否,DeepFinEval audit,observed_yahoo_forward_trading_day,Yahoo chart endpoint response for 2024-04-26 contains the public end-of-day close used for primary_forward_close. Cutoff date 2024-03-29; forward trading day resolved as 9988=2024-04-26.,是,,,
A1-HK-20260130-00001,A1,2026-01-30,2026-02-27T08:00:00Z,https://query1.finance.yahoo.com/v8/finance/chart/0700.HK?period1=1772150400&period2=1772323200&interval=1d&events=history&includeAdjustedClose=true,2026-02-27T08:00:00Z,400ffc95f71cabf5da4220ba49a4f12dcc889de7698a51b3f9819557c4ac4c0a,否,DeepFinEval audit,observed_yahoo_forward_trading_day,Yahoo chart endpoint response for 2026-02-27 contains the public end-of-day close used for primary_forward_close. Cutoff date 2026-01-30; forward trading day resolved as 0700=2026-02-27.,是,,,
A1-HK-20260130-00002,A1,2026-01-30,2026-02-27T08:00:00Z,https://query1.finance.yahoo.com/v8/finance/chart/0005.HK?period1=1772150400&period2=1772323200&interval=1d&events=history&includeAdjustedClose=true,2026-02-27T08:00:00Z,2202556dad14a5d11b9aa258639100f0fcff894a8aae28474cfcb4c922af7d09,否,DeepFinEval audit,observed_yahoo_forward_trading_day,Yahoo chart endpoint response for 2026-02-27 contains the public end-of-day close used for primary_forward_close. Cutoff date 2026-01-30; forward trading day resolved as 0005=2026-02-27.,是,,,
A1-HK-20260130-00003,A1,2026-01-30,2026-02-27T08:00:00Z,https://query1.finance.yahoo.com/v8/finance/chart/9988.HK?period1=1772150400&period2=1772323200&interval=1d&events=history&includeAdjustedClose=true,2026-02-27T08:00:00Z,73f38b63b3bd4f3b1242bf9d2f4e7a3b2f5daba3f1588192f8ecc7163ff0ae63,否,DeepFinEval audit,observed_yahoo_forward_trading_day,Yahoo chart endpoint response for 2026-02-27 contains the public end-of-day close used for primary_forward_close. Cutoff date 2026-01-30; forward trading day resolved as 9988=2026-02-27.,是,,,
A1-US-20220630-00001,A1,2022-06-30,2022-07-29T20:00:00Z,https://query1.finance.yahoo.com/v8/finance/chart/AAPL?period1=1659052800&period2=1659225600&interval=1d&events=history&includeAdjustedClose=true,2022-07-29T20:00:00Z,e72115ac933279201273a680e3aee44f989f2a99354a18aba28bb02cdc3287be,否,DeepFinEval audit,observed_yahoo_forward_trading_day,Yahoo chart endpoint response for 2022-07-29 contains the public end-of-day close used for primary_forward_close. Cutoff date 2022-06-30; forward trading day resolved as AAPL=2022-07-29.,是,,,
A1-US-20220630-00002,A1,2022-06-30,2022-07-29T20:00:00Z,https://query1.finance.yahoo.com/v8/finance/chart/MSFT?period1=1659052800&period2=1659225600&interval=1d&events=history&includeAdjustedClose=true,2022-07-29T20:00:00Z,e5e0edcfbcac4477bde9987b5994d4a2f088f634516728cdeab9bbdf71e0ff45,否,DeepFinEval audit,observed_yahoo_forward_trading_day,Yahoo chart endpoint response for 2022-07-29 contains the public end-of-day close used for primary_forward_close. Cutoff date 2022-06-30; forward trading day resolved as MSFT=2022-07-29.,是,,,
A1-US-20220630-00003,A1,2022-06-30,2022-07-29T20:00:00Z,https://query1.finance.yahoo.com/v8/finance/chart/JPM?period1=1659052800&period2=1659225600&interval=1d&events=history&includeAdjustedClose=true,2022-07-29T20:00:00Z,6ba1a59b2a11e0aa69ac6b7973402bb27b0ff857a626c4656195e2996715d43f,否,DeepFinEval audit,observed_yahoo_forward_trading_day,Yahoo chart endpoint response for 2022-07-29 contains the public end-of-day close used for primary_forward_close. Cutoff date 2022-06-30; forward trading day resolved as JPM=2022-07-29.,是,,,
A1-US-20220630-00004,A1,2022-06-30,2022-07-29T20:00:00Z,https://query1.finance.yahoo.com/v8/finance/chart/AMZN?period1=1659052800&period2=1659225600&interval=1d&events=history&includeAdjustedClose=true,2022-07-29T20:00:00Z,b2033ac9868652f010f3499fd8b0fe27d5c2d6313021bcc1490c945e306ba16f,否,DeepFinEval audit,observed_yahoo_forward_trading_day,Yahoo chart endpoint response for 2022-07-29 contains the public end-of-day close used for primary_forward_close. Cutoff date 2022-06-30; forward trading day resolved as AMZN=2022-07-29.,是,,,
A1-US-20220630-00005,A1,2022-06-30,2022-07-29T20:00:00Z,https://query1.finance.yahoo.com/v8/finance/chart/META?period1=1659052800&period2=1659225600&interval=1d&events=history&includeAdjustedClose=true,2022-07-29T20:00:00Z,419e172bfb817663457bbc92d111686cb787ad54e764102d3838164ef8c0890a,否,DeepFinEval audit,observed_yahoo_forward_trading_day,Yahoo chart endpoint response for 2022-07-29 contains the public end-of-day close used for primary_forward_close. Cutoff date 2022-06-30; forward trading day resolved as META=2022-07-29.,是,,,
A1-US-20220630-00006,A1,2022-06-30,2022-07-29T20:00:00Z,https://query1.finance.yahoo.com/v8/finance/chart/NVDA?period1=1659052800&period2=1659225600&interval=1d&events=history&includeAdjustedClose=true,2022-07-29T20:00:00Z,b9fdfbcfde1f7a44e54f7460b5aba81d8caa5edebfa1c92c94296c89882d1d61,否,DeepFinEval audit,observed_yahoo_forward_trading_day,Yahoo chart endpoint response for 2022-07-29 contains the public end-of-day close used for primary_forward_close. Cutoff date 2022-06-30; forward trading day resolved as NVDA=2022-07-29.,是,,,
A1-US-20220630-00008,A1,2022-06-30,2022-07-29T20:00:00Z,https://query1.finance.yahoo.com/v8/finance/chart/BAC?period1=1659052800&period2=1659225600&interval=1d&events=history&includeAdjustedClose=true,2022-07-29T20:00:00Z,beaa24a25c8ba64beff89f114f5e2d9cc00d0bc2e12e7bb234fbc891fdc57400,否,DeepFinEval audit,observed_yahoo_forward_trading_day,Yahoo chart endpoint response for 2022-07-29 contains the public end-of-day close used for primary_forward_close. Cutoff date 2022-06-30; forward trading day resolved as BAC=2022-07-29.,是,,,
A1-US-20220630-00009,A1,2022-06-30,2022-07-29T20:00:00Z,https://query1.finance.yahoo.com/v8/finance/chart/JNJ?period1=1659052800&period2=1659225600&interval=1d&events=history&includeAdjustedClose=true,2022-07-29T20:00:00Z,42a1d656a78ba77fbe500c8d94f30a0f0f911b858eff8cb4c184c9ee4dd0c2e2,否,DeepFinEval audit,observed_yahoo_forward_trading_day,Yahoo chart endpoint response for 2022-07-29 contains the public end-of-day close used for primary_forward_close. Cutoff date 2022-06-30; forward trading day resolved as JNJ=2022-07-29.,是,,,
A1-US-20220630-00010,A1,2022-06-30,2022-07-29T20:00:00Z,https://query1.finance.yahoo.com/v8/finance/chart/UNH?period1=1659052800&period2=1659225600&interval=1d&events=history&includeAdjustedClose=true,2022-07-29T20:00:00Z,0c572f05e91f38c6afb8b66a5ea234ab2548dd3555fd48329687575dc742e561,否,DeepFinEval audit,observed_yahoo_forward_trading_day,Yahoo chart endpoint response for 2022-07-29 contains the public end-of-day close used for primary_forward_close. Cutoff date 2022-06-30; forward trading day resolved as UNH=2022-07-29.,是,,,
A1-US-20220630-00011,A1,2022-06-30,2022-07-29T20:00:00Z,https://query1.finance.yahoo.com/v8/finance/chart/PG?period1=1659052800&period2=1659225600&interval=1d&events=history&includeAdjustedClose=true,2022-07-29T20:00:00Z,302406c866241dcbb3323a47a2d79b327f8a82f954abefa9d7674cc317d103fc,否,DeepFinEval audit,observed_yahoo_forward_trading_day,Yahoo chart endpoint response for 2022-07-29 contains the public end-of-day close used for primary_forward_close. Cutoff date 2022-06-30; forward trading day resolved as PG=2022-07-29.,是,,,
A1-US-20221230-00001,A1,2022-12-30,2023-01-27T21:00:00Z,https://query1.finance.yahoo.com/v8/finance/chart/AAPL?period1=1674777600&period2=1674950400&interval=1d&events=history&includeAdjustedClose=true,2023-01-27T21:00:00Z,a5463289a9183a5565044d8fa7ebbad350ea90fad0b99c0bf8b3bb6d01c04da8,否,DeepFinEval audit,observed_yahoo_forward_trading_day,Yahoo chart endpoint response for 2023-01-27 contains the public end-of-day close used for primary_forward_close. Cutoff date 2022-12-30; forward trading day resolved as AAPL=2023-01-27.,是,,,
A1-US-20221230-00002,A1,2022-12-30,2023-01-27T21:00:00Z,https://query1.finance.yahoo.com/v8/finance/chart/MSFT?period1=1674777600&period2=1674950400&interval=1d&events=history&includeAdjustedClose=true,2023-01-27T21:00:00Z,5685cd145bbc639ebb5856734e325746a502122674eecc62f6f32d0ddf05bf37,否,DeepFinEval audit,observed_yahoo_forward_trading_day,Yahoo chart endpoint response for 2023-01-27 contains the public end-of-day close used for primary_forward_close. Cutoff date 2022-12-30; forward trading day resolved as MSFT=2023-01-27.,是,,,
A1-US-20221230-00003,A1,2022-12-30,2023-01-27T21:00:00Z,https://query1.finance.yahoo.com/v8/finance/chart/JPM?period1=1674777600&period2=1674950400&interval=1d&events=history&includeAdjustedClose=true,2023-01-27T21:00:00Z,b0981bb6c2ac118a5ff3f92aa4ab60e1eb8399dea2f11cfc897185c1cfd8e77d,否,DeepFinEval audit,observed_yahoo_forward_trading_day,Yahoo chart endpoint response for 2023-01-27 contains the public end-of-day close used for primary_forward_close. Cutoff date 2022-12-30; forward trading day resolved as JPM=2023-01-27.,是,,,
A1-US-20230331-00001,A1,2023-03-31,2023-04-28T20:00:00Z,https://query1.finance.yahoo.com/v8/finance/chart/AAPL?period1=1682640000&period2=1682812800&interval=1d&events=history&includeAdjustedClose=true,2023-04-28T20:00:00Z,7a1f89d06bd7fe237d3f2b226f1c4b8782a860453afb5be3801cba23268a86f9,否,DeepFinEval audit,observed_yahoo_forward_trading_day,Yahoo chart endpoint response for 2023-04-28 contains the public end-of-day close used for primary_forward_close. Cutoff date 2023-03-31; forward trading day resolved as AAPL=2023-04-28.,是,,,
A1-US-20230331-00002,A1,2023-03-31,2023-04-28T20:00:00Z,https://query1.finance.yahoo.com/v8/finance/chart/MSFT?period1=1682640000&period2=1682812800&interval=1d&events=history&includeAdjustedClose=true,2023-04-28T20:00:00Z,1e6d5c662909432ebc19d46e5eff11068f662a27a2c4ac8e82358d565c0b6b59,否,DeepFinEval audit,observed_yahoo_forward_trading_day,Yahoo chart endpoint response for 2023-04-28 contains the public end-of-day close used for primary_forward_close. Cutoff date 2023-03-31; forward trading day resolved as MSFT=2023-04-28.,是,,,
A1-US-20230331-00003,A1,2023-03-31,2023-04-28T20:00:00Z,https://query1.finance.yahoo.com/v8/finance/chart/JPM?period1=1682640000&period2=1682812800&interval=1d&events=history&includeAdjustedClose=true,2023-04-28T20:00:00Z,511862df13d15689227fce4d3e4d9b389ab6e654440a88a534083e70dc59a65d,否,DeepFinEval audit,observed_yahoo_forward_trading_day,Yahoo chart endpoint response for 2023-04-28 contains the public end-of-day close used for primary_forward_close. Cutoff date 2023-03-31; forward trading day resolved as JPM=2023-04-28.,是,,,
A1-US-20230630-00001,A1,2023-06-30,2023-07-28T20:00:00Z,https://query1.finance.yahoo.com/v8/finance/chart/AAPL?period1=1690502400&period2=1690675200&interval=1d&events=history&includeAdjustedClose=true,2023-07-28T20:00:00Z,71cb544e7a28d3aba88b7bc8e97e20e3a6181a53e67fda3c7be37d8ab5364a93,否,DeepFinEval audit,observed_yahoo_forward_trading_day,Yahoo chart endpoint response for 2023-07-28 contains the public end-of-day close used for primary_forward_close. Cutoff date 2023-06-30; forward trading day resolved as AAPL=2023-07-28.,是,,,
A1-US-20230630-00002,A1,2023-06-30,2023-07-28T20:00:00Z,https://query1.finance.yahoo.com/v8/finance/chart/MSFT?period1=1690502400&period2=1690675200&interval=1d&events=history&includeAdjustedClose=true,2023-07-28T20:00:00Z,66ba279815f65667e13b51602afd73e7af4f44f17c3441227a662d037fbc927e,否,DeepFinEval audit,observed_yahoo_forward_trading_day,Yahoo chart endpoint response for 2023-07-28 contains the public end-of-day close used for primary_forward_close. Cutoff date 2023-06-30; forward trading day resolved as MSFT=2023-07-28.,是,,,
A1-US-20230630-00003,A1,2023-06-30,2023-07-28T20:00:00Z,https://query1.finance.yahoo.com/v8/finance/chart/JPM?period1=1690502400&period2=1690675200&interval=1d&events=history&includeAdjustedClose=true,2023-07-28T20:00:00Z,4ba27bb37a1a6a4084a0a03c73d41dc8d3d926d89a5ccd579c56bb92ec95d9c8,否,DeepFinEval audit,observed_yahoo_forward_trading_day,Yahoo chart endpoint response for 2023-07-28 contains the public end-of-day close used for primary_forward_close. Cutoff date 2023-06-30; forward trading day resolved as JPM=2023-07-28.,是,,,
A1-US-20230929-00001,A1,2023-09-29,2023-10-27T20:00:00Z,https://query1.finance.yahoo.com/v8/finance/chart/AAPL?period1=1698364800&period2=1698537600&interval=1d&events=history&includeAdjustedClose=true,2023-10-27T20:00:00Z,0357fb7cdbdd165a0d28a2b2bdb6e64bedc8cf6d689a95d453343bead3576d2f,否,DeepFinEval audit,observed_yahoo_forward_trading_day,Yahoo chart endpoint response for 2023-10-27 contains the public end-of-day close used for primary_forward_close. Cutoff date 2023-09-29; forward trading day resolved as AAPL=2023-10-27.,是,,,
A1-US-20230929-00002,A1,2023-09-29,2023-10-27T20:00:00Z,https://query1.finance.yahoo.com/v8/finance/chart/MSFT?period1=1698364800&period2=1698537600&interval=1d&events=history&includeAdjustedClose=true,2023-10-27T20:00:00Z,49d2864bac4d75d0b53d3a088c27f3eae44bfe779c4d7a12fec98396bd7faa0d,否,DeepFinEval audit,observed_yahoo_forward_trading_day,Yahoo chart endpoint response for 2023-10-27 contains the public end-of-day close used for primary_forward_close. Cutoff date 2023-09-29; forward trading day resolved as MSFT=2023-10-27.,是,,,
A1-US-20230929-00003,A1,2023-09-29,2023-10-27T20:00:00Z,https://query1.finance.yahoo.com/v8/finance/chart/JPM?period1=1698364800&period2=1698537600&interval=1d&events=history&includeAdjustedClose=true,2023-10-27T20:00:00Z,4eb016feab35a6fdbf4e07053043a7c1c5f49ab27ae515c24f2e1db1f7376b06,否,DeepFinEval audit,observed_yahoo_forward_trading_day,Yahoo chart endpoint response for 2023-10-27 contains the public end-of-day close used for primary_forward_close. Cutoff date 2023-09-29; forward trading day resolved as JPM=2023-10-27.,是,,,
A1-US-20231229-00001,A1,2023-12-29,2024-01-26T21:00:00Z,https://query1.finance.yahoo.com/v8/finance/chart/AAPL?period1=1706227200&period2=1706400000&interval=1d&events=history&includeAdjustedClose=true,2024-01-26T21:00:00Z,0d92df7e01b522fa7f52fe393b6a8856acd4aac6be5ababb388ccc6bcad5053e,否,DeepFinEval audit,observed_yahoo_forward_trading_day,Yahoo chart endpoint response for 2024-01-26 contains the public end-of-day close used for primary_forward_close. Cutoff date 2023-12-29; forward trading day resolved as AAPL=2024-01-26.,是,,,
A1-US-20231229-00002,A1,2023-12-29,2024-01-26T21:00:00Z,https://query1.finance.yahoo.com/v8/finance/chart/MSFT?period1=1706227200&period2=1706400000&interval=1d&events=history&includeAdjustedClose=true,2024-01-26T21:00:00Z,fba9e40a862e38a62ecd1109a0f280163cd8fa9d84acba7565031ac182c4657a,否,DeepFinEval audit,observed_yahoo_forward_trading_day,Yahoo chart endpoint response for 2024-01-26 contains the public end-of-day close used for primary_forward_close. Cutoff date 2023-12-29; forward trading day resolved as MSFT=2024-01-26.,是,,,
A1-US-20231229-00003,A1,2023-12-29,2024-01-26T21:00:00Z,https://query1.finance.yahoo.com/v8/finance/chart/JPM?period1=1706227200&period2=1706400000&interval=1d&events=history&includeAdjustedClose=true,2024-01-26T21:00:00Z,5b22b6cdb1c3af2b157982b6963a5d6560bee1952c5e54b1840344b871a6edae,否,DeepFinEval audit,observed_yahoo_forward_trading_day,Yahoo chart endpoint response for 2024-01-26 contains the public end-of-day close used for primary_forward_close. Cutoff date 2023-12-29; forward trading day resolved as JPM=2024-01-26.,是,,,
A1-US-20240329-00001,A1,2024-03-29,2024-04-26T20:00:00Z,https://query1.finance.yahoo.com/v8/finance/chart/AAPL?period1=1714089600&period2=1714262400&interval=1d&events=history&includeAdjustedClose=true,2024-04-26T20:00:00Z,cd903e05d4056f08315686e183b4dccbc29923e755a7dc885633d1087642305b,否,DeepFinEval audit,observed_yahoo_forward_trading_day,Yahoo chart endpoint response for 2024-04-26 contains the public end-of-day close used for primary_forward_close. Cutoff date 2024-03-29; forward trading day resolved as AAPL=2024-04-26.,是,,,
A1-US-20240329-00002,A1,2024-03-29,2024-04-26T20:00:00Z,https://query1.finance.yahoo.com/v8/finance/chart/MSFT?period1=1714089600&period2=1714262400&interval=1d&events=history&includeAdjustedClose=true,2024-04-26T20:00:00Z,6523ac129c2caf06deaabb883eed507b9c706bd9a5286f706d23369acb1147e8,否,DeepFinEval audit,observed_yahoo_forward_trading_day,Yahoo chart endpoint response for 2024-04-26 contains the public end-of-day close used for primary_forward_close. Cutoff date 2024-03-29; forward trading day resolved as MSFT=2024-04-26.,是,,,
A1-US-20240329-00003,A1,2024-03-29,2024-04-26T20:00:00Z,https://query1.finance.yahoo.com/v8/finance/chart/JPM?period1=1714089600&period2=1714262400&interval=1d&events=history&includeAdjustedClose=true,2024-04-26T20:00:00Z,82a5bf05ac571d646e98326401fd1c8d94f9bd973a9c3a57a13e482c45ecde30,否,DeepFinEval audit,observed_yahoo_forward_trading_day,Yahoo chart endpoint response for 2024-04-26 contains the public end-of-day close used for primary_forward_close. Cutoff date 2024-03-29; forward trading day resolved as JPM=2024-04-26.,是,,,
A1-US-20260130-00001,A1,2026-01-30,2026-02-27T21:00:00Z,https://query1.finance.yahoo.com/v8/finance/chart/AAPL?period1=1772150400&period2=1772323200&interval=1d&events=history&includeAdjustedClose=true,2026-02-27T21:00:00Z,eec1e40892a9c37317036addc257653cec0e4daf450f52b4b3e3cf7d8603fb11,否,DeepFinEval audit,observed_yahoo_forward_trading_day,Yahoo chart endpoint response for 2026-02-27 contains the public end-of-day close used for primary_forward_close. Cutoff date 2026-01-30; forward trading day resolved as AAPL=2026-02-27.,是,,,
A1-US-20260130-00002,A1,2026-01-30,2026-02-27T21:00:00Z,https://query1.finance.yahoo.com/v8/finance/chart/MSFT?period1=1772150400&period2=1772323200&interval=1d&events=history&includeAdjustedClose=true,2026-02-27T21:00:00Z,c00dea14bf98fc0cfd00b7b83e9bb958ac23e68bba4939b5410bc7fd2753ac76,否,DeepFinEval audit,observed_yahoo_forward_trading_day,Yahoo chart endpoint response for 2026-02-27 contains the public end-of-day close used for primary_forward_close. Cutoff date 2026-01-30; forward trading day resolved as MSFT=2026-02-27.,是,,,
A1-US-20260130-00003,A1,2026-01-30,2026-02-27T21:00:00Z,https://query1.finance.yahoo.com/v8/finance/chart/JPM?period1=1772150400&period2=1772323200&interval=1d&events=history&includeAdjustedClose=true,2026-02-27T21:00:00Z,9a11318921ca4edbd89e883fb77d23370feaa9454670ae42a60aa3da002eb22d,否,DeepFinEval audit,observed_yahoo_forward_trading_day,Yahoo chart endpoint response for 2026-02-27 contains the public end-of-day close used for primary_forward_close. Cutoff date 2026-01-30; forward trading day resolved as JPM=2026-02-27.,是,,,
A2F-00001,A2,2026-03-22,2026-04-21T07:00:00Z,https://query1.finance.yahoo.com/v8/finance/chart/000001.SZ?period1=1776729600&period2=1776902400&interval=1d&events=history&includeAdjustedClose=true,2026-04-21T07:00:00Z,57f1ab85dd6131f610ad0aa16f9d65a9aab7d63457c53799b7638f5de37ecf40,否,DeepFinEval audit,observed_yahoo_forward_trading_day,"Cohort ranking outcome uses latest observed forward close across 6 symbols; cohort reference configs/universes_v1.json#bank_20260322. Symbols=000001,600036,601398,601318,600030,300059. Yahoo chart endpoint response for 2026-04-21 contains the public end-of-day close used for cohort_forward_close.",是,,,
A2F-00002,A2,2026-03-22,2026-04-21T07:00:00Z,https://query1.finance.yahoo.com/v8/finance/chart/000333.SZ?period1=1776729600&period2=1776902400&interval=1d&events=history&includeAdjustedClose=true,2026-04-21T07:00:00Z,ede37c0c4e25d15f1d35a69a28d10acfe0e2fcdfd674390605a1c164395b6696,否,DeepFinEval audit,observed_yahoo_forward_trading_day,"Cohort ranking outcome uses latest observed forward close across 6 symbols; cohort reference configs/universes_v1.json#consumer_20260322. Symbols=600519,000858,000333,000651,603288,601888. Yahoo chart endpoint response for 2026-04-21 contains the public end-of-day close used for cohort_forward_close.",是,,,
A2F-CN_A-20230630-consumer,A2,2023-06-30,2023-07-28T07:00:00Z,https://query1.finance.yahoo.com/v8/finance/chart/000333.SZ?period1=1690502400&period2=1690675200&interval=1d&events=history&includeAdjustedClose=true,2023-07-28T07:00:00Z,1748233208e77e02e9b877b82fe8490123725154f3be3f40a156be5317bf2d2b,否,DeepFinEval audit,observed_yahoo_forward_trading_day,"Cohort ranking outcome uses latest observed forward close across 12 symbols; cohort reference configs/universes_v1.json#CN_A_consumer_20230630. Symbols=600519,000858,000333,000651,603288,601888,002304,600887,000568,002714,300896,603369. Yahoo chart endpoint response for 2023-07-28 contains the public end-of-day close used for cohort_forward_close.",是,,,
A2F-CN_A-20230630-financial,A2,2023-06-30,2023-07-28T07:00:00Z,https://query1.finance.yahoo.com/v8/finance/chart/000001.SZ?period1=1690502400&period2=1690675200&interval=1d&events=history&includeAdjustedClose=true,2023-07-28T07:00:00Z,9777409a6d341e8977a13877eef80b42536b33b65d656289642a3fbc95be6fa2,否,DeepFinEval audit,observed_yahoo_forward_trading_day,"Cohort ranking outcome uses latest observed forward close across 12 symbols; cohort reference configs/universes_v1.json#CN_A_financial_20230630. Symbols=000001,600036,601398,601318,600030,300059,601939,601288,601166,600000,601988,601628. Yahoo chart endpoint response for 2023-07-28 contains the public end-of-day close used for cohort_forward_close.",是,,,
A2F-CN_A-20230630-pharma,A2,2023-06-30,2023-07-28T07:00:00Z,https://query1.finance.yahoo.com/v8/finance/chart/000661.SZ?period1=1690502400&period2=1690675200&interval=1d&events=history&includeAdjustedClose=true,2023-07-28T07:00:00Z,c6c0d17276034242c893cfc18bd7e4cd0e3e29ae0d25138c59bde55f15e8d126,否,DeepFinEval audit,observed_yahoo_forward_trading_day,"Cohort ranking outcome uses latest observed forward close across 12 symbols; cohort reference configs/universes_v1.json#CN_A_pharma_20230630. Symbols=600276,300760,603259,300122,300015,000661,600436,688235,300347,002821,600196,002007. Yahoo chart endpoint response for 2023-07-28 contains the public end-of-day close used for cohort_forward_close.",是,,,
A2F-CN_A-20230630-tech,A2,2023-06-30,2023-07-28T07:00:00Z,https://query1.finance.yahoo.com/v8/finance/chart/000725.SZ?period1=1690502400&period2=1690675200&interval=1d&events=history&includeAdjustedClose=true,2023-07-28T07:00:00Z,5aeef6a4f66f03117835b6eab9149cd697f6283badb8d25942868759ca62ce9e,否,DeepFinEval audit,observed_yahoo_forward_trading_day,"Cohort ranking outcome uses latest observed forward close across 12 symbols; cohort reference configs/universes_v1.json#CN_A_tech_20230630. Symbols=300750,002594,688981,603501,002415,000725,002230,300014,688012,002371,603986,601012. Yahoo chart endpoint response for 2023-07-28 contains the public end-of-day close used for cohort_forward_close.",是,,,
A2F-CN_A-20230929-consumer,A2,2023-09-29,2023-10-27T07:00:00Z,https://query1.finance.yahoo.com/v8/finance/chart/000333.SZ?period1=1698364800&period2=1698537600&interval=1d&events=history&includeAdjustedClose=true,2023-10-27T07:00:00Z,bcf22fc94329772d48ef7b68bff308c23c8326400ca25ec24dc9df2a568be847,否,DeepFinEval audit,observed_yahoo_forward_trading_day,"Cohort ranking outcome uses latest observed forward close across 12 symbols; cohort reference configs/universes_v1.json#CN_A_consumer_20230929. Symbols=600519,000858,000333,000651,603288,601888,002304,600887,000568,002714,300896,603369. Yahoo chart endpoint response for 2023-10-27 contains the public end-of-day close used for cohort_forward_close.",是,,,
A2F-CN_A-20230929-financial,A2,2023-09-29,2023-10-27T07:00:00Z,https://query1.finance.yahoo.com/v8/finance/chart/000001.SZ?period1=1698364800&period2=1698537600&interval=1d&events=history&includeAdjustedClose=true,2023-10-27T07:00:00Z,0afdd1993d0acb8fb7d7a87d6ea88a71be1fad25ab59b72c754b5d14aa889f1b,否,DeepFinEval audit,observed_yahoo_forward_trading_day,"Cohort ranking outcome uses latest observed forward close across 12 symbols; cohort reference configs/universes_v1.json#CN_A_financial_20230929. Symbols=000001,600036,601398,601318,600030,300059,601939,601288,601166,600000,601988,601628. Yahoo chart endpoint response for 2023-10-27 contains the public end-of-day close used for cohort_forward_close.",是,,,
A2F-CN_A-20230929-pharma,A2,2023-09-29,2023-10-27T07:00:00Z,https://query1.finance.yahoo.com/v8/finance/chart/000661.SZ?period1=1698364800&period2=1698537600&interval=1d&events=history&includeAdjustedClose=true,2023-10-27T07:00:00Z,bf801a792ba8a25847b6d104f4fdd213499fc6a271795ec1c634454129f1d143,否,DeepFinEval audit,observed_yahoo_forward_trading_day,"Cohort ranking outcome uses latest observed forward close across 12 symbols; cohort reference configs/universes_v1.json#CN_A_pharma_20230929. Symbols=600276,300760,603259,300122,300015,000661,600436,688235,300347,002821,600196,002007. Yahoo chart endpoint response for 2023-10-27 contains the public end-of-day close used for cohort_forward_close.",是,,,
A2F-CN_A-20230929-tech,A2,2023-09-29,2023-10-27T07:00:00Z,https://query1.finance.yahoo.com/v8/finance/chart/000725.SZ?period1=1698364800&period2=1698537600&interval=1d&events=history&includeAdjustedClose=true,2023-10-27T07:00:00Z,273c136f78d2c7b808a4a1258c78d291158a7b869c3d8e921b9682f8836809a3,否,DeepFinEval audit,observed_yahoo_forward_trading_day,"Cohort ranking outcome uses latest observed forward close across 12 symbols; cohort reference configs/universes_v1.json#CN_A_tech_20230929. Symbols=300750,002594,688981,603501,002415,000725,002230,300014,688012,002371,603986,601012. Yahoo chart endpoint response for 2023-10-27 contains the public end-of-day close used for cohort_forward_close.",是,,,
A2F-CN_A-20231229-consumer,A2,2023-12-29,2024-01-26T07:00:00Z,https://query1.finance.yahoo.com/v8/finance/chart/000333.SZ?period1=1706227200&period2=1706400000&interval=1d&events=history&includeAdjustedClose=true,2024-01-26T07:00:00Z,46487d2744a2a7f02d9ed625f9064c309677164fa63583eccabfce8a4e3b8512,否,DeepFinEval audit,observed_yahoo_forward_trading_day,"Cohort ranking outcome uses latest observed forward close across 12 symbols; cohort reference configs/universes_v1.json#CN_A_consumer_20231229. Symbols=600519,000858,000333,000651,603288,601888,002304,600887,000568,002714,300896,603369. Yahoo chart endpoint response for 2024-01-26 contains the public end-of-day close used for cohort_forward_close.",是,,,
A2F-CN_A-20231229-financial,A2,2023-12-29,2024-01-26T07:00:00Z,https://query1.finance.yahoo.com/v8/finance/chart/000001.SZ?period1=1706227200&period2=1706400000&interval=1d&events=history&includeAdjustedClose=true,2024-01-26T07:00:00Z,97fc9142351cd45d6414a989c21d447b5a74c5b15236d1eef79d267ff9004e85,否,DeepFinEval audit,observed_yahoo_forward_trading_day,"Cohort ranking outcome uses latest observed forward close across 12 symbols; cohort reference configs/universes_v1.json#CN_A_financial_20231229. Symbols=000001,600036,601398,601318,600030,300059,601939,601288,601166,600000,601988,601628. Yahoo chart endpoint response for 2024-01-26 contains the public end-of-day close used for cohort_forward_close.",是,,,
A2F-CN_A-20231229-pharma,A2,2023-12-29,2024-01-26T07:00:00Z,https://query1.finance.yahoo.com/v8/finance/chart/000661.SZ?period1=1706227200&period2=1706400000&interval=1d&events=history&includeAdjustedClose=true,2024-01-26T07:00:00Z,4f96d3642144e14a72d922a52b234248f174e38b580132594a379752c2d7541f,否,DeepFinEval audit,observed_yahoo_forward_trading_day,"Cohort ranking outcome uses latest observed forward close across 12 symbols; cohort reference configs/universes_v1.json#CN_A_pharma_20231229. Symbols=600276,300760,603259,300122,300015,000661,600436,688235,300347,002821,600196,002007. Yahoo chart endpoint response for 2024-01-26 contains the public end-of-day close used for cohort_forward_close.",是,,,
A2F-CN_A-20231229-tech,A2,2023-12-29,2024-01-26T07:00:00Z,https://query1.finance.yahoo.com/v8/finance/chart/000725.SZ?period1=1706227200&period2=1706400000&interval=1d&events=history&includeAdjustedClose=true,2024-01-26T07:00:00Z,d58d35ac2d089a804f9295e989052014c8a6f620e83280c100f15b776bea6302,否,DeepFinEval audit,observed_yahoo_forward_trading_day,"Cohort ranking outcome uses latest observed forward close across 12 symbols; cohort reference configs/universes_v1.json#CN_A_tech_20231229. Symbols=300750,002594,688981,603501,002415,000725,002230,300014,688012,002371,603986,601012. Yahoo chart endpoint response for 2024-01-26 contains the public end-of-day close used for cohort_forward_close.",是,,,
A2F-CN_A-20240329-consumer,A2,2024-03-29,2024-04-26T07:00:00Z,https://query1.finance.yahoo.com/v8/finance/chart/000333.SZ?period1=1714089600&period2=1714262400&interval=1d&events=history&includeAdjustedClose=true,2024-04-26T07:00:00Z,0af0a83430de0efb4463277f5e87a72eaada5af84f51030509a92eca68c314ae,否,DeepFinEval audit,observed_yahoo_forward_trading_day,"Cohort ranking outcome uses latest observed forward close across 12 symbols; cohort reference configs/universes_v1.json#CN_A_consumer_20240329. Symbols=600519,000858,000333,000651,603288,601888,002304,600887,000568,002714,300896,603369. Yahoo chart endpoint response for 2024-04-26 contains the public end-of-day close used for cohort_forward_close.",是,,,
A2F-CN_A-20240329-financial,A2,2024-03-29,2024-04-26T07:00:00Z,https://query1.finance.yahoo.com/v8/finance/chart/000001.SZ?period1=1714089600&period2=1714262400&interval=1d&events=history&includeAdjustedClose=true,2024-04-26T07:00:00Z,200a594c4b984c7ce5722e911ed9581f3c670a8789b5257bdf0e0027e086ce99,否,DeepFinEval audit,observed_yahoo_forward_trading_day,"Cohort ranking outcome uses latest observed forward close across 12 symbols; cohort reference configs/universes_v1.json#CN_A_financial_20240329. Symbols=000001,600036,601398,601318,600030,300059,601939,601288,601166,600000,601988,601628. Yahoo chart endpoint response for 2024-04-26 contains the public end-of-day close used for cohort_forward_close.",是,,,
A2F-CN_A-20240329-pharma,A2,2024-03-29,2024-04-26T07:00:00Z,https://query1.finance.yahoo.com/v8/finance/chart/000661.SZ?period1=1714089600&period2=1714262400&interval=1d&events=history&includeAdjustedClose=true,2024-04-26T07:00:00Z,c08fbe1010b5f8888c90aa3fd6fb75510146dde5c3bd8c060136e9e4a2bec8c2,否,DeepFinEval audit,observed_yahoo_forward_trading_day,"Cohort ranking outcome uses latest observed forward close across 12 symbols; cohort reference configs/universes_v1.json#CN_A_pharma_20240329. Symbols=600276,300760,603259,300122,300015,000661,600436,688235,300347,002821,600196,002007. Yahoo chart endpoint response for 2024-04-26 contains the public end-of-day close used for cohort_forward_close.",是,,,
A2F-CN_A-20240329-tech,A2,2024-03-29,2024-04-26T07:00:00Z,https://query1.finance.yahoo.com/v8/finance/chart/000725.SZ?period1=1714089600&period2=1714262400&interval=1d&events=history&includeAdjustedClose=true,2024-04-26T07:00:00Z,cba2f1cbc182a0a86a5a88afcf746d78be84e6ce943c19ee1840da9f03d7c531,否,DeepFinEval audit,observed_yahoo_forward_trading_day,"Cohort ranking outcome uses latest observed forward close across 12 symbols; cohort reference configs/universes_v1.json#CN_A_tech_20240329. Symbols=300750,002594,688981,603501,002415,000725,002230,300014,688012,002371,603986,601012. Yahoo chart endpoint response for 2024-04-26 contains the public end-of-day close used for cohort_forward_close.",是,,,
A2F-CN_A-20241231-consumer,A2,2024-12-31,2025-01-27T07:00:00Z,https://query1.finance.yahoo.com/v8/finance/chart/000333.SZ?period1=1737936000&period2=1738108800&interval=1d&events=history&includeAdjustedClose=true,2025-01-27T07:00:00Z,5febd33a5fd21ac8d1f2c78e01348374d80ec74db99bad50458cdd4cb0c91cd4,否,DeepFinEval audit,observed_yahoo_forward_trading_day,"Cohort ranking outcome uses latest observed forward close across 12 symbols; cohort reference configs/universes_v1.json#CN_A_consumer_20241231. Symbols=600519,000858,000333,000651,603288,601888,002304,600887,000568,002714,300896,603369. Yahoo chart endpoint response for 2025-01-27 contains the public end-of-day close used for cohort_forward_close.",是,,,
A2F-CN_A-20241231-financial,A2,2024-12-31,2025-01-27T07:00:00Z,https://query1.finance.yahoo.com/v8/finance/chart/000001.SZ?period1=1737936000&period2=1738108800&interval=1d&events=history&includeAdjustedClose=true,2025-01-27T07:00:00Z,b08381c36e4b71ea6a1711bf3bfacbba7fb307fa4899367d8c120130d8d70158,否,DeepFinEval audit,observed_yahoo_forward_trading_day,"Cohort ranking outcome uses latest observed forward close across 12 symbols; cohort reference configs/universes_v1.json#CN_A_financial_20241231. Symbols=000001,600036,601398,601318,600030,300059,601939,601288,601166,600000,601988,601628. Yahoo chart endpoint response for 2025-01-27 contains the public end-of-day close used for cohort_forward_close.",是,,,
A2F-CN_A-20241231-pharma,A2,2024-12-31,2025-01-27T07:00:00Z,https://query1.finance.yahoo.com/v8/finance/chart/000661.SZ?period1=1737936000&period2=1738108800&interval=1d&events=history&includeAdjustedClose=true,2025-01-27T07:00:00Z,a184d038848a95e78abac88b14c658f6e8f0a4ffb0a8a28cfe938b971614105f,否,DeepFinEval audit,observed_yahoo_forward_trading_day,"Cohort ranking outcome uses latest observed forward close across 12 symbols; cohort reference configs/universes_v1.json#CN_A_pharma_20241231. Symbols=600276,300760,603259,300122,300015,000661,600436,688235,300347,002821,600196,002007. Yahoo chart endpoint response for 2025-01-27 contains the public end-of-day close used for cohort_forward_close.",是,,,
A2F-CN_A-20241231-tech,A2,2024-12-31,2025-01-27T07:00:00Z,https://query1.finance.yahoo.com/v8/finance/chart/000725.SZ?period1=1737936000&period2=1738108800&interval=1d&events=history&includeAdjustedClose=true,2025-01-27T07:00:00Z,1b35c676e6399b0d909be5f7eaa3fc30c5ca54621c1a901526e892d83276e8ba,否,DeepFinEval audit,observed_yahoo_forward_trading_day,"Cohort ranking outcome uses latest observed forward close across 12 symbols; cohort reference configs/universes_v1.json#CN_A_tech_20241231. Symbols=300750,002594,688981,603501,002415,000725,002230,300014,688012,002371,603986,601012. Yahoo chart endpoint response for 2025-01-27 contains the public end-of-day close used for cohort_forward_close.",是,,,
A2F-CN_A-20250331-consumer,A2,2025-03-31,2025-04-30T07:00:00Z,https://query1.finance.yahoo.com/v8/finance/chart/000333.SZ?period1=1745971200&period2=1746144000&interval=1d&events=history&includeAdjustedClose=true,2025-04-30T07:00:00Z,f61fffd191b03a9d5067f60a872ceb7f54c09dd14223e070073c41d839f6d8f1,否,DeepFinEval audit,observed_yahoo_forward_trading_day,"Cohort ranking outcome uses latest observed forward close across 12 symbols; cohort reference configs/universes_v1.json#CN_A_consumer_20250331. Symbols=600519,000858,000333,000651,603288,601888,002304,600887,000568,002714,300896,603369. Yahoo chart endpoint response for 2025-04-30 contains the public end-of-day close used for cohort_forward_close.",是,,,
A2F-CN_A-20250331-financial,A2,2025-03-31,2025-04-30T07:00:00Z,https://query1.finance.yahoo.com/v8/finance/chart/000001.SZ?period1=1745971200&period2=1746144000&interval=1d&events=history&includeAdjustedClose=true,2025-04-30T07:00:00Z,3a115df419f155d6629e7c396426e8975365345e9638d8f9b47f27c95f92e47e,否,DeepFinEval audit,observed_yahoo_forward_trading_day,"Cohort ranking outcome uses latest observed forward close across 12 symbols; cohort reference configs/universes_v1.json#CN_A_financial_20250331. Symbols=000001,600036,601398,601318,600030,300059,601939,601288,601166,600000,601988,601628. Yahoo chart endpoint response for 2025-04-30 contains the public end-of-day close used for cohort_forward_close.",是,,,
A2F-CN_A-20250331-pharma,A2,2025-03-31,2025-04-30T07:00:00Z,https://query1.finance.yahoo.com/v8/finance/chart/000661.SZ?period1=1745971200&period2=1746144000&interval=1d&events=history&includeAdjustedClose=true,2025-04-30T07:00:00Z,4212281bec5395dd706c753aa02a7b0de3de15025bda99908dc19bd9c0e7e5a7,否,DeepFinEval audit,observed_yahoo_forward_trading_day,"Cohort ranking outcome uses latest observed forward close across 12 symbols; cohort reference configs/universes_v1.json#CN_A_pharma_20250331. Symbols=600276,300760,603259,300122,300015,000661,600436,688235,300347,002821,600196,002007. Yahoo chart endpoint response for 2025-04-30 contains the public end-of-day close used for cohort_forward_close.",是,,,
A2F-CN_A-20250331-tech,A2,2025-03-31,2025-04-30T07:00:00Z,https://query1.finance.yahoo.com/v8/finance/chart/000725.SZ?period1=1745971200&period2=1746144000&interval=1d&events=history&includeAdjustedClose=true,2025-04-30T07:00:00Z,c339079d11cd9b17dcb776687289fe7dfc58a3341a0257c92b5f722b1c9426db,否,DeepFinEval audit,observed_yahoo_forward_trading_day,"Cohort ranking outcome uses latest observed forward close across 12 symbols; cohort reference configs/universes_v1.json#CN_A_tech_20250331. Symbols=300750,002594,688981,603501,002415,000725,002230,300014,688012,002371,603986,601012. Yahoo chart endpoint response for 2025-04-30 contains the public end-of-day close used for cohort_forward_close.",是,,,
A2F-CN_A-20250606-consumer,A2,2025-06-06,2025-07-04T07:00:00Z,https://query1.finance.yahoo.com/v8/finance/chart/000333.SZ?period1=1751587200&period2=1751760000&interval=1d&events=history&includeAdjustedClose=true,2025-07-04T07:00:00Z,c8f13accb87ddab9aadd28aa0000a65fd209510ce8404dbb811f413f0141a240,否,DeepFinEval audit,observed_yahoo_forward_trading_day,"Cohort ranking outcome uses latest observed forward close across 12 symbols; cohort reference configs/universes_v1.json#CN_A_consumer_20250606. Symbols=600519,000858,000333,000651,603288,601888,002304,600887,000568,002714,300896,603369. Yahoo chart endpoint response for 2025-07-04 contains the public end-of-day close used for cohort_forward_close.",是,,,
A2F-CN_A-20250606-financial,A2,2025-06-06,2025-07-04T07:00:00Z,https://query1.finance.yahoo.com/v8/finance/chart/000001.SZ?period1=1751587200&period2=1751760000&interval=1d&events=history&includeAdjustedClose=true,2025-07-04T07:00:00Z,7d52744ca9db65079aa5b06183f50b99c4abaf527f5465d27b98640d85ef6e6a,否,DeepFinEval audit,observed_yahoo_forward_trading_day,"Cohort ranking outcome uses latest observed forward close across 12 symbols; cohort reference configs/universes_v1.json#CN_A_financial_20250606. Symbols=000001,600036,601398,601318,600030,300059,601939,601288,601166,600000,601988,601628. Yahoo chart endpoint response for 2025-07-04 contains the public end-of-day close used for cohort_forward_close.",是,,,
A2F-CN_A-20250606-pharma,A2,2025-06-06,2025-07-04T07:00:00Z,https://query1.finance.yahoo.com/v8/finance/chart/000661.SZ?period1=1751587200&period2=1751760000&interval=1d&events=history&includeAdjustedClose=true,2025-07-04T07:00:00Z,17ff43f1602b2aa684f802c8d52aacf1e15277552a8323c9ffcb5ccd53b1efb8,否,DeepFinEval audit,observed_yahoo_forward_trading_day,"Cohort ranking outcome uses latest observed forward close across 12 symbols; cohort reference configs/universes_v1.json#CN_A_pharma_20250606. Symbols=600276,300760,603259,300122,300015,000661,600436,688235,300347,002821,600196,002007. Yahoo chart endpoint response for 2025-07-04 contains the public end-of-day close used for cohort_forward_close.",是,,,
A2F-CN_A-20250606-tech,A2,2025-06-06,2025-07-04T07:00:00Z,https://query1.finance.yahoo.com/v8/finance/chart/000725.SZ?period1=1751587200&period2=1751760000&interval=1d&events=history&includeAdjustedClose=true,2025-07-04T07:00:00Z,52d478ea79e9652140c89d0db5c640f2dacaa7d47b65b84581bf5f03618d05f0,否,DeepFinEval audit,observed_yahoo_forward_trading_day,"Cohort ranking outcome uses latest observed forward close across 12 symbols; cohort reference configs/universes_v1.json#CN_A_tech_20250606. Symbols=300750,002594,688981,603501,002415,000725,002230,300014,688012,002371,603986,601012. Yahoo chart endpoint response for 2025-07-04 contains the public end-of-day close used for cohort_forward_close.",是,,,
A2F-CN_A-20250930-consumer,A2,2025-09-30,2025-10-30T07:00:00Z,https://query1.finance.yahoo.com/v8/finance/chart/000333.SZ?period1=1761782400&period2=1761955200&interval=1d&events=history&includeAdjustedClose=true,2025-10-30T07:00:00Z,f17d784f387e65c79be5fb80b59e8798df5465ad02c0fd5de0a5ad32addc053d,否,DeepFinEval audit,observed_yahoo_forward_trading_day,"Cohort ranking outcome uses latest observed forward close across 12 symbols; cohort reference configs/universes_v1.json#CN_A_consumer_20250930. Symbols=600519,000858,000333,000651,603288,601888,002304,600887,000568,002714,300896,603369. Yahoo chart endpoint response for 2025-10-30 contains the public end-of-day close used for cohort_forward_close.",是,,,
A2F-CN_A-20250930-financial,A2,2025-09-30,2025-10-30T07:00:00Z,https://query1.finance.yahoo.com/v8/finance/chart/000001.SZ?period1=1761782400&period2=1761955200&interval=1d&events=history&includeAdjustedClose=true,2025-10-30T07:00:00Z,c5f8c1036af6859b46129908481c1b2698efacbdb20b5a82b4747a3a960a414d,否,DeepFinEval audit,observed_yahoo_forward_trading_day,"Cohort ranking outcome uses latest observed forward close across 12 symbols; cohort reference configs/universes_v1.json#CN_A_financial_20250930. Symbols=000001,600036,601398,601318,600030,300059,601939,601288,601166,600000,601988,601628. Yahoo chart endpoint response for 2025-10-30 contains the public end-of-day close used for cohort_forward_close.",是,,,
A2F-CN_A-20250930-pharma,A2,2025-09-30,2025-10-30T07:00:00Z,https://query1.finance.yahoo.com/v8/finance/chart/000661.SZ?period1=1761782400&period2=1761955200&interval=1d&events=history&includeAdjustedClose=true,2025-10-30T07:00:00Z,5d2069665952da9e347be5265013ff7a79cc77af09e63b30cd4c526054900666,否,DeepFinEval audit,observed_yahoo_forward_trading_day,"Cohort ranking outcome uses latest observed forward close across 12 symbols; cohort reference configs/universes_v1.json#CN_A_pharma_20250930. Symbols=600276,300760,603259,300122,300015,000661,600436,688235,300347,002821,600196,002007. Yahoo chart endpoint response for 2025-10-30 contains the public end-of-day close used for cohort_forward_close.",是,,,
A2F-CN_A-20250930-tech,A2,2025-09-30,2025-10-30T07:00:00Z,https://query1.finance.yahoo.com/v8/finance/chart/000725.SZ?period1=1761782400&period2=1761955200&interval=1d&events=history&includeAdjustedClose=true,2025-10-30T07:00:00Z,58fecd0a901be38e6dbe687fb75a4e0ea9e0bf4e1979acd49e39c51cb919cfbc,否,DeepFinEval audit,observed_yahoo_forward_trading_day,"Cohort ranking outcome uses latest observed forward close across 12 symbols; cohort reference configs/universes_v1.json#CN_A_tech_20250930. Symbols=300750,002594,688981,603501,002415,000725,002230,300014,688012,002371,603986,601012. Yahoo chart endpoint response for 2025-10-30 contains the public end-of-day close used for cohort_forward_close.",是,,,
A2F-CN_A-20251231-consumer,A2,2025-12-31,2026-01-30T07:00:00Z,https://query1.finance.yahoo.com/v8/finance/chart/000333.SZ?period1=1769731200&period2=1769904000&interval=1d&events=history&includeAdjustedClose=true,2026-01-30T07:00:00Z,5cc99ac275aaf6aa87199a305fda8e94798c78435408afdc2129f7bcd1b6dbed,否,DeepFinEval audit,observed_yahoo_forward_trading_day,"Cohort ranking outcome uses latest observed forward close across 12 symbols; cohort reference configs/universes_v1.json#CN_A_consumer_20251231. Symbols=600519,000858,000333,000651,603288,601888,002304,600887,000568,002714,300896,603369. Yahoo chart endpoint response for 2026-01-30 contains the public end-of-day close used for cohort_forward_close.",是,,,
A2F-CN_A-20251231-financial,A2,2025-12-31,2026-01-30T07:00:00Z,https://query1.finance.yahoo.com/v8/finance/chart/000001.SZ?period1=1769731200&period2=1769904000&interval=1d&events=history&includeAdjustedClose=true,2026-01-30T07:00:00Z,b00df252814a7f5030d41a476ea0dd12b9bb6b149e5017cef115d894a67075d8,否,DeepFinEval audit,observed_yahoo_forward_trading_day,"Cohort ranking outcome uses latest observed forward close across 12 symbols; cohort reference configs/universes_v1.json#CN_A_financial_20251231. Symbols=000001,600036,601398,601318,600030,300059,601939,601288,601166,600000,601988,601628. Yahoo chart endpoint response for 2026-01-30 contains the public end-of-day close used for cohort_forward_close.",是,,,
A2F-CN_A-20251231-pharma,A2,2025-12-31,2026-01-30T07:00:00Z,https://query1.finance.yahoo.com/v8/finance/chart/000661.SZ?period1=1769731200&period2=1769904000&interval=1d&events=history&includeAdjustedClose=true,2026-01-30T07:00:00Z,66961350359d28cdf891f485efbf9beecf0b9c26a90939e92b7f8fcaeda10226,否,DeepFinEval audit,observed_yahoo_forward_trading_day,"Cohort ranking outcome uses latest observed forward close across 12 symbols; cohort reference configs/universes_v1.json#CN_A_pharma_20251231. Symbols=600276,300760,603259,300122,300015,000661,600436,688235,300347,002821,600196,002007. Yahoo chart endpoint response for 2026-01-30 contains the public end-of-day close used for cohort_forward_close.",是,,,
A2F-CN_A-20251231-tech,A2,2025-12-31,2026-01-30T07:00:00Z,https://query1.finance.yahoo.com/v8/finance/chart/000725.SZ?period1=1769731200&period2=1769904000&interval=1d&events=history&includeAdjustedClose=true,2026-01-30T07:00:00Z,347916d9cda70f0d99cd348546ee68f11fc52129363cb9fed2cf842c466ceb08,否,DeepFinEval audit,observed_yahoo_forward_trading_day,"Cohort ranking outcome uses latest observed forward close across 12 symbols; cohort reference configs/universes_v1.json#CN_A_tech_20251231. Symbols=300750,002594,688981,603501,002415,000725,002230,300014,688012,002371,603986,601012. Yahoo chart endpoint response for 2026-01-30 contains the public end-of-day close used for cohort_forward_close.",是,,,
A2F-CN_A-20260130-consumer,A2,2026-01-30,2026-02-27T07:00:00Z,https://query1.finance.yahoo.com/v8/finance/chart/000333.SZ?period1=1772150400&period2=1772323200&interval=1d&events=history&includeAdjustedClose=true,2026-02-27T07:00:00Z,6e645f536ccb77c7ff74f57e92e280fb77d5d103c3c20c05fd5e0a27e1ce327d,否,DeepFinEval audit,observed_yahoo_forward_trading_day,"Cohort ranking outcome uses latest observed forward close across 12 symbols; cohort reference configs/universes_v1.json#CN_A_consumer_20260130. Symbols=600519,000858,000333,000651,603288,601888,002304,600887,000568,002714,300896,603369. Yahoo chart endpoint response for 2026-02-27 contains the public end-of-day close used for cohort_forward_close.",是,,,
A2F-CN_A-20260130-financial,A2,2026-01-30,2026-02-27T07:00:00Z,https://query1.finance.yahoo.com/v8/finance/chart/000001.SZ?period1=1772150400&period2=1772323200&interval=1d&events=history&includeAdjustedClose=true,2026-02-27T07:00:00Z,66e44bc2903101365788f3bc8defe35d106a6546ee8e1a837d67c21d6c32cb80,否,DeepFinEval audit,observed_yahoo_forward_trading_day,"Cohort ranking outcome uses latest observed forward close across 12 symbols; cohort reference configs/universes_v1.json#CN_A_financial_20260130. Symbols=000001,600036,601398,601318,600030,300059,601939,601288,601166,600000,601988,601628. Yahoo chart endpoint response for 2026-02-27 contains the public end-of-day close used for cohort_forward_close.",是,,,
A2F-CN_A-20260130-pharma,A2,2026-01-30,2026-02-27T07:00:00Z,https://query1.finance.yahoo.com/v8/finance/chart/000661.SZ?period1=1772150400&period2=1772323200&interval=1d&events=history&includeAdjustedClose=true,2026-02-27T07:00:00Z,10e6dfa0ab54e40e2cbc9b9e363bd4aeaac2c3f79607ed0b2e08e1928b1fe829,否,DeepFinEval audit,observed_yahoo_forward_trading_day,"Cohort ranking outcome uses latest observed forward close across 12 symbols; cohort reference configs/universes_v1.json#CN_A_pharma_20260130. Symbols=600276,300760,603259,300122,300015,000661,600436,688235,300347,002821,600196,002007. Yahoo chart endpoint response for 2026-02-27 contains the public end-of-day close used for cohort_forward_close.",是,,,
A2F-CN_A-20260130-tech,A2,2026-01-30,2026-02-27T07:00:00Z,https://query1.finance.yahoo.com/v8/finance/chart/000725.SZ?period1=1772150400&period2=1772323200&interval=1d&events=history&includeAdjustedClose=true,2026-02-27T07:00:00Z,69d0448a3071c88d2c07f3a156ed634ec749670e5bf4f3632e21754233f9b77c,否,DeepFinEval audit,observed_yahoo_forward_trading_day,"Cohort ranking outcome uses latest observed forward close across 12 symbols; cohort reference configs/universes_v1.json#CN_A_tech_20260130. Symbols=300750,002594,688981,603501,002415,000725,002230,300014,688012,002371,603986,601012. Yahoo chart endpoint response for 2026-02-27 contains the public end-of-day close used for cohort_forward_close.",是,,,
A2F-CN_A-20260331-consumer,A2,2026-03-31,2026-04-30T07:00:00Z,https://query1.finance.yahoo.com/v8/finance/chart/000333.SZ?period1=1777507200&period2=1777680000&interval=1d&events=history&includeAdjustedClose=true,2026-04-30T07:00:00Z,c58fda1ef34391a146746b6b9f2ee41ddae746ef986bf10d4055402fed383f28,否,DeepFinEval audit,observed_yahoo_forward_trading_day,"Cohort ranking outcome uses latest observed forward close across 12 symbols; cohort reference configs/universes_v1.json#CN_A_consumer_20260331. Symbols=600519,000858,000333,000651,603288,601888,002304,600887,000568,002714,300896,603369. Yahoo chart endpoint response for 2026-04-30 contains the public end-of-day close used for cohort_forward_close.",是,,,
A2F-CN_A-20260331-financial,A2,2026-03-31,2026-04-30T07:00:00Z,https://query1.finance.yahoo.com/v8/finance/chart/000001.SZ?period1=1777507200&period2=1777680000&interval=1d&events=history&includeAdjustedClose=true,2026-04-30T07:00:00Z,21e2793caa6a7f89ddf997b5020a5dc19ad7657d5449300cebd6d656a38493a6,否,DeepFinEval audit,observed_yahoo_forward_trading_day,"Cohort ranking outcome uses latest observed forward close across 12 symbols; cohort reference configs/universes_v1.json#CN_A_financial_20260331. Symbols=000001,600036,601398,601318,600030,300059,601939,601288,601166,600000,601988,601628. Yahoo chart endpoint response for 2026-04-30 contains the public end-of-day close used for cohort_forward_close.",是,,,
A2F-CN_A-20260331-pharma,A2,2026-03-31,2026-04-30T07:00:00Z,https://query1.finance.yahoo.com/v8/finance/chart/000661.SZ?period1=1777507200&period2=1777680000&interval=1d&events=history&includeAdjustedClose=true,2026-04-30T07:00:00Z,5b78774288c4b067fc1dc3345d7ae1713a84f1f06a0e6994990648e0af9dfd06,否,DeepFinEval audit,observed_yahoo_forward_trading_day,"Cohort ranking outcome uses latest observed forward close across 12 symbols; cohort reference configs/universes_v1.json#CN_A_pharma_20260331. Symbols=600276,300760,603259,300122,300015,000661,600436,688235,300347,002821,600196,002007. Yahoo chart endpoint response for 2026-04-30 contains the public end-of-day close used for cohort_forward_close.",是,,,
A2F-CN_A-20260331-tech,A2,2026-03-31,2026-04-30T07:00:00Z,https://query1.finance.yahoo.com/v8/finance/chart/000725.SZ?period1=1777507200&period2=1777680000&interval=1d&events=history&includeAdjustedClose=true,2026-04-30T07:00:00Z,c731e2257c59ea868f0c097eec0cf4ef9c8616f74345f1497817dfc500f59230,否,DeepFinEval audit,observed_yahoo_forward_trading_day,"Cohort ranking outcome uses latest observed forward close across 12 symbols; cohort reference configs/universes_v1.json#CN_A_tech_20260331. Symbols=300750,002594,688981,603501,002415,000725,002230,300014,688012,002371,603986,601012. Yahoo chart endpoint response for 2026-04-30 contains the public end-of-day close used for cohort_forward_close.",是,,,
A2F-CN_A-20260601-consumer,A2,2026-06-01,2026-07-01T07:00:00Z,https://query1.finance.yahoo.com/v8/finance/chart/000333.SZ?period1=1782864000&period2=1783036800&interval=1d&events=history&includeAdjustedClose=true,2026-07-01T07:00:00Z,9b471e4693e7eb114ec4980660dd905f42df012360f8302194d2487e7b62ebd1,否,DeepFinEval audit,observed_yahoo_forward_trading_day,"Cohort ranking outcome uses latest observed forward close across 12 symbols; cohort reference configs/universes_v1.json#CN_A_consumer_20260601. Symbols=600519,000858,000333,000651,603288,601888,002304,600887,000568,002714,300896,603369. Yahoo chart endpoint response for 2026-07-01 contains the public end-of-day close used for cohort_forward_close.",是,,,
A2F-CN_A-20260601-financial,A2,2026-06-01,2026-07-01T07:00:00Z,https://query1.finance.yahoo.com/v8/finance/chart/000001.SZ?period1=1782864000&period2=1783036800&interval=1d&events=history&includeAdjustedClose=true,2026-07-01T07:00:00Z,452bcfa8e6a418700fb1015af93b697036f31dbeba7b14dbe7a178797cc9e4de,否,DeepFinEval audit,observed_yahoo_forward_trading_day,"Cohort ranking outcome uses latest observed forward close across 12 symbols; cohort reference configs/universes_v1.json#CN_A_financial_20260601. Symbols=000001,600036,601398,601318,600030,300059,601939,601288,601166,600000,601988,601628. Yahoo chart endpoint response for 2026-07-01 contains the public end-of-day close used for cohort_forward_close.",是,,,
A2F-CN_A-20260601-pharma,A2,2026-06-01,2026-07-01T07:00:00Z,https://query1.finance.yahoo.com/v8/finance/chart/000661.SZ?period1=1782864000&period2=1783036800&interval=1d&events=history&includeAdjustedClose=true,2026-07-01T07:00:00Z,64f0df8ec69a969619f94039ba99ccb688c5ddab02cfa71171cb7c1b2eed8003,否,DeepFinEval audit,observed_yahoo_forward_trading_day,"Cohort ranking outcome uses latest observed forward close across 12 symbols; cohort reference configs/universes_v1.json#CN_A_pharma_20260601. Symbols=600276,300760,603259,300122,300015,000661,600436,688235,300347,002821,600196,002007. Yahoo chart endpoint response for 2026-07-01 contains the public end-of-day close used for cohort_forward_close.",是,,,
A2F-CN_A-20260601-tech,A2,2026-06-01,2026-07-01T07:00:00Z,https://query1.finance.yahoo.com/v8/finance/chart/000725.SZ?period1=1782864000&period2=1783036800&interval=1d&events=history&includeAdjustedClose=true,2026-07-01T07:00:00Z,0c06de2a81334eaee1cc06eb8bfd882b58302a843efcbb7430527e781a756528,否,DeepFinEval audit,observed_yahoo_forward_trading_day,"Cohort ranking outcome uses latest observed forward close across 12 symbols; cohort reference configs/universes_v1.json#CN_A_tech_20260601. Symbols=300750,002594,688981,603501,002415,000725,002230,300014,688012,002371,603986,601012. Yahoo chart endpoint response for 2026-07-01 contains the public end-of-day close used for cohort_forward_close.",是,,,
A2F-HK-20230630-communications,A2,2023-06-30,2023-07-28T08:00:00Z,https://query1.finance.yahoo.com/v8/finance/chart/0700.HK?period1=1690502400&period2=1690675200&interval=1d&events=history&includeAdjustedClose=true,2023-07-28T08:00:00Z,5278fe57fc2ff01efd82ca3d22a717c31385a0eaf60293a9d90d6d523c24d7b4,否,DeepFinEval audit,observed_yahoo_forward_trading_day,"Cohort ranking outcome uses latest observed forward close across 9 symbols; cohort reference configs/universes_v1.json#HK_communications_20230630. Symbols=0700,0941,1024,3690,9618,9999,9888,1810,2382. Yahoo chart endpoint response for 2023-07-28 contains the public end-of-day close used for cohort_forward_close.",是,,,
A2F-HK-20230630-consumer,A2,2023-06-30,2023-07-28T08:00:00Z,https://query1.finance.yahoo.com/v8/finance/chart/0175.HK?period1=1690502400&period2=1690675200&interval=1d&events=history&includeAdjustedClose=true,2023-07-28T08:00:00Z,b8fbbee224275d5f4388abb2c1ed26cf7588925297888f2f76ab29c4ebd7ad4b,否,DeepFinEval audit,observed_yahoo_forward_trading_day,"Cohort ranking outcome uses latest observed forward close across 7 symbols; cohort reference configs/universes_v1.json#HK_consumer_20230630. Symbols=2020,2319,0291,1928,0880,0175,1211. Yahoo chart endpoint response for 2023-07-28 contains the public end-of-day close used for cohort_forward_close.",是,,,
A2F-HK-20230630-financial,A2,2023-06-30,2023-07-28T08:00:00Z,https://query1.finance.yahoo.com/v8/finance/chart/0005.HK?period1=1690502400&period2=1690675200&interval=1d&events=history&includeAdjustedClose=true,2023-07-28T08:00:00Z,1e233fff6a8f241775dc135347fcf2ecdd53cb80993686902412fbf2a2f49b1f,否,DeepFinEval audit,observed_yahoo_forward_trading_day,"Cohort ranking outcome uses latest observed forward close across 11 symbols; cohort reference configs/universes_v1.json#HK_financial_20230630. Symbols=0005,1299,0388,0939,1398,2318,3988,2628,3968,3328,1658. Yahoo chart endpoint response for 2023-07-28 contains the public end-of-day close used for cohort_forward_close.",是,,,
A2F-HK-20230630-hk_bluechip,A2,2023-06-30,2023-07-28T08:00:00Z,https://query1.finance.yahoo.com/v8/finance/chart/0005.HK?period1=1690502400&period2=1690675200&interval=1d&events=history&includeAdjustedClose=true,2023-07-28T08:00:00Z,1e233fff6a8f241775dc135347fcf2ecdd53cb80993686902412fbf2a2f49b1f,否,DeepFinEval audit,observed_yahoo_forward_trading_day,"Cohort ranking outcome uses latest observed forward close across 11 symbols; cohort reference configs/universes_v1.json#HK_hk_bluechip_20230630. Symbols=0700,0005,0941,1299,0388,0939,1398,2318,3690,1810,0883. Yahoo chart endpoint response for 2023-07-28 contains the public end-of-day close used for cohort_forward_close.",是,,,
A2F-HK-20230630-hk_tech,A2,2023-06-30,2023-07-28T08:00:00Z,https://query1.finance.yahoo.com/v8/finance/chart/0285.HK?period1=1690502400&period2=1690675200&interval=1d&events=history&includeAdjustedClose=true,2023-07-28T08:00:00Z,d17e42ebdce368c5112a0b25adb57d37ab42d15f8ce1f477c182ca76828147c4,否,DeepFinEval audit,observed_yahoo_forward_trading_day,"Cohort ranking outcome uses latest observed forward close across 11 symbols; cohort reference configs/universes_v1.json#HK_hk_tech_20230630. Symbols=0700,3690,1810,9888,9618,9999,1024,2015,9866,2382,0285. Yahoo chart endpoint response for 2023-07-28 contains the public end-of-day close used for cohort_forward_close.",是,,,
A2F-HK-20230630-tech,A2,2023-06-30,2023-07-28T08:00:00Z,https://query1.finance.yahoo.com/v8/finance/chart/0285.HK?period1=1690502400&period2=1690675200&interval=1d&events=history&includeAdjustedClose=true,2023-07-28T08:00:00Z,d17e42ebdce368c5112a0b25adb57d37ab42d15f8ce1f477c182ca76828147c4,否,DeepFinEval audit,observed_yahoo_forward_trading_day,"Cohort ranking outcome uses latest observed forward close across 11 symbols; cohort reference configs/universes_v1.json#HK_tech_20230630. Symbols=0700,3690,1810,9888,9618,9999,1024,2015,9866,2382,0285. Yahoo chart endpoint response for 2023-07-28 contains the public end-of-day close used for cohort_forward_close.",是,,,
A2F-HK-20230929-hk_bluechip,A2,2023-09-29,2023-10-27T08:00:00Z,https://query1.finance.yahoo.com/v8/finance/chart/0005.HK?period1=1698364800&period2=1698537600&interval=1d&events=history&includeAdjustedClose=true,2023-10-27T08:00:00Z,e366fe4b512661beecfdde47b5ac8b826d0c59c1b893f9c66f02212a39734164,否,DeepFinEval audit,observed_yahoo_forward_trading_day,"Cohort ranking outcome uses latest observed forward close across 12 symbols; cohort reference configs/universes_v1.json#HK_hk_bluechip_20230929. Symbols=0700,0005,9988,0941,1299,0388,0939,1398,2318,3690,1810,0883. Yahoo chart endpoint response for 2023-10-27 contains the public end-of-day close used for cohort_forward_close.",是,,,
A2F-HK-20230929-hk_tech,A2,2023-09-29,2023-10-27T08:00:00Z,https://query1.finance.yahoo.com/v8/finance/chart/0285.HK?period1=1698364800&period2=1698537600&interval=1d&events=history&includeAdjustedClose=true,2023-10-27T08:00:00Z,ec5b04ffd5b86610e87248e33a61b27b2e6a358a95b908f1fbbaaaf54da8a4c0,否,DeepFinEval audit,observed_yahoo_forward_trading_day,"Cohort ranking outcome uses latest observed forward close across 12 symbols; cohort reference configs/universes_v1.json#HK_hk_tech_20230929. Symbols=0700,9988,3690,1810,9888,9618,9999,1024,2015,9866,2382,0285. Yahoo chart endpoint response for 2023-10-27 contains the public end-of-day close used for cohort_forward_close.",是,,,
A2F-HK-20231229-communications,A2,2023-12-29,2024-01-26T08:00:00Z,https://query1.finance.yahoo.com/v8/finance/chart/0700.HK?period1=1706227200&period2=1706400000&interval=1d&events=history&includeAdjustedClose=true,2024-01-26T08:00:00Z,efc17f8b143aeed78f7afcc4b6fd5701df15424b7f90a95659a36d4ea9580462,否,DeepFinEval audit,observed_yahoo_forward_trading_day,"Cohort ranking outcome uses latest observed forward close across 10 symbols; cohort reference configs/universes_v1.json#HK_communications_20231229. Symbols=0700,0941,1024,3690,9988,9618,9999,9888,1810,2382. Yahoo chart endpoint response for 2024-01-26 contains the public end-of-day close used for cohort_forward_close.",是,,,
A2F-HK-20231229-consumer,A2,2023-12-29,2024-01-26T08:00:00Z,https://query1.finance.yahoo.com/v8/finance/chart/0175.HK?period1=1706227200&period2=1706400000&interval=1d&events=history&includeAdjustedClose=true,2024-01-26T08:00:00Z,2583737828792ab56625903649ca7431b0744eea7a828b2867135bee81549732,否,DeepFinEval audit,observed_yahoo_forward_trading_day,"Cohort ranking outcome uses latest observed forward close across 7 symbols; cohort reference configs/universes_v1.json#HK_consumer_20231229. Symbols=2020,2319,0291,1928,0880,0175,1211. Yahoo chart endpoint response for 2024-01-26 contains the public end-of-day close used for cohort_forward_close.",是,,,
A2F-HK-20231229-financial,A2,2023-12-29,2024-01-26T08:00:00Z,https://query1.finance.yahoo.com/v8/finance/chart/0005.HK?period1=1706227200&period2=1706400000&interval=1d&events=history&includeAdjustedClose=true,2024-01-26T08:00:00Z,44542fafbd3c82037f57c94831e999885a3ed1b7ece01b1509364d205ce65647,否,DeepFinEval audit,observed_yahoo_forward_trading_day,"Cohort ranking outcome uses latest observed forward close across 11 symbols; cohort reference configs/universes_v1.json#HK_financial_20231229. Symbols=0005,1299,0388,0939,1398,2318,3988,2628,3968,3328,1658. Yahoo chart endpoint response for 2024-01-26 contains the public end-of-day close used for cohort_forward_close.",是,,,
A2F-HK-20231229-hk_bluechip,A2,2023-12-29,2024-01-26T08:00:00Z,https://query1.finance.yahoo.com/v8/finance/chart/0005.HK?period1=1706227200&period2=1706400000&interval=1d&events=history&includeAdjustedClose=true,2024-01-26T08:00:00Z,44542fafbd3c82037f57c94831e999885a3ed1b7ece01b1509364d205ce65647,否,DeepFinEval audit,observed_yahoo_forward_trading_day,"Cohort ranking outcome uses latest observed forward close across 12 symbols; cohort reference configs/universes_v1.json#HK_hk_bluechip_20231229. Symbols=0700,0005,9988,0941,1299,0388,0939,1398,2318,3690,1810,0883. Yahoo chart endpoint response for 2024-01-26 contains the public end-of-day close used for cohort_forward_close.",是,,,
A2F-HK-20231229-hk_tech,A2,2023-12-29,2024-01-26T08:00:00Z,https://query1.finance.yahoo.com/v8/finance/chart/0285.HK?period1=1706227200&period2=1706400000&interval=1d&events=history&includeAdjustedClose=true,2024-01-26T08:00:00Z,f022e557cfb397275a57c5aa7c3d71e0972d9f9b68e1517b3a726f3868561e4c,否,DeepFinEval audit,observed_yahoo_forward_trading_day,"Cohort ranking outcome uses latest observed forward close across 12 symbols; cohort reference configs/universes_v1.json#HK_hk_tech_20231229. Symbols=0700,9988,3690,1810,9888,9618,9999,1024,2015,9866,2382,0285. Yahoo chart endpoint response for 2024-01-26 contains the public end-of-day close used for cohort_forward_close.",是,,,
A2F-HK-20231229-tech,A2,2023-12-29,2024-01-26T08:00:00Z,https://query1.finance.yahoo.com/v8/finance/chart/0285.HK?period1=1706227200&period2=1706400000&interval=1d&events=history&includeAdjustedClose=true,2024-01-26T08:00:00Z,f022e557cfb397275a57c5aa7c3d71e0972d9f9b68e1517b3a726f3868561e4c,否,DeepFinEval audit,observed_yahoo_forward_trading_day,"Cohort ranking outcome uses latest observed forward close across 12 symbols; cohort reference configs/universes_v1.json#HK_tech_20231229. Symbols=0700,9988,3690,1810,9888,9618,9999,1024,2015,9866,2382,0285. Yahoo chart endpoint response for 2024-01-26 contains the public end-of-day close used for cohort_forward_close.",是,,,
A2F-HK-20240329-hk_bluechip,A2,2024-03-29,2024-04-26T08:00:00Z,https://query1.finance.yahoo.com/v8/finance/chart/0005.HK?period1=1714089600&period2=1714262400&interval=1d&events=history&includeAdjustedClose=true,2024-04-26T08:00:00Z,71fa693da18ec4c8a09f845ba994d55c17e81b10ffc262b18b690ebac2516d1a,否,DeepFinEval audit,observed_yahoo_forward_trading_day,"Cohort ranking outcome uses latest observed forward close across 12 symbols; cohort reference configs/universes_v1.json#HK_hk_bluechip_20240329. Symbols=0700,0005,9988,0941,1299,0388,0939,1398,2318,3690,1810,0883. Yahoo chart endpoint response for 2024-04-26 contains the public end-of-day close used for cohort_forward_close.",是,,,
A2F-HK-20240329-hk_tech,A2,2024-03-29,2024-04-26T08:00:00Z,https://query1.finance.yahoo.com/v8/finance/chart/0285.HK?period1=1714089600&period2=1714262400&interval=1d&events=history&includeAdjustedClose=true,2024-04-26T08:00:00Z,b21e615d5b7943d3e23d58c62855161cd19d6ace8ee3d3f080ecd4d516ba922a,否,DeepFinEval audit,observed_yahoo_forward_trading_day,"Cohort ranking outcome uses latest observed forward close across 12 symbols; cohort reference configs/universes_v1.json#HK_hk_tech_20240329. Symbols=0700,9988,3690,1810,9888,9618,9999,1024,2015,9866,2382,0285. Yahoo chart endpoint response for 2024-04-26 contains the public end-of-day close used for cohort_forward_close.",是,,,
A2F-HK-20241231-hk_bluechip,A2,2024-12-31,2025-01-28T08:00:00Z,https://query1.finance.yahoo.com/v8/finance/chart/0005.HK?period1=1738022400&period2=1738195200&interval=1d&events=history&includeAdjustedClose=true,2025-01-28T08:00:00Z,c446e6e7f7959b2dd07fe13c46a5fa43404617a2c99542123a0502004546c3fb,否,DeepFinEval audit,observed_yahoo_forward_trading_day,"Cohort ranking outcome uses latest observed forward close across 12 symbols; cohort reference configs/universes_v1.json#HK_hk_bluechip_20241231. Symbols=0700,0005,9988,0941,1299,0388,0939,1398,2318,3690,1810,0883. Yahoo chart endpoint response for 2025-01-28 contains the public end-of-day close used for cohort_forward_close.",是,,,
A2F-HK-20241231-hk_tech,A2,2024-12-31,2025-01-28T08:00:00Z,https://query1.finance.yahoo.com/v8/finance/chart/0285.HK?period1=1738022400&period2=1738195200&interval=1d&events=history&includeAdjustedClose=true,2025-01-28T08:00:00Z,ffef289bfe02e74131ad02b8028b786c7681044b895b43e27e3350b565f4e69e,否,DeepFinEval audit,observed_yahoo_forward_trading_day,"Cohort ranking outcome uses latest observed forward close across 12 symbols; cohort reference configs/universes_v1.json#HK_hk_tech_20241231. Symbols=0700,9988,3690,1810,9888,9618,9999,1024,2015,9866,2382,0285. Yahoo chart endpoint response for 2025-01-28 contains the public end-of-day close used for cohort_forward_close.",是,,,
A2F-HK-20250331-hk_bluechip,A2,2025-03-31,2025-04-30T08:00:00Z,https://query1.finance.yahoo.com/v8/finance/chart/0005.HK?period1=1745971200&period2=1746144000&interval=1d&events=history&includeAdjustedClose=true,2025-04-30T08:00:00Z,9bf91ac76851daef11b0ed33c8549e659b5c35001694e5f3576f4319feac3c74,否,DeepFinEval audit,observed_yahoo_forward_trading_day,"Cohort ranking outcome uses latest observed forward close across 12 symbols; cohort reference configs/universes_v1.json#HK_hk_bluechip_20250331. Symbols=0700,0005,9988,0941,1299,0388,0939,1398,2318,3690,1810,0883. Yahoo chart endpoint response for 2025-04-30 contains the public end-of-day close used for cohort_forward_close.",是,,,
A2F-HK-20250331-hk_tech,A2,2025-03-31,2025-04-30T08:00:00Z,https://query1.finance.yahoo.com/v8/finance/chart/0285.HK?period1=1745971200&period2=1746144000&interval=1d&events=history&includeAdjustedClose=true,2025-04-30T08:00:00Z,ea757df1e499bc16d2f94d1bb63101abd641656bd4bacbc003b181e9e1982a6b,否,DeepFinEval audit,observed_yahoo_forward_trading_day,"Cohort ranking outcome uses latest observed forward close across 12 symbols; cohort reference configs/universes_v1.json#HK_hk_tech_20250331. Symbols=0700,9988,3690,1810,9888,9618,9999,1024,2015,9866,2382,0285. Yahoo chart endpoint response for 2025-04-30 contains the public end-of-day close used for cohort_forward_close.",是,,,
A2F-HK-20250606-hk_bluechip,A2,2025-06-06,2025-07-04T08:00:00Z,https://query1.finance.yahoo.com/v8/finance/chart/0005.HK?period1=1751587200&period2=1751760000&interval=1d&events=history&includeAdjustedClose=true,2025-07-04T08:00:00Z,31cc281333757dec159cea937c2c812de2e41176d422e051e99d25a503aec86d,否,DeepFinEval audit,observed_yahoo_forward_trading_day,"Cohort ranking outcome uses latest observed forward close across 12 symbols; cohort reference configs/universes_v1.json#HK_hk_bluechip_20250606. Symbols=0700,0005,9988,0941,1299,0388,0939,1398,2318,3690,1810,0883. Yahoo chart endpoint response for 2025-07-04 contains the public end-of-day close used for cohort_forward_close.",是,,,
A2F-HK-20250606-hk_tech,A2,2025-06-06,2025-07-04T08:00:00Z,https://query1.finance.yahoo.com/v8/finance/chart/0285.HK?period1=1751587200&period2=1751760000&interval=1d&events=history&includeAdjustedClose=true,2025-07-04T08:00:00Z,51824dab7927e1b5d87f5b14ce825dc11de61eb3ff0bf09b574d7df94c2e6390,否,DeepFinEval audit,observed_yahoo_forward_trading_day,"Cohort ranking outcome uses latest observed forward close across 12 symbols; cohort reference configs/universes_v1.json#HK_hk_tech_20250606. Symbols=0700,9988,3690,1810,9888,9618,9999,1024,2015,9866,2382,0285. Yahoo chart endpoint response for 2025-07-04 contains the public end-of-day close used for cohort_forward_close.",是,,,
A2F-HK-20250930-hk_bluechip,A2,2025-09-30,2025-10-30T08:00:00Z,https://query1.finance.yahoo.com/v8/finance/chart/0005.HK?period1=1761782400&period2=1761955200&interval=1d&events=history&includeAdjustedClose=true,2025-10-30T08:00:00Z,e38b2db0078e3b3db3d398bf9ec32557fd1d5b4486ac5ed70645e3d95adb61ee,否,DeepFinEval audit,observed_yahoo_forward_trading_day,"Cohort ranking outcome uses latest observed forward close across 12 symbols; cohort reference configs/universes_v1.json#HK_hk_bluechip_20250930. Symbols=0700,0005,9988,0941,1299,0388,0939,1398,2318,3690,1810,0883. Yahoo chart endpoint response for 2025-10-30 contains the public end-of-day close used for cohort_forward_close.",是,,,
A2F-HK-20250930-hk_tech,A2,2025-09-30,2025-10-30T08:00:00Z,https://query1.finance.yahoo.com/v8/finance/chart/0285.HK?period1=1761782400&period2=1761955200&interval=1d&events=history&includeAdjustedClose=true,2025-10-30T08:00:00Z,9e15103b5bcb9f4ce66aa2017c1122ecbadac88cadb68a3afaec251211b0de3f,否,DeepFinEval audit,observed_yahoo_forward_trading_day,"Cohort ranking outcome uses latest observed forward close across 12 symbols; cohort reference configs/universes_v1.json#HK_hk_tech_20250930. Symbols=0700,9988,3690,1810,9888,9618,9999,1024,2015,9866,2382,0285. Yahoo chart endpoint response for 2025-10-30 contains the public end-of-day close used for cohort_forward_close.",是,,,
A2F-HK-20251231-hk_bluechip,A2,2025-12-31,2026-01-30T08:00:00Z,https://query1.finance.yahoo.com/v8/finance/chart/0005.HK?period1=1769731200&period2=1769904000&interval=1d&events=history&includeAdjustedClose=true,2026-01-30T08:00:00Z,e887fb917372503ac4de1a4746ca93a63804ee89bf3b3a6a2162c66495d55fe9,否,DeepFinEval audit,observed_yahoo_forward_trading_day,"Cohort ranking outcome uses latest observed forward close across 12 symbols; cohort reference configs/universes_v1.json#HK_hk_bluechip_20251231. Symbols=0700,0005,9988,0941,1299,0388,0939,1398,2318,3690,1810,0883. Yahoo chart endpoint response for 2026-01-30 contains the public end-of-day close used for cohort_forward_close.",是,,,
A2F-HK-20251231-hk_tech,A2,2025-12-31,2026-01-30T08:00:00Z,https://query1.finance.yahoo.com/v8/finance/chart/0285.HK?period1=1769731200&period2=1769904000&interval=1d&events=history&includeAdjustedClose=true,2026-01-30T08:00:00Z,7ad47dba3a562955af7c6b70333399cfcd76a3a41cb29e1aed0c8f35a5cc7863,否,DeepFinEval audit,observed_yahoo_forward_trading_day,"Cohort ranking outcome uses latest observed forward close across 12 symbols; cohort reference configs/universes_v1.json#HK_hk_tech_20251231. Symbols=0700,9988,3690,1810,9888,9618,9999,1024,2015,9866,2382,0285. Yahoo chart endpoint response for 2026-01-30 contains the public end-of-day close used for cohort_forward_close.",是,,,
A2F-HK-20260130-hk_bluechip,A2,2026-01-30,2026-02-27T08:00:00Z,https://query1.finance.yahoo.com/v8/finance/chart/0005.HK?period1=1772150400&period2=1772323200&interval=1d&events=history&includeAdjustedClose=true,2026-02-27T08:00:00Z,853948827c4c5aee04ee2ebecb1dbfb16cb0a3a0c0a20743adb8d763a94e99a2,否,DeepFinEval audit,observed_yahoo_forward_trading_day,"Cohort ranking outcome uses latest observed forward close across 12 symbols; cohort reference configs/universes_v1.json#HK_hk_bluechip_20260130. Symbols=0700,0005,9988,0941,1299,0388,0939,1398,2318,3690,1810,0883. Yahoo chart endpoint response for 2026-02-27 contains the public end-of-day close used for cohort_forward_close.",是,,,
A2F-HK-20260130-hk_tech,A2,2026-01-30,2026-02-27T08:00:00Z,https://query1.finance.yahoo.com/v8/finance/chart/0285.HK?period1=1772150400&period2=1772323200&interval=1d&events=history&includeAdjustedClose=true,2026-02-27T08:00:00Z,f632fbdaf1f265e82de41bf092f5e46f804418343ff76a3bfe1484776b18f0aa,否,DeepFinEval audit,observed_yahoo_forward_trading_day,"Cohort ranking outcome uses latest observed forward close across 12 symbols; cohort reference configs/universes_v1.json#HK_hk_tech_20260130. Symbols=0700,9988,3690,1810,9888,9618,9999,1024,2015,9866,2382,0285. Yahoo chart endpoint response for 2026-02-27 contains the public end-of-day close used for cohort_forward_close.",是,,,
A2F-HK-20260331-hk_bluechip,A2,2026-03-31,2026-04-30T08:00:00Z,https://query1.finance.yahoo.com/v8/finance/chart/0005.HK?period1=1777507200&period2=1777680000&interval=1d&events=history&includeAdjustedClose=true,2026-04-30T08:00:00Z,7858dd6544fb79b7a6654d703eef786cab335d4b0ee55713ec7f4ee0368a4d4e,否,DeepFinEval audit,observed_yahoo_forward_trading_day,"Cohort ranking outcome uses latest observed forward close across 12 symbols; cohort reference configs/universes_v1.json#HK_hk_bluechip_20260331. Symbols=0700,0005,9988,0941,1299,0388,0939,1398,2318,3690,1810,0883. Yahoo chart endpoint response for 2026-04-30 contains the public end-of-day close used for cohort_forward_close.",是,,,
A2F-HK-20260331-hk_tech,A2,2026-03-31,2026-04-30T08:00:00Z,https://query1.finance.yahoo.com/v8/finance/chart/0285.HK?period1=1777507200&period2=1777680000&interval=1d&events=history&includeAdjustedClose=true,2026-04-30T08:00:00Z,8e7ae75d2bbf56df376354443aedb42a3931959aac2fa45360486300fbc044b9,否,DeepFinEval audit,observed_yahoo_forward_trading_day,"Cohort ranking outcome uses latest observed forward close across 12 symbols; cohort reference configs/universes_v1.json#HK_hk_tech_20260331. Symbols=0700,9988,3690,1810,9888,9618,9999,1024,2015,9866,2382,0285. Yahoo chart endpoint response for 2026-04-30 contains the public end-of-day close used for cohort_forward_close.",是,,,
A2F-HK-20260601-hk_bluechip,A2,2026-06-01,2026-06-30T08:00:00Z,https://query1.finance.yahoo.com/v8/finance/chart/0005.HK?period1=1782777600&period2=1782950400&interval=1d&events=history&includeAdjustedClose=true,2026-06-30T08:00:00Z,8e34b80c1cbbd32514937b95aaebfcc3a58cab209815ab578c9ccf33b473ba02,否,DeepFinEval audit,observed_yahoo_forward_trading_day,"Cohort ranking outcome uses latest observed forward close across 12 symbols; cohort reference configs/universes_v1.json#HK_hk_bluechip_20260601. Symbols=0700,0005,9988,0941,1299,0388,0939,1398,2318,3690,1810,0883. Yahoo chart endpoint response for 2026-06-30 contains the public end-of-day close used for cohort_forward_close.",是,,,
A2F-HK-20260601-hk_tech,A2,2026-06-01,2026-06-30T08:00:00Z,https://query1.finance.yahoo.com/v8/finance/chart/0285.HK?period1=1782777600&period2=1782950400&interval=1d&events=history&includeAdjustedClose=true,2026-06-30T08:00:00Z,988e0c5d3e1b47d3f15670ce1e029e31f9df296e6f07177ffca8572b1d58cf9a,否,DeepFinEval audit,observed_yahoo_forward_trading_day,"Cohort ranking outcome uses latest observed forward close across 12 symbols; cohort reference configs/universes_v1.json#HK_hk_tech_20260601. Symbols=0700,9988,3690,1810,9888,9618,9999,1024,2015,9866,2382,0285. Yahoo chart endpoint response for 2026-06-30 contains the public end-of-day close used for cohort_forward_close.",是,,,
A2F-US-20230630-financial,A2,2023-06-30,2023-07-28T20:00:00Z,https://query1.finance.yahoo.com/v8/finance/chart/AXP?period1=1690502400&period2=1690675200&interval=1d&events=history&includeAdjustedClose=true,2023-07-28T20:00:00Z,a0ff7e26d07c00eea3429966879c356566c4147db8399c806f5cf812d37ff5a2,否,DeepFinEval audit,observed_yahoo_forward_trading_day,"Cohort ranking outcome uses latest observed forward close across 10 symbols; cohort reference configs/universes_v1.json#US_financial_20230630. Symbols=JPM,BAC,WFC,C,GS,MS,BLK,SCHW,AXP,USB. Yahoo chart endpoint response for 2023-07-28 contains the public end-of-day close used for cohort_forward_close.",是,,,
A2F-US-20230630-healthcare,A2,2023-06-30,2023-07-28T20:00:00Z,https://query1.finance.yahoo.com/v8/finance/chart/ABBV?period1=1690502400&period2=1690675200&interval=1d&events=history&includeAdjustedClose=true,2023-07-28T20:00:00Z,e69b68313b2ea176919b5346bd0990442c0da06bbbbfad479a55273d4b10d0e8,否,DeepFinEval audit,observed_yahoo_forward_trading_day,"Cohort ranking outcome uses latest observed forward close across 12 symbols; cohort reference configs/universes_v1.json#US_healthcare_20230630. Symbols=JNJ,LLY,UNH,PFE,MRK,ABBV,TMO,ABT,DHR,BMY,AMGN,GILD. Yahoo chart endpoint response for 2023-07-28 contains the public end-of-day close used for cohort_forward_close.",是,,,
A2F-US-20230630-tech,A2,2023-06-30,2023-07-28T20:00:00Z,https://query1.finance.yahoo.com/v8/finance/chart/ADBE?period1=1690502400&period2=1690675200&interval=1d&events=history&includeAdjustedClose=true,2023-07-28T20:00:00Z,824f039a019af8719ad13c6f1585b673e61f7bcb83a973dc84b1be5a1c10b371,否,DeepFinEval audit,observed_yahoo_forward_trading_day,"Cohort ranking outcome uses latest observed forward close across 11 symbols; cohort reference configs/universes_v1.json#US_tech_20230630. Symbols=NVDA,AMD,AVGO,CRM,ADBE,INTC,QCOM,NFLX,CSCO,IBM,TXN. Yahoo chart endpoint response for 2023-07-28 contains the public end-of-day close used for cohort_forward_close.",是,,,
A2F-US-20230630-us_mega,A2,2023-06-30,2023-07-28T20:00:00Z,https://query1.finance.yahoo.com/v8/finance/chart/AAPL?period1=1690502400&period2=1690675200&interval=1d&events=history&includeAdjustedClose=true,2023-07-28T20:00:00Z,65eb20c25dc352a0961752aee6690d82cbb9663e8b2fa6714b68650baa46a3a3,否,DeepFinEval audit,observed_yahoo_forward_trading_day,"Cohort ranking outcome uses latest observed forward close across 10 symbols; cohort reference configs/universes_v1.json#US_us_mega_20230630. Symbols=AAPL,GOOGL,AMZN,JPM,JNJ,META,NVDA,V,MA,WMT. Yahoo chart endpoint response for 2023-07-28 contains the public end-of-day close used for cohort_forward_close.",是,,,
A2F-US-20230630-us_tech,A2,2023-06-30,2023-07-28T20:00:00Z,https://query1.finance.yahoo.com/v8/finance/chart/ADBE?period1=1690502400&period2=1690675200&interval=1d&events=history&includeAdjustedClose=true,2023-07-28T20:00:00Z,824f039a019af8719ad13c6f1585b673e61f7bcb83a973dc84b1be5a1c10b371,否,DeepFinEval audit,observed_yahoo_forward_trading_day,"Cohort ranking outcome uses latest observed forward close across 11 symbols; cohort reference configs/universes_v1.json#US_us_tech_20230630. Symbols=NVDA,AMD,AVGO,CRM,ADBE,INTC,QCOM,NFLX,CSCO,IBM,TXN. Yahoo chart endpoint response for 2023-07-28 contains the public end-of-day close used for cohort_forward_close.",是,,,
A2F-US-20230929-us_mega,A2,2023-09-29,2023-10-27T20:00:00Z,https://query1.finance.yahoo.com/v8/finance/chart/AAPL?period1=1698364800&period2=1698537600&interval=1d&events=history&includeAdjustedClose=true,2023-10-27T20:00:00Z,0964d56991e8c8a51cd7d1ec6d82c5b709a2f4bf85a6260de2ae9a422e45976c,否,DeepFinEval audit,observed_yahoo_forward_trading_day,"Cohort ranking outcome uses latest observed forward close across 10 symbols; cohort reference configs/universes_v1.json#US_us_mega_20230929. Symbols=AAPL,GOOGL,AMZN,JPM,JNJ,META,NVDA,V,MA,WMT. Yahoo chart endpoint response for 2023-10-27 contains the public end-of-day close used for cohort_forward_close.",是,,,
A2F-US-20230929-us_tech,A2,2023-09-29,2023-10-27T20:00:00Z,https://query1.finance.yahoo.com/v8/finance/chart/ADBE?period1=1698364800&period2=1698537600&interval=1d&events=history&includeAdjustedClose=true,2023-10-27T20:00:00Z,449dc5b676491603fc6c440dfe486513e9e3a60b6f7f583ddead35b810fc2a14,否,DeepFinEval audit,observed_yahoo_forward_trading_day,"Cohort ranking outcome uses latest observed forward close across 12 symbols; cohort reference configs/universes_v1.json#US_us_tech_20230929. Symbols=NVDA,AMD,AVGO,CRM,ORCL,ADBE,INTC,QCOM,NFLX,CSCO,IBM,TXN. Yahoo chart endpoint response for 2023-10-27 contains the public end-of-day close used for cohort_forward_close.",是,,,
A2F-US-20231229-financial,A2,2023-12-29,2024-01-26T21:00:00Z,https://query1.finance.yahoo.com/v8/finance/chart/AXP?period1=1706227200&period2=1706400000&interval=1d&events=history&includeAdjustedClose=true,2024-01-26T21:00:00Z,fae63ed11f0dc268b5a7646ef0e4837b1d892fa96ecf4a7f07e2336ccd995e22,否,DeepFinEval audit,observed_yahoo_forward_trading_day,"Cohort ranking outcome uses latest observed forward close across 10 symbols; cohort reference configs/universes_v1.json#US_financial_20231229. Symbols=JPM,BAC,WFC,C,GS,MS,BLK,SCHW,AXP,USB. Yahoo chart endpoint response for 2024-01-26 contains the public end-of-day close used for cohort_forward_close.",是,,,
A2F-US-20231229-healthcare,A2,2023-12-29,2024-01-26T21:00:00Z,https://query1.finance.yahoo.com/v8/finance/chart/ABBV?period1=1706227200&period2=1706400000&interval=1d&events=history&includeAdjustedClose=true,2024-01-26T21:00:00Z,4d535b9eb10a05806fe786ea9234720fe438a1951b8aa9024b69c6dadf5c382d,否,DeepFinEval audit,observed_yahoo_forward_trading_day,"Cohort ranking outcome uses latest observed forward close across 12 symbols; cohort reference configs/universes_v1.json#US_healthcare_20231229. Symbols=JNJ,LLY,UNH,PFE,MRK,ABBV,TMO,ABT,DHR,BMY,AMGN,GILD. Yahoo chart endpoint response for 2024-01-26 contains the public end-of-day close used for cohort_forward_close.",是,,,
A2F-US-20231229-tech,A2,2023-12-29,2024-01-26T21:00:00Z,https://query1.finance.yahoo.com/v8/finance/chart/ADBE?period1=1706227200&period2=1706400000&interval=1d&events=history&includeAdjustedClose=true,2024-01-26T21:00:00Z,597c50aa4f02d70e88f91e2964e37c814068a016f7d3d55ac74bfd3c5bc68656,否,DeepFinEval audit,observed_yahoo_forward_trading_day,"Cohort ranking outcome uses latest observed forward close across 12 symbols; cohort reference configs/universes_v1.json#US_tech_20231229. Symbols=NVDA,AMD,AVGO,CRM,ORCL,ADBE,INTC,QCOM,NFLX,CSCO,IBM,TXN. Yahoo chart endpoint response for 2024-01-26 contains the public end-of-day close used for cohort_forward_close.",是,,,
A2F-US-20231229-us_mega,A2,2023-12-29,2024-01-26T21:00:00Z,https://query1.finance.yahoo.com/v8/finance/chart/AAPL?period1=1706227200&period2=1706400000&interval=1d&events=history&includeAdjustedClose=true,2024-01-26T21:00:00Z,d9ccc5306f42958a729a4814f0ea1a6767bdcafa2201cfd68adac4ee3ca38817,否,DeepFinEval audit,observed_yahoo_forward_trading_day,"Cohort ranking outcome uses latest observed forward close across 12 symbols; cohort reference configs/universes_v1.json#US_us_mega_20231229. Symbols=AAPL,MSFT,GOOGL,AMZN,JPM,JNJ,META,NVDA,V,MA,WMT,PG. Yahoo chart endpoint response for 2024-01-26 contains the public end-of-day close used for cohort_forward_close.",是,,,
A2F-US-20231229-us_tech,A2,2023-12-29,2024-01-26T21:00:00Z,https://query1.finance.yahoo.com/v8/finance/chart/ADBE?period1=1706227200&period2=1706400000&interval=1d&events=history&includeAdjustedClose=true,2024-01-26T21:00:00Z,597c50aa4f02d70e88f91e2964e37c814068a016f7d3d55ac74bfd3c5bc68656,否,DeepFinEval audit,observed_yahoo_forward_trading_day,"Cohort ranking outcome uses latest observed forward close across 12 symbols; cohort reference configs/universes_v1.json#US_us_tech_20231229. Symbols=NVDA,AMD,AVGO,CRM,ORCL,ADBE,INTC,QCOM,NFLX,CSCO,IBM,TXN. Yahoo chart endpoint response for 2024-01-26 contains the public end-of-day close used for cohort_forward_close.",是,,,
A2F-US-20240329-us_mega,A2,2024-03-29,2024-04-26T20:00:00Z,https://query1.finance.yahoo.com/v8/finance/chart/AAPL?period1=1714089600&period2=1714262400&interval=1d&events=history&includeAdjustedClose=true,2024-04-26T20:00:00Z,ce619bd88286f9fa50735347acc6f0111bf1d16e339c43c505e576b441336bc0,否,DeepFinEval audit,observed_yahoo_forward_trading_day,"Cohort ranking outcome uses latest observed forward close across 12 symbols; cohort reference configs/universes_v1.json#US_us_mega_20240329. Symbols=AAPL,MSFT,GOOGL,AMZN,JPM,JNJ,META,NVDA,V,MA,WMT,PG. Yahoo chart endpoint response for 2024-04-26 contains the public end-of-day close used for cohort_forward_close.",是,,,
A2F-US-20240329-us_tech,A2,2024-03-29,2024-04-26T20:00:00Z,https://query1.finance.yahoo.com/v8/finance/chart/ADBE?period1=1714089600&period2=1714262400&interval=1d&events=history&includeAdjustedClose=true,2024-04-26T20:00:00Z,4d45965108f23cb2199d29e0186404e4d3b9850431d5efb52994eb8ab28ccb3c,否,DeepFinEval audit,observed_yahoo_forward_trading_day,"Cohort ranking outcome uses latest observed forward close across 12 symbols; cohort reference configs/universes_v1.json#US_us_tech_20240329. Symbols=NVDA,AMD,AVGO,CRM,ORCL,ADBE,INTC,QCOM,NFLX,CSCO,IBM,TXN. Yahoo chart endpoint response for 2024-04-26 contains the public end-of-day close used for cohort_forward_close.",是,,,
A2F-US-20241231-us_mega,A2,2024-12-31,2025-01-30T21:00:00Z,https://query1.finance.yahoo.com/v8/finance/chart/AAPL?period1=1738195200&period2=1738368000&interval=1d&events=history&includeAdjustedClose=true,2025-01-30T21:00:00Z,3810396aa70a9efa3264acb8eda3f57e5711a94d210ac63df50d0082b435bb92,否,DeepFinEval audit,observed_yahoo_forward_trading_day,"Cohort ranking outcome uses latest observed forward close across 12 symbols; cohort reference configs/universes_v1.json#US_us_mega_20241231. Symbols=AAPL,MSFT,GOOGL,AMZN,JPM,JNJ,META,NVDA,V,MA,WMT,PG. Yahoo chart endpoint response for 2025-01-30 contains the public end-of-day close used for cohort_forward_close.",是,,,
A2F-US-20241231-us_tech,A2,2024-12-31,2025-01-30T21:00:00Z,https://query1.finance.yahoo.com/v8/finance/chart/ADBE?period1=1738195200&period2=1738368000&interval=1d&events=history&includeAdjustedClose=true,2025-01-30T21:00:00Z,4aabb6166e730f1c4424e5c5042062617524cb68b8145ac981870df8eac3966d,否,DeepFinEval audit,observed_yahoo_forward_trading_day,"Cohort ranking outcome uses latest observed forward close across 12 symbols; cohort reference configs/universes_v1.json#US_us_tech_20241231. Symbols=NVDA,AMD,AVGO,CRM,ORCL,ADBE,INTC,QCOM,NFLX,CSCO,IBM,TXN. Yahoo chart endpoint response for 2025-01-30 contains the public end-of-day close used for cohort_forward_close.",是,,,
A2F-US-20250331-us_mega,A2,2025-03-31,2025-04-30T20:00:00Z,https://query1.finance.yahoo.com/v8/finance/chart/AAPL?period1=1745971200&period2=1746144000&interval=1d&events=history&includeAdjustedClose=true,2025-04-30T20:00:00Z,c8659ae95e9ba598a58b7c78a8dde87f0c4c1cf0da61d290c20e7232ba7cf9c7,否,DeepFinEval audit,observed_yahoo_forward_trading_day,"Cohort ranking outcome uses latest observed forward close across 12 symbols; cohort reference configs/universes_v1.json#US_us_mega_20250331. Symbols=AAPL,MSFT,GOOGL,AMZN,JPM,JNJ,META,NVDA,V,MA,WMT,PG. Yahoo chart endpoint response for 2025-04-30 contains the public end-of-day close used for cohort_forward_close.",是,,,
A2F-US-20250331-us_tech,A2,2025-03-31,2025-04-30T20:00:00Z,https://query1.finance.yahoo.com/v8/finance/chart/ADBE?period1=1745971200&period2=1746144000&interval=1d&events=history&includeAdjustedClose=true,2025-04-30T20:00:00Z,f0efda45ab981e70a0542decc73f9647e5600858fa212d7ea471d1419347259d,否,DeepFinEval audit,observed_yahoo_forward_trading_day,"Cohort ranking outcome uses latest observed forward close across 12 symbols; cohort reference configs/universes_v1.json#US_us_tech_20250331. Symbols=NVDA,AMD,AVGO,CRM,ORCL,ADBE,INTC,QCOM,NFLX,CSCO,IBM,TXN. Yahoo chart endpoint response for 2025-04-30 contains the public end-of-day close used for cohort_forward_close.",是,,,
A2F-US-20250606-us_mega,A2,2025-06-06,2025-07-03T20:00:00Z,https://query1.finance.yahoo.com/v8/finance/chart/AAPL?period1=1751500800&period2=1751673600&interval=1d&events=history&includeAdjustedClose=true,2025-07-03T20:00:00Z,0cfe90ac8db1527994ad75af42933f6fdcd82cd4908566fd6c0a3871976357a3,否,DeepFinEval audit,observed_yahoo_forward_trading_day,"Cohort ranking outcome uses latest observed forward close across 12 symbols; cohort reference configs/universes_v1.json#US_us_mega_20250606. Symbols=AAPL,MSFT,GOOGL,AMZN,JPM,JNJ,META,NVDA,V,MA,WMT,PG. Yahoo chart endpoint response for 2025-07-03 contains the public end-of-day close used for cohort_forward_close.",是,,,
A2F-US-20250606-us_tech,A2,2025-06-06,2025-07-03T20:00:00Z,https://query1.finance.yahoo.com/v8/finance/chart/ADBE?period1=1751500800&period2=1751673600&interval=1d&events=history&includeAdjustedClose=true,2025-07-03T20:00:00Z,d5b47c45ac165294aae7fea0fe5e52a34ce88c68a840aa5bcd6596f4e795c48b,否,DeepFinEval audit,observed_yahoo_forward_trading_day,"Cohort ranking outcome uses latest observed forward close across 12 symbols; cohort reference configs/universes_v1.json#US_us_tech_20250606. Symbols=NVDA,AMD,AVGO,CRM,ORCL,ADBE,INTC,QCOM,NFLX,CSCO,IBM,TXN. Yahoo chart endpoint response for 2025-07-03 contains the public end-of-day close used for cohort_forward_close.",是,,,
A2F-US-20250930-us_mega,A2,2025-09-30,2025-10-30T20:00:00Z,https://query1.finance.yahoo.com/v8/finance/chart/AAPL?period1=1761782400&period2=1761955200&interval=1d&events=history&includeAdjustedClose=true,2025-10-30T20:00:00Z,be1848e748d9dd857a710e906e5d7b60e55e22a0e75704f09e59807002ddafd0,否,DeepFinEval audit,observed_yahoo_forward_trading_day,"Cohort ranking outcome uses latest observed forward close across 12 symbols; cohort reference configs/universes_v1.json#US_us_mega_20250930. Symbols=AAPL,MSFT,GOOGL,AMZN,JPM,JNJ,META,NVDA,V,MA,WMT,PG. Yahoo chart endpoint response for 2025-10-30 contains the public end-of-day close used for cohort_forward_close.",是,,,
A2F-US-20250930-us_tech,A2,2025-09-30,2025-10-30T20:00:00Z,https://query1.finance.yahoo.com/v8/finance/chart/ADBE?period1=1761782400&period2=1761955200&interval=1d&events=history&includeAdjustedClose=true,2025-10-30T20:00:00Z,3443b0d35d55d87b8fc5286d1cbf60ae1d117cf7e48bbb3e103444bd1285d059,否,DeepFinEval audit,observed_yahoo_forward_trading_day,"Cohort ranking outcome uses latest observed forward close across 12 symbols; cohort reference configs/universes_v1.json#US_us_tech_20250930. Symbols=NVDA,AMD,AVGO,CRM,ORCL,ADBE,INTC,QCOM,NFLX,CSCO,IBM,TXN. Yahoo chart endpoint response for 2025-10-30 contains the public end-of-day close used for cohort_forward_close.",是,,,
A2F-US-20251231-us_mega,A2,2025-12-31,2026-01-30T21:00:00Z,https://query1.finance.yahoo.com/v8/finance/chart/AAPL?period1=1769731200&period2=1769904000&interval=1d&events=history&includeAdjustedClose=true,2026-01-30T21:00:00Z,e062ace9db493797d0f617428bdd9c7ef4b53d2ae3b9d50d1ee38df44757d592,否,DeepFinEval audit,observed_yahoo_forward_trading_day,"Cohort ranking outcome uses latest observed forward close across 12 symbols; cohort reference configs/universes_v1.json#US_us_mega_20251231. Symbols=AAPL,MSFT,GOOGL,AMZN,JPM,JNJ,META,NVDA,V,MA,WMT,PG. Yahoo chart endpoint response for 2026-01-30 contains the public end-of-day close used for cohort_forward_close.",是,,,
A2F-US-20251231-us_tech,A2,2025-12-31,2026-01-30T21:00:00Z,https://query1.finance.yahoo.com/v8/finance/chart/ADBE?period1=1769731200&period2=1769904000&interval=1d&events=history&includeAdjustedClose=true,2026-01-30T21:00:00Z,cd01eb218c0ac249ae395250955f4d61454895446adb1be40cc76e8b8521e411,否,DeepFinEval audit,observed_yahoo_forward_trading_day,"Cohort ranking outcome uses latest observed forward close across 12 symbols; cohort reference configs/universes_v1.json#US_us_tech_20251231. Symbols=NVDA,AMD,AVGO,CRM,ORCL,ADBE,INTC,QCOM,NFLX,CSCO,IBM,TXN. Yahoo chart endpoint response for 2026-01-30 contains the public end-of-day close used for cohort_forward_close.",是,,,
A2F-US-20260130-us_mega,A2,2026-01-30,2026-02-27T21:00:00Z,https://query1.finance.yahoo.com/v8/finance/chart/AAPL?period1=1772150400&period2=1772323200&interval=1d&events=history&includeAdjustedClose=true,2026-02-27T21:00:00Z,89f277cebac40e72cc4321bee3ad7133c011502d0fafa83e98ec0f5cc938dd2a,否,DeepFinEval audit,observed_yahoo_forward_trading_day,"Cohort ranking outcome uses latest observed forward close across 12 symbols; cohort reference configs/universes_v1.json#US_us_mega_20260130. Symbols=AAPL,MSFT,GOOGL,AMZN,JPM,JNJ,META,NVDA,V,MA,WMT,PG. Yahoo chart endpoint response for 2026-02-27 contains the public end-of-day close used for cohort_forward_close.",是,,,
A2F-US-20260130-us_tech,A2,2026-01-30,2026-02-27T21:00:00Z,https://query1.finance.yahoo.com/v8/finance/chart/ADBE?period1=1772150400&period2=1772323200&interval=1d&events=history&includeAdjustedClose=true,2026-02-27T21:00:00Z,4b6f9c53c9af315cf43e5168b9c8ffbc5c2909c7896591a4994ea621dfc06e31,否,DeepFinEval audit,observed_yahoo_forward_trading_day,"Cohort ranking outcome uses latest observed forward close across 12 symbols; cohort reference configs/universes_v1.json#US_us_tech_20260130. Symbols=NVDA,AMD,AVGO,CRM,ORCL,ADBE,INTC,QCOM,NFLX,CSCO,IBM,TXN. Yahoo chart endpoint response for 2026-02-27 contains the public end-of-day close used for cohort_forward_close.",是,,,
A2F-US-20260331-us_mega,A2,2026-03-31,2026-04-30T20:00:00Z,https://query1.finance.yahoo.com/v8/finance/chart/AAPL?period1=1777507200&period2=1777680000&interval=1d&events=history&includeAdjustedClose=true,2026-04-30T20:00:00Z,2f83fa8e167f9fead653178dee74afdeb99c0fd6fb371cb990bf5e3a2c387272,否,DeepFinEval audit,observed_yahoo_forward_trading_day,"Cohort ranking outcome uses latest observed forward close across 12 symbols; cohort reference configs/universes_v1.json#US_us_mega_20260331. Symbols=AAPL,MSFT,GOOGL,AMZN,JPM,JNJ,META,NVDA,V,MA,WMT,PG. Yahoo chart endpoint response for 2026-04-30 contains the public end-of-day close used for cohort_forward_close.",是,,,
A2F-US-20260331-us_tech,A2,2026-03-31,2026-04-30T20:00:00Z,https://query1.finance.yahoo.com/v8/finance/chart/ADBE?period1=1777507200&period2=1777680000&interval=1d&events=history&includeAdjustedClose=true,2026-04-30T20:00:00Z,f3a9cf6cb120a89cd021253b369150b969137db3bf3a2c4b51cfa0c39c5beb82,否,DeepFinEval audit,observed_yahoo_forward_trading_day,"Cohort ranking outcome uses latest observed forward close across 12 symbols; cohort reference configs/universes_v1.json#US_us_tech_20260331. Symbols=NVDA,AMD,AVGO,CRM,ORCL,ADBE,INTC,QCOM,NFLX,CSCO,IBM,TXN. Yahoo chart endpoint response for 2026-04-30 contains the public end-of-day close used for cohort_forward_close.",是,,,
A2F-US-20260601-us_mega,A2,2026-06-01,2026-07-01T20:00:00Z,https://query1.finance.yahoo.com/v8/finance/chart/AAPL?period1=1782864000&period2=1783036800&interval=1d&events=history&includeAdjustedClose=true,2026-07-01T20:00:00Z,959ae07a31cdadcd0bac74683f430e108659a2e96d4300b3757d2875a5f197b5,否,DeepFinEval audit,observed_yahoo_forward_trading_day,"Cohort ranking outcome uses latest observed forward close across 12 symbols; cohort reference configs/universes_v1.json#US_us_mega_20260601. Symbols=AAPL,MSFT,GOOGL,AMZN,JPM,JNJ,META,NVDA,V,MA,WMT,PG. Yahoo chart endpoint response for 2026-07-01 contains the public end-of-day close used for cohort_forward_close.",是,,,
A2F-US-20260601-us_tech,A2,2026-06-01,2026-07-01T20:00:00Z,https://query1.finance.yahoo.com/v8/finance/chart/ADBE?period1=1782864000&period2=1783036800&interval=1d&events=history&includeAdjustedClose=true,2026-07-01T20:00:00Z,c05bd7b2dd11af22e5fb283886f2e6e0df40bf3a6206530cb1371ac0a1ecaeb7,否,DeepFinEval audit,observed_yahoo_forward_trading_day,"Cohort ranking outcome uses latest observed forward close across 12 symbols; cohort reference configs/universes_v1.json#US_us_tech_20260601. Symbols=NVDA,AMD,AVGO,CRM,ORCL,ADBE,INTC,QCOM,NFLX,CSCO,IBM,TXN. Yahoo chart endpoint response for 2026-07-01 contains the public end-of-day close used for cohort_forward_close.",是,,,
A2H-CN_A-20230630-consumer,A2,2023-06-30,2023-07-28T07:00:00Z,https://query1.finance.yahoo.com/v8/finance/chart/000333.SZ?period1=1690502400&period2=1690675200&interval=1d&events=history&includeAdjustedClose=true,2023-07-28T07:00:00Z,1748233208e77e02e9b877b82fe8490123725154f3be3f40a156be5317bf2d2b,否,DeepFinEval audit,observed_yahoo_forward_trading_day,"Cohort ranking outcome uses latest observed forward close across 12 symbols; cohort reference configs/universes_v1.json#CN_A_consumer_20230630. Symbols=600519,000858,000333,000651,603288,601888,002304,600887,000568,002714,300896,603369. Yahoo chart endpoint response for 2023-07-28 contains the public end-of-day close used for cohort_forward_close.",是,,,
A2H-CN_A-20230630-financial,A2,2023-06-30,2023-07-28T07:00:00Z,https://query1.finance.yahoo.com/v8/finance/chart/000001.SZ?period1=1690502400&period2=1690675200&interval=1d&events=history&includeAdjustedClose=true,2023-07-28T07:00:00Z,9777409a6d341e8977a13877eef80b42536b33b65d656289642a3fbc95be6fa2,否,DeepFinEval audit,observed_yahoo_forward_trading_day,"Cohort ranking outcome uses latest observed forward close across 12 symbols; cohort reference configs/universes_v1.json#CN_A_financial_20230630. Symbols=000001,600036,601398,601318,600030,300059,601939,601288,601166,600000,601988,601628. Yahoo chart endpoint response for 2023-07-28 contains the public end-of-day close used for cohort_forward_close.",是,,,
A2H-CN_A-20230630-pharma,A2,2023-06-30,2023-07-28T07:00:00Z,https://query1.finance.yahoo.com/v8/finance/chart/000661.SZ?period1=1690502400&period2=1690675200&interval=1d&events=history&includeAdjustedClose=true,2023-07-28T07:00:00Z,c6c0d17276034242c893cfc18bd7e4cd0e3e29ae0d25138c59bde55f15e8d126,否,DeepFinEval audit,observed_yahoo_forward_trading_day,"Cohort ranking outcome uses latest observed forward close across 12 symbols; cohort reference configs/universes_v1.json#CN_A_pharma_20230630. Symbols=600276,300760,603259,300122,300015,000661,600436,688235,300347,002821,600196,002007. Yahoo chart endpoint response for 2023-07-28 contains the public end-of-day close used for cohort_forward_close.",是,,,
A2H-CN_A-20230630-tech,A2,2023-06-30,2023-07-28T07:00:00Z,https://query1.finance.yahoo.com/v8/finance/chart/000725.SZ?period1=1690502400&period2=1690675200&interval=1d&events=history&includeAdjustedClose=true,2023-07-28T07:00:00Z,5aeef6a4f66f03117835b6eab9149cd697f6283badb8d25942868759ca62ce9e,否,DeepFinEval audit,observed_yahoo_forward_trading_day,"Cohort ranking outcome uses latest observed forward close across 12 symbols; cohort reference configs/universes_v1.json#CN_A_tech_20230630. Symbols=300750,002594,688981,603501,002415,000725,002230,300014,688012,002371,603986,601012. Yahoo chart endpoint response for 2023-07-28 contains the public end-of-day close used for cohort_forward_close.",是,,,
A2H-CN_A-20230929-consumer,A2,2023-09-29,2023-10-27T07:00:00Z,https://query1.finance.yahoo.com/v8/finance/chart/000333.SZ?period1=1698364800&period2=1698537600&interval=1d&events=history&includeAdjustedClose=true,2023-10-27T07:00:00Z,bcf22fc94329772d48ef7b68bff308c23c8326400ca25ec24dc9df2a568be847,否,DeepFinEval audit,observed_yahoo_forward_trading_day,"Cohort ranking outcome uses latest observed forward close across 12 symbols; cohort reference configs/universes_v1.json#CN_A_consumer_20230929. Symbols=600519,000858,000333,000651,603288,601888,002304,600887,000568,002714,300896,603369. Yahoo chart endpoint response for 2023-10-27 contains the public end-of-day close used for cohort_forward_close.",是,,,
A2H-CN_A-20230929-financial,A2,2023-09-29,2023-10-27T07:00:00Z,https://query1.finance.yahoo.com/v8/finance/chart/000001.SZ?period1=1698364800&period2=1698537600&interval=1d&events=history&includeAdjustedClose=true,2023-10-27T07:00:00Z,0afdd1993d0acb8fb7d7a87d6ea88a71be1fad25ab59b72c754b5d14aa889f1b,否,DeepFinEval audit,observed_yahoo_forward_trading_day,"Cohort ranking outcome uses latest observed forward close across 12 symbols; cohort reference configs/universes_v1.json#CN_A_financial_20230929. Symbols=000001,600036,601398,601318,600030,300059,601939,601288,601166,600000,601988,601628. Yahoo chart endpoint response for 2023-10-27 contains the public end-of-day close used for cohort_forward_close.",是,,,
A2H-CN_A-20230929-pharma,A2,2023-09-29,2023-10-27T07:00:00Z,https://query1.finance.yahoo.com/v8/finance/chart/000661.SZ?period1=1698364800&period2=1698537600&interval=1d&events=history&includeAdjustedClose=true,2023-10-27T07:00:00Z,bf801a792ba8a25847b6d104f4fdd213499fc6a271795ec1c634454129f1d143,否,DeepFinEval audit,observed_yahoo_forward_trading_day,"Cohort ranking outcome uses latest observed forward close across 12 symbols; cohort reference configs/universes_v1.json#CN_A_pharma_20230929. Symbols=600276,300760,603259,300122,300015,000661,600436,688235,300347,002821,600196,002007. Yahoo chart endpoint response for 2023-10-27 contains the public end-of-day close used for cohort_forward_close.",是,,,
A2H-CN_A-20230929-tech,A2,2023-09-29,2023-10-27T07:00:00Z,https://query1.finance.yahoo.com/v8/finance/chart/000725.SZ?period1=1698364800&period2=1698537600&interval=1d&events=history&includeAdjustedClose=true,2023-10-27T07:00:00Z,273c136f78d2c7b808a4a1258c78d291158a7b869c3d8e921b9682f8836809a3,否,DeepFinEval audit,observed_yahoo_forward_trading_day,"Cohort ranking outcome uses latest observed forward close across 12 symbols; cohort reference configs/universes_v1.json#CN_A_tech_20230929. Symbols=300750,002594,688981,603501,002415,000725,002230,300014,688012,002371,603986,601012. Yahoo chart endpoint response for 2023-10-27 contains the public end-of-day close used for cohort_forward_close.",是,,,
A2H-CN_A-20231229-consumer,A2,2023-12-29,2024-01-26T07:00:00Z,https://query1.finance.yahoo.com/v8/finance/chart/000333.SZ?period1=1706227200&period2=1706400000&interval=1d&events=history&includeAdjustedClose=true,2024-01-26T07:00:00Z,46487d2744a2a7f02d9ed625f9064c309677164fa63583eccabfce8a4e3b8512,否,DeepFinEval audit,observed_yahoo_forward_trading_day,"Cohort ranking outcome uses latest observed forward close across 12 symbols; cohort reference configs/universes_v1.json#CN_A_consumer_20231229. Symbols=600519,000858,000333,000651,603288,601888,002304,600887,000568,002714,300896,603369. Yahoo chart endpoint response for 2024-01-26 contains the public end-of-day close used for cohort_forward_close.",是,,,
A2H-CN_A-20231229-financial,A2,2023-12-29,2024-01-26T07:00:00Z,https://query1.finance.yahoo.com/v8/finance/chart/000001.SZ?period1=1706227200&period2=1706400000&interval=1d&events=history&includeAdjustedClose=true,2024-01-26T07:00:00Z,97fc9142351cd45d6414a989c21d447b5a74c5b15236d1eef79d267ff9004e85,否,DeepFinEval audit,observed_yahoo_forward_trading_day,"Cohort ranking outcome uses latest observed forward close across 12 symbols; cohort reference configs/universes_v1.json#CN_A_financial_20231229. Symbols=000001,600036,601398,601318,600030,300059,601939,601288,601166,600000,601988,601628. Yahoo chart endpoint response for 2024-01-26 contains the public end-of-day close used for cohort_forward_close.",是,,,
A2H-CN_A-20231229-pharma,A2,2023-12-29,2024-01-26T07:00:00Z,https://query1.finance.yahoo.com/v8/finance/chart/000661.SZ?period1=1706227200&period2=1706400000&interval=1d&events=history&includeAdjustedClose=true,2024-01-26T07:00:00Z,4f96d3642144e14a72d922a52b234248f174e38b580132594a379752c2d7541f,否,DeepFinEval audit,observed_yahoo_forward_trading_day,"Cohort ranking outcome uses latest observed forward close across 12 symbols; cohort reference configs/universes_v1.json#CN_A_pharma_20231229. Symbols=600276,300760,603259,300122,300015,000661,600436,688235,300347,002821,600196,002007. Yahoo chart endpoint response for 2024-01-26 contains the public end-of-day close used for cohort_forward_close.",是,,,
A2H-CN_A-20231229-tech,A2,2023-12-29,2024-01-26T07:00:00Z,https://query1.finance.yahoo.com/v8/finance/chart/000725.SZ?period1=1706227200&period2=1706400000&interval=1d&events=history&includeAdjustedClose=true,2024-01-26T07:00:00Z,d58d35ac2d089a804f9295e989052014c8a6f620e83280c100f15b776bea6302,否,DeepFinEval audit,observed_yahoo_forward_trading_day,"Cohort ranking outcome uses latest observed forward close across 12 symbols; cohort reference configs/universes_v1.json#CN_A_tech_20231229. Symbols=300750,002594,688981,603501,002415,000725,002230,300014,688012,002371,603986,601012. Yahoo chart endpoint response for 2024-01-26 contains the public end-of-day close used for cohort_forward_close.",是,,,
A2H-CN_A-20240329-consumer,A2,2024-03-29,2024-04-26T07:00:00Z,https://query1.finance.yahoo.com/v8/finance/chart/000333.SZ?period1=1714089600&period2=1714262400&interval=1d&events=history&includeAdjustedClose=true,2024-04-26T07:00:00Z,0af0a83430de0efb4463277f5e87a72eaada5af84f51030509a92eca68c314ae,否,DeepFinEval audit,observed_yahoo_forward_trading_day,"Cohort ranking outcome uses latest observed forward close across 12 symbols; cohort reference configs/universes_v1.json#CN_A_consumer_20240329. Symbols=600519,000858,000333,000651,603288,601888,002304,600887,000568,002714,300896,603369. Yahoo chart endpoint response for 2024-04-26 contains the public end-of-day close used for cohort_forward_close.",是,,,
A2H-CN_A-20240329-financial,A2,2024-03-29,2024-04-26T07:00:00Z,https://query1.finance.yahoo.com/v8/finance/chart/000001.SZ?period1=1714089600&period2=1714262400&interval=1d&events=history&includeAdjustedClose=true,2024-04-26T07:00:00Z,200a594c4b984c7ce5722e911ed9581f3c670a8789b5257bdf0e0027e086ce99,否,DeepFinEval audit,observed_yahoo_forward_trading_day,"Cohort ranking outcome uses latest observed forward close across 12 symbols; cohort reference configs/universes_v1.json#CN_A_financial_20240329. Symbols=000001,600036,601398,601318,600030,300059,601939,601288,601166,600000,601988,601628. Yahoo chart endpoint response for 2024-04-26 contains the public end-of-day close used for cohort_forward_close.",是,,,
A2H-CN_A-20240329-pharma,A2,2024-03-29,2024-04-26T07:00:00Z,https://query1.finance.yahoo.com/v8/finance/chart/000661.SZ?period1=1714089600&period2=1714262400&interval=1d&events=history&includeAdjustedClose=true,2024-04-26T07:00:00Z,c08fbe1010b5f8888c90aa3fd6fb75510146dde5c3bd8c060136e9e4a2bec8c2,否,DeepFinEval audit,observed_yahoo_forward_trading_day,"Cohort ranking outcome uses latest observed forward close across 12 symbols; cohort reference configs/universes_v1.json#CN_A_pharma_20240329. Symbols=600276,300760,603259,300122,300015,000661,600436,688235,300347,002821,600196,002007. Yahoo chart endpoint response for 2024-04-26 contains the public end-of-day close used for cohort_forward_close.",是,,,
A2H-CN_A-20240329-tech,A2,2024-03-29,2024-04-26T07:00:00Z,https://query1.finance.yahoo.com/v8/finance/chart/000725.SZ?period1=1714089600&period2=1714262400&interval=1d&events=history&includeAdjustedClose=true,2024-04-26T07:00:00Z,cba2f1cbc182a0a86a5a88afcf746d78be84e6ce943c19ee1840da9f03d7c531,否,DeepFinEval audit,observed_yahoo_forward_trading_day,"Cohort ranking outcome uses latest observed forward close across 12 symbols; cohort reference configs/universes_v1.json#CN_A_tech_20240329. Symbols=300750,002594,688981,603501,002415,000725,002230,300014,688012,002371,603986,601012. Yahoo chart endpoint response for 2024-04-26 contains the public end-of-day close used for cohort_forward_close.",是,,,
A2H-CN_A-20241231-consumer,A2,2024-12-31,2025-01-27T07:00:00Z,https://query1.finance.yahoo.com/v8/finance/chart/000333.SZ?period1=1737936000&period2=1738108800&interval=1d&events=history&includeAdjustedClose=true,2025-01-27T07:00:00Z,5febd33a5fd21ac8d1f2c78e01348374d80ec74db99bad50458cdd4cb0c91cd4,否,DeepFinEval audit,observed_yahoo_forward_trading_day,"Cohort ranking outcome uses latest observed forward close across 12 symbols; cohort reference configs/universes_v1.json#CN_A_consumer_20241231. Symbols=600519,000858,000333,000651,603288,601888,002304,600887,000568,002714,300896,603369. Yahoo chart endpoint response for 2025-01-27 contains the public end-of-day close used for cohort_forward_close.",是,,,
A2H-CN_A-20241231-financial,A2,2024-12-31,2025-01-27T07:00:00Z,https://query1.finance.yahoo.com/v8/finance/chart/000001.SZ?period1=1737936000&period2=1738108800&interval=1d&events=history&includeAdjustedClose=true,2025-01-27T07:00:00Z,b08381c36e4b71ea6a1711bf3bfacbba7fb307fa4899367d8c120130d8d70158,否,DeepFinEval audit,observed_yahoo_forward_trading_day,"Cohort ranking outcome uses latest observed forward close across 12 symbols; cohort reference configs/universes_v1.json#CN_A_financial_20241231. Symbols=000001,600036,601398,601318,600030,300059,601939,601288,601166,600000,601988,601628. Yahoo chart endpoint response for 2025-01-27 contains the public end-of-day close used for cohort_forward_close.",是,,,
A2H-CN_A-20241231-pharma,A2,2024-12-31,2025-01-27T07:00:00Z,https://query1.finance.yahoo.com/v8/finance/chart/000661.SZ?period1=1737936000&period2=1738108800&interval=1d&events=history&includeAdjustedClose=true,2025-01-27T07:00:00Z,a184d038848a95e78abac88b14c658f6e8f0a4ffb0a8a28cfe938b971614105f,否,DeepFinEval audit,observed_yahoo_forward_trading_day,"Cohort ranking outcome uses latest observed forward close across 12 symbols; cohort reference configs/universes_v1.json#CN_A_pharma_20241231. Symbols=600276,300760,603259,300122,300015,000661,600436,688235,300347,002821,600196,002007. Yahoo chart endpoint response for 2025-01-27 contains the public end-of-day close used for cohort_forward_close.",是,,,
A2H-CN_A-20241231-tech,A2,2024-12-31,2025-01-27T07:00:00Z,https://query1.finance.yahoo.com/v8/finance/chart/000725.SZ?period1=1737936000&period2=1738108800&interval=1d&events=history&includeAdjustedClose=true,2025-01-27T07:00:00Z,1b35c676e6399b0d909be5f7eaa3fc30c5ca54621c1a901526e892d83276e8ba,否,DeepFinEval audit,observed_yahoo_forward_trading_day,"Cohort ranking outcome uses latest observed forward close across 12 symbols; cohort reference configs/universes_v1.json#CN_A_tech_20241231. Symbols=300750,002594,688981,603501,002415,000725,002230,300014,688012,002371,603986,601012. Yahoo chart endpoint response for 2025-01-27 contains the public end-of-day close used for cohort_forward_close.",是,,,
A2H-CN_A-20250331-consumer,A2,2025-03-31,2025-04-30T07:00:00Z,https://query1.finance.yahoo.com/v8/finance/chart/000333.SZ?period1=1745971200&period2=1746144000&interval=1d&events=history&includeAdjustedClose=true,2025-04-30T07:00:00Z,f61fffd191b03a9d5067f60a872ceb7f54c09dd14223e070073c41d839f6d8f1,否,DeepFinEval audit,observed_yahoo_forward_trading_day,"Cohort ranking outcome uses latest observed forward close across 12 symbols; cohort reference configs/universes_v1.json#CN_A_consumer_20250331. Symbols=600519,000858,000333,000651,603288,601888,002304,600887,000568,002714,300896,603369. Yahoo chart endpoint response for 2025-04-30 contains the public end-of-day close used for cohort_forward_close.",是,,,
A2H-CN_A-20250331-financial,A2,2025-03-31,2025-04-30T07:00:00Z,https://query1.finance.yahoo.com/v8/finance/chart/000001.SZ?period1=1745971200&period2=1746144000&interval=1d&events=history&includeAdjustedClose=true,2025-04-30T07:00:00Z,3a115df419f155d6629e7c396426e8975365345e9638d8f9b47f27c95f92e47e,否,DeepFinEval audit,observed_yahoo_forward_trading_day,"Cohort ranking outcome uses latest observed forward close across 12 symbols; cohort reference configs/universes_v1.json#CN_A_financial_20250331. Symbols=000001,600036,601398,601318,600030,300059,601939,601288,601166,600000,601988,601628. Yahoo chart endpoint response for 2025-04-30 contains the public end-of-day close used for cohort_forward_close.",是,,,
A2H-CN_A-20250331-pharma,A2,2025-03-31,2025-04-30T07:00:00Z,https://query1.finance.yahoo.com/v8/finance/chart/000661.SZ?period1=1745971200&period2=1746144000&interval=1d&events=history&includeAdjustedClose=true,2025-04-30T07:00:00Z,4212281bec5395dd706c753aa02a7b0de3de15025bda99908dc19bd9c0e7e5a7,否,DeepFinEval audit,observed_yahoo_forward_trading_day,"Cohort ranking outcome uses latest observed forward close across 12 symbols; cohort reference configs/universes_v1.json#CN_A_pharma_20250331. Symbols=600276,300760,603259,300122,300015,000661,600436,688235,300347,002821,600196,002007. Yahoo chart endpoint response for 2025-04-30 contains the public end-of-day close used for cohort_forward_close.",是,,,
A2H-CN_A-20250331-tech,A2,2025-03-31,2025-04-30T07:00:00Z,https://query1.finance.yahoo.com/v8/finance/chart/000725.SZ?period1=1745971200&period2=1746144000&interval=1d&events=history&includeAdjustedClose=true,2025-04-30T07:00:00Z,c339079d11cd9b17dcb776687289fe7dfc58a3341a0257c92b5f722b1c9426db,否,DeepFinEval audit,observed_yahoo_forward_trading_day,"Cohort ranking outcome uses latest observed forward close across 12 symbols; cohort reference configs/universes_v1.json#CN_A_tech_20250331. Symbols=300750,002594,688981,603501,002415,000725,002230,300014,688012,002371,603986,601012. Yahoo chart endpoint response for 2025-04-30 contains the public end-of-day close used for cohort_forward_close.",是,,,
A2H-CN_A-20250606-consumer,A2,2025-06-06,2025-07-04T07:00:00Z,https://query1.finance.yahoo.com/v8/finance/chart/000333.SZ?period1=1751587200&period2=1751760000&interval=1d&events=history&includeAdjustedClose=true,2025-07-04T07:00:00Z,c8f13accb87ddab9aadd28aa0000a65fd209510ce8404dbb811f413f0141a240,否,DeepFinEval audit,observed_yahoo_forward_trading_day,"Cohort ranking outcome uses latest observed forward close across 12 symbols; cohort reference configs/universes_v1.json#CN_A_consumer_20250606. Symbols=600519,000858,000333,000651,603288,601888,002304,600887,000568,002714,300896,603369. Yahoo chart endpoint response for 2025-07-04 contains the public end-of-day close used for cohort_forward_close.",是,,,
A2H-CN_A-20250606-financial,A2,2025-06-06,2025-07-04T07:00:00Z,https://query1.finance.yahoo.com/v8/finance/chart/000001.SZ?period1=1751587200&period2=1751760000&interval=1d&events=history&includeAdjustedClose=true,2025-07-04T07:00:00Z,7d52744ca9db65079aa5b06183f50b99c4abaf527f5465d27b98640d85ef6e6a,否,DeepFinEval audit,observed_yahoo_forward_trading_day,"Cohort ranking outcome uses latest observed forward close across 12 symbols; cohort reference configs/universes_v1.json#CN_A_financial_20250606. Symbols=000001,600036,601398,601318,600030,300059,601939,601288,601166,600000,601988,601628. Yahoo chart endpoint response for 2025-07-04 contains the public end-of-day close used for cohort_forward_close.",是,,,
A2H-CN_A-20250606-pharma,A2,2025-06-06,2025-07-04T07:00:00Z,https://query1.finance.yahoo.com/v8/finance/chart/000661.SZ?period1=1751587200&period2=1751760000&interval=1d&events=history&includeAdjustedClose=true,2025-07-04T07:00:00Z,17ff43f1602b2aa684f802c8d52aacf1e15277552a8323c9ffcb5ccd53b1efb8,否,DeepFinEval audit,observed_yahoo_forward_trading_day,"Cohort ranking outcome uses latest observed forward close across 12 symbols; cohort reference configs/universes_v1.json#CN_A_pharma_20250606. Symbols=600276,300760,603259,300122,300015,000661,600436,688235,300347,002821,600196,002007. Yahoo chart endpoint response for 2025-07-04 contains the public end-of-day close used for cohort_forward_close.",是,,,
A2H-CN_A-20250606-tech,A2,2025-06-06,2025-07-04T07:00:00Z,https://query1.finance.yahoo.com/v8/finance/chart/000725.SZ?period1=1751587200&period2=1751760000&interval=1d&events=history&includeAdjustedClose=true,2025-07-04T07:00:00Z,52d478ea79e9652140c89d0db5c640f2dacaa7d47b65b84581bf5f03618d05f0,否,DeepFinEval audit,observed_yahoo_forward_trading_day,"Cohort ranking outcome uses latest observed forward close across 12 symbols; cohort reference configs/universes_v1.json#CN_A_tech_20250606. Symbols=300750,002594,688981,603501,002415,000725,002230,300014,688012,002371,603986,601012. Yahoo chart endpoint response for 2025-07-04 contains the public end-of-day close used for cohort_forward_close.",是,,,
A2H-CN_A-20250930-consumer,A2,2025-09-30,2025-10-30T07:00:00Z,https://query1.finance.yahoo.com/v8/finance/chart/000333.SZ?period1=1761782400&period2=1761955200&interval=1d&events=history&includeAdjustedClose=true,2025-10-30T07:00:00Z,f17d784f387e65c79be5fb80b59e8798df5465ad02c0fd5de0a5ad32addc053d,否,DeepFinEval audit,observed_yahoo_forward_trading_day,"Cohort ranking outcome uses latest observed forward close across 12 symbols; cohort reference configs/universes_v1.json#CN_A_consumer_20250930. Symbols=600519,000858,000333,000651,603288,601888,002304,600887,000568,002714,300896,603369. Yahoo chart endpoint response for 2025-10-30 contains the public end-of-day close used for cohort_forward_close.",是,,,
A2H-CN_A-20250930-financial,A2,2025-09-30,2025-10-30T07:00:00Z,https://query1.finance.yahoo.com/v8/finance/chart/000001.SZ?period1=1761782400&period2=1761955200&interval=1d&events=history&includeAdjustedClose=true,2025-10-30T07:00:00Z,c5f8c1036af6859b46129908481c1b2698efacbdb20b5a82b4747a3a960a414d,否,DeepFinEval audit,observed_yahoo_forward_trading_day,"Cohort ranking outcome uses latest observed forward close across 12 symbols; cohort reference configs/universes_v1.json#CN_A_financial_20250930. Symbols=000001,600036,601398,601318,600030,300059,601939,601288,601166,600000,601988,601628. Yahoo chart endpoint response for 2025-10-30 contains the public end-of-day close used for cohort_forward_close.",是,,,
A2H-CN_A-20250930-pharma,A2,2025-09-30,2025-10-30T07:00:00Z,https://query1.finance.yahoo.com/v8/finance/chart/000661.SZ?period1=1761782400&period2=1761955200&interval=1d&events=history&includeAdjustedClose=true,2025-10-30T07:00:00Z,5d2069665952da9e347be5265013ff7a79cc77af09e63b30cd4c526054900666,否,DeepFinEval audit,observed_yahoo_forward_trading_day,"Cohort ranking outcome uses latest observed forward close across 12 symbols; cohort reference configs/universes_v1.json#CN_A_pharma_20250930. Symbols=600276,300760,603259,300122,300015,000661,600436,688235,300347,002821,600196,002007. Yahoo chart endpoint response for 2025-10-30 contains the public end-of-day close used for cohort_forward_close.",是,,,
A2H-CN_A-20250930-tech,A2,2025-09-30,2025-10-30T07:00:00Z,https://query1.finance.yahoo.com/v8/finance/chart/000725.SZ?period1=1761782400&period2=1761955200&interval=1d&events=history&includeAdjustedClose=true,2025-10-30T07:00:00Z,58fecd0a901be38e6dbe687fb75a4e0ea9e0bf4e1979acd49e39c51cb919cfbc,否,DeepFinEval audit,observed_yahoo_forward_trading_day,"Cohort ranking outcome uses latest observed forward close across 12 symbols; cohort reference configs/universes_v1.json#CN_A_tech_20250930. Symbols=300750,002594,688981,603501,002415,000725,002230,300014,688012,002371,603986,601012. Yahoo chart endpoint response for 2025-10-30 contains the public end-of-day close used for cohort_forward_close.",是,,,
A2H-CN_A-20251231-consumer,A2,2025-12-31,2026-01-30T07:00:00Z,https://query1.finance.yahoo.com/v8/finance/chart/000333.SZ?period1=1769731200&period2=1769904000&interval=1d&events=history&includeAdjustedClose=true,2026-01-30T07:00:00Z,5cc99ac275aaf6aa87199a305fda8e94798c78435408afdc2129f7bcd1b6dbed,否,DeepFinEval audit,observed_yahoo_forward_trading_day,"Cohort ranking outcome uses latest observed forward close across 12 symbols; cohort reference configs/universes_v1.json#CN_A_consumer_20251231. Symbols=600519,000858,000333,000651,603288,601888,002304,600887,000568,002714,300896,603369. Yahoo chart endpoint response for 2026-01-30 contains the public end-of-day close used for cohort_forward_close.",是,,,
A2H-CN_A-20251231-financial,A2,2025-12-31,2026-01-30T07:00:00Z,https://query1.finance.yahoo.com/v8/finance/chart/000001.SZ?period1=1769731200&period2=1769904000&interval=1d&events=history&includeAdjustedClose=true,2026-01-30T07:00:00Z,b00df252814a7f5030d41a476ea0dd12b9bb6b149e5017cef115d894a67075d8,否,DeepFinEval audit,observed_yahoo_forward_trading_day,"Cohort ranking outcome uses latest observed forward close across 12 symbols; cohort reference configs/universes_v1.json#CN_A_financial_20251231. Symbols=000001,600036,601398,601318,600030,300059,601939,601288,601166,600000,601988,601628. Yahoo chart endpoint response for 2026-01-30 contains the public end-of-day close used for cohort_forward_close.",是,,,
A2H-CN_A-20251231-pharma,A2,2025-12-31,2026-01-30T07:00:00Z,https://query1.finance.yahoo.com/v8/finance/chart/000661.SZ?period1=1769731200&period2=1769904000&interval=1d&events=history&includeAdjustedClose=true,2026-01-30T07:00:00Z,66961350359d28cdf891f485efbf9beecf0b9c26a90939e92b7f8fcaeda10226,否,DeepFinEval audit,observed_yahoo_forward_trading_day,"Cohort ranking outcome uses latest observed forward close across 12 symbols; cohort reference configs/universes_v1.json#CN_A_pharma_20251231. Symbols=600276,300760,603259,300122,300015,000661,600436,688235,300347,002821,600196,002007. Yahoo chart endpoint response for 2026-01-30 contains the public end-of-day close used for cohort_forward_close.",是,,,
A2H-CN_A-20251231-tech,A2,2025-12-31,2026-01-30T07:00:00Z,https://query1.finance.yahoo.com/v8/finance/chart/000725.SZ?period1=1769731200&period2=1769904000&interval=1d&events=history&includeAdjustedClose=true,2026-01-30T07:00:00Z,347916d9cda70f0d99cd348546ee68f11fc52129363cb9fed2cf842c466ceb08,否,DeepFinEval audit,observed_yahoo_forward_trading_day,"Cohort ranking outcome uses latest observed forward close across 12 symbols; cohort reference configs/universes_v1.json#CN_A_tech_20251231. Symbols=300750,002594,688981,603501,002415,000725,002230,300014,688012,002371,603986,601012. Yahoo chart endpoint response for 2026-01-30 contains the public end-of-day close used for cohort_forward_close.",是,,,
A2H-CN_A-20260130-consumer,A2,2026-01-30,2026-02-27T07:00:00Z,https://query1.finance.yahoo.com/v8/finance/chart/000333.SZ?period1=1772150400&period2=1772323200&interval=1d&events=history&includeAdjustedClose=true,2026-02-27T07:00:00Z,6e645f536ccb77c7ff74f57e92e280fb77d5d103c3c20c05fd5e0a27e1ce327d,否,DeepFinEval audit,observed_yahoo_forward_trading_day,"Cohort ranking outcome uses latest observed forward close across 12 symbols; cohort reference configs/universes_v1.json#CN_A_consumer_20260130. Symbols=600519,000858,000333,000651,603288,601888,002304,600887,000568,002714,300896,603369. Yahoo chart endpoint response for 2026-02-27 contains the public end-of-day close used for cohort_forward_close.",是,,,
A2H-CN_A-20260130-financial,A2,2026-01-30,2026-02-27T07:00:00Z,https://query1.finance.yahoo.com/v8/finance/chart/000001.SZ?period1=1772150400&period2=1772323200&interval=1d&events=history&includeAdjustedClose=true,2026-02-27T07:00:00Z,66e44bc2903101365788f3bc8defe35d106a6546ee8e1a837d67c21d6c32cb80,否,DeepFinEval audit,observed_yahoo_forward_trading_day,"Cohort ranking outcome uses latest observed forward close across 12 symbols; cohort reference configs/universes_v1.json#CN_A_financial_20260130. Symbols=000001,600036,601398,601318,600030,300059,601939,601288,601166,600000,601988,601628. Yahoo chart endpoint response for 2026-02-27 contains the public end-of-day close used for cohort_forward_close.",是,,,
A2H-CN_A-20260130-pharma,A2,2026-01-30,2026-02-27T07:00:00Z,https://query1.finance.yahoo.com/v8/finance/chart/000661.SZ?period1=1772150400&period2=1772323200&interval=1d&events=history&includeAdjustedClose=true,2026-02-27T07:00:00Z,10e6dfa0ab54e40e2cbc9b9e363bd4aeaac2c3f79607ed0b2e08e1928b1fe829,否,DeepFinEval audit,observed_yahoo_forward_trading_day,"Cohort ranking outcome uses latest observed forward close across 12 symbols; cohort reference configs/universes_v1.json#CN_A_pharma_20260130. Symbols=600276,300760,603259,300122,300015,000661,600436,688235,300347,002821,600196,002007. Yahoo chart endpoint response for 2026-02-27 contains the public end-of-day close used for cohort_forward_close.",是,,,
A2H-CN_A-20260130-tech,A2,2026-01-30,2026-02-27T07:00:00Z,https://query1.finance.yahoo.com/v8/finance/chart/000725.SZ?period1=1772150400&period2=1772323200&interval=1d&events=history&includeAdjustedClose=true,2026-02-27T07:00:00Z,69d0448a3071c88d2c07f3a156ed634ec749670e5bf4f3632e21754233f9b77c,否,DeepFinEval audit,observed_yahoo_forward_trading_day,"Cohort ranking outcome uses latest observed forward close across 12 symbols; cohort reference configs/universes_v1.json#CN_A_tech_20260130. Symbols=300750,002594,688981,603501,002415,000725,002230,300014,688012,002371,603986,601012. Yahoo chart endpoint response for 2026-02-27 contains the public end-of-day close used for cohort_forward_close.",是,,,
A2H-CN_A-20260331-consumer,A2,2026-03-31,2026-04-30T07:00:00Z,https://query1.finance.yahoo.com/v8/finance/chart/000333.SZ?period1=1777507200&period2=1777680000&interval=1d&events=history&includeAdjustedClose=true,2026-04-30T07:00:00Z,c58fda1ef34391a146746b6b9f2ee41ddae746ef986bf10d4055402fed383f28,否,DeepFinEval audit,observed_yahoo_forward_trading_day,"Cohort ranking outcome uses latest observed forward close across 12 symbols; cohort reference configs/universes_v1.json#CN_A_consumer_20260331. Symbols=600519,000858,000333,000651,603288,601888,002304,600887,000568,002714,300896,603369. Yahoo chart endpoint response for 2026-04-30 contains the public end-of-day close used for cohort_forward_close.",是,,,
A2H-CN_A-20260331-financial,A2,2026-03-31,2026-04-30T07:00:00Z,https://query1.finance.yahoo.com/v8/finance/chart/000001.SZ?period1=1777507200&period2=1777680000&interval=1d&events=history&includeAdjustedClose=true,2026-04-30T07:00:00Z,21e2793caa6a7f89ddf997b5020a5dc19ad7657d5449300cebd6d656a38493a6,否,DeepFinEval audit,observed_yahoo_forward_trading_day,"Cohort ranking outcome uses latest observed forward close across 12 symbols; cohort reference configs/universes_v1.json#CN_A_financial_20260331. Symbols=000001,600036,601398,601318,600030,300059,601939,601288,601166,600000,601988,601628. Yahoo chart endpoint response for 2026-04-30 contains the public end-of-day close used for cohort_forward_close.",是,,,
A2H-CN_A-20260331-pharma,A2,2026-03-31,2026-04-30T07:00:00Z,https://query1.finance.yahoo.com/v8/finance/chart/000661.SZ?period1=1777507200&period2=1777680000&interval=1d&events=history&includeAdjustedClose=true,2026-04-30T07:00:00Z,5b78774288c4b067fc1dc3345d7ae1713a84f1f06a0e6994990648e0af9dfd06,否,DeepFinEval audit,observed_yahoo_forward_trading_day,"Cohort ranking outcome uses latest observed forward close across 12 symbols; cohort reference configs/universes_v1.json#CN_A_pharma_20260331. Symbols=600276,300760,603259,300122,300015,000661,600436,688235,300347,002821,600196,002007. Yahoo chart endpoint response for 2026-04-30 contains the public end-of-day close used for cohort_forward_close.",是,,,
A2H-CN_A-20260331-tech,A2,2026-03-31,2026-04-30T07:00:00Z,https://query1.finance.yahoo.com/v8/finance/chart/000725.SZ?period1=1777507200&period2=1777680000&interval=1d&events=history&includeAdjustedClose=true,2026-04-30T07:00:00Z,c731e2257c59ea868f0c097eec0cf4ef9c8616f74345f1497817dfc500f59230,否,DeepFinEval audit,observed_yahoo_forward_trading_day,"Cohort ranking outcome uses latest observed forward close across 12 symbols; cohort reference configs/universes_v1.json#CN_A_tech_20260331. Symbols=300750,002594,688981,603501,002415,000725,002230,300014,688012,002371,603986,601012. Yahoo chart endpoint response for 2026-04-30 contains the public end-of-day close used for cohort_forward_close.",是,,,
A2H-CN_A-20260601-consumer,A2,2026-06-01,2026-07-01T07:00:00Z,https://query1.finance.yahoo.com/v8/finance/chart/000333.SZ?period1=1782864000&period2=1783036800&interval=1d&events=history&includeAdjustedClose=true,2026-07-01T07:00:00Z,9b471e4693e7eb114ec4980660dd905f42df012360f8302194d2487e7b62ebd1,否,DeepFinEval audit,observed_yahoo_forward_trading_day,"Cohort ranking outcome uses latest observed forward close across 12 symbols; cohort reference configs/universes_v1.json#CN_A_consumer_20260601. Symbols=600519,000858,000333,000651,603288,601888,002304,600887,000568,002714,300896,603369. Yahoo chart endpoint response for 2026-07-01 contains the public end-of-day close used for cohort_forward_close.",是,,,
A2H-CN_A-20260601-financial,A2,2026-06-01,2026-07-01T07:00:00Z,https://query1.finance.yahoo.com/v8/finance/chart/000001.SZ?period1=1782864000&period2=1783036800&interval=1d&events=history&includeAdjustedClose=true,2026-07-01T07:00:00Z,452bcfa8e6a418700fb1015af93b697036f31dbeba7b14dbe7a178797cc9e4de,否,DeepFinEval audit,observed_yahoo_forward_trading_day,"Cohort ranking outcome uses latest observed forward close across 12 symbols; cohort reference configs/universes_v1.json#CN_A_financial_20260601. Symbols=000001,600036,601398,601318,600030,300059,601939,601288,601166,600000,601988,601628. Yahoo chart endpoint response for 2026-07-01 contains the public end-of-day close used for cohort_forward_close.",是,,,
A2H-CN_A-20260601-pharma,A2,2026-06-01,2026-07-01T07:00:00Z,https://query1.finance.yahoo.com/v8/finance/chart/000661.SZ?period1=1782864000&period2=1783036800&interval=1d&events=history&includeAdjustedClose=true,2026-07-01T07:00:00Z,64f0df8ec69a969619f94039ba99ccb688c5ddab02cfa71171cb7c1b2eed8003,否,DeepFinEval audit,observed_yahoo_forward_trading_day,"Cohort ranking outcome uses latest observed forward close across 12 symbols; cohort reference configs/universes_v1.json#CN_A_pharma_20260601. Symbols=600276,300760,603259,300122,300015,000661,600436,688235,300347,002821,600196,002007. Yahoo chart endpoint response for 2026-07-01 contains the public end-of-day close used for cohort_forward_close.",是,,,
A2H-CN_A-20260601-tech,A2,2026-06-01,2026-07-01T07:00:00Z,https://query1.finance.yahoo.com/v8/finance/chart/000725.SZ?period1=1782864000&period2=1783036800&interval=1d&events=history&includeAdjustedClose=true,2026-07-01T07:00:00Z,0c06de2a81334eaee1cc06eb8bfd882b58302a843efcbb7430527e781a756528,否,DeepFinEval audit,observed_yahoo_forward_trading_day,"Cohort ranking outcome uses latest observed forward close across 12 symbols; cohort reference configs/universes_v1.json#CN_A_tech_20260601. Symbols=300750,002594,688981,603501,002415,000725,002230,300014,688012,002371,603986,601012. Yahoo chart endpoint response for 2026-07-01 contains the public end-of-day close used for cohort_forward_close.",是,,,
A2H-HK-20230630-communications,A2,2023-06-30,2023-07-28T08:00:00Z,https://query1.finance.yahoo.com/v8/finance/chart/0700.HK?period1=1690502400&period2=1690675200&interval=1d&events=history&includeAdjustedClose=true,2023-07-28T08:00:00Z,5278fe57fc2ff01efd82ca3d22a717c31385a0eaf60293a9d90d6d523c24d7b4,否,DeepFinEval audit,observed_yahoo_forward_trading_day,"Cohort ranking outcome uses latest observed forward close across 9 symbols; cohort reference configs/universes_v1.json#HK_communications_20230630. Symbols=0700,0941,1024,3690,9618,9999,9888,1810,2382. Yahoo chart endpoint response for 2023-07-28 contains the public end-of-day close used for cohort_forward_close.",是,,,
A2H-HK-20230630-consumer,A2,2023-06-30,2023-07-28T08:00:00Z,https://query1.finance.yahoo.com/v8/finance/chart/0175.HK?period1=1690502400&period2=1690675200&interval=1d&events=history&includeAdjustedClose=true,2023-07-28T08:00:00Z,b8fbbee224275d5f4388abb2c1ed26cf7588925297888f2f76ab29c4ebd7ad4b,否,DeepFinEval audit,observed_yahoo_forward_trading_day,"Cohort ranking outcome uses latest observed forward close across 7 symbols; cohort reference configs/universes_v1.json#HK_consumer_20230630. Symbols=2020,2319,0291,1928,0880,0175,1211. Yahoo chart endpoint response for 2023-07-28 contains the public end-of-day close used for cohort_forward_close.",是,,,
A2H-HK-20230630-financial,A2,2023-06-30,2023-07-28T08:00:00Z,https://query1.finance.yahoo.com/v8/finance/chart/0005.HK?period1=1690502400&period2=1690675200&interval=1d&events=history&includeAdjustedClose=true,2023-07-28T08:00:00Z,1e233fff6a8f241775dc135347fcf2ecdd53cb80993686902412fbf2a2f49b1f,否,DeepFinEval audit,observed_yahoo_forward_trading_day,"Cohort ranking outcome uses latest observed forward close across 11 symbols; cohort reference configs/universes_v1.json#HK_financial_20230630. Symbols=0005,1299,0388,0939,1398,2318,3988,2628,3968,3328,1658. Yahoo chart endpoint response for 2023-07-28 contains the public end-of-day close used for cohort_forward_close.",是,,,
A2H-HK-20230630-hk_bluechip,A2,2023-06-30,2023-07-28T08:00:00Z,https://query1.finance.yahoo.com/v8/finance/chart/0005.HK?period1=1690502400&period2=1690675200&interval=1d&events=history&includeAdjustedClose=true,2023-07-28T08:00:00Z,1e233fff6a8f241775dc135347fcf2ecdd53cb80993686902412fbf2a2f49b1f,否,DeepFinEval audit,observed_yahoo_forward_trading_day,"Cohort ranking outcome uses latest observed forward close across 11 symbols; cohort reference configs/universes_v1.json#HK_hk_bluechip_20230630. Symbols=0700,0005,0941,1299,0388,0939,1398,2318,3690,1810,0883. Yahoo chart endpoint response for 2023-07-28 contains the public end-of-day close used for cohort_forward_close.",是,,,
A2H-HK-20230630-hk_tech,A2,2023-06-30,2023-07-28T08:00:00Z,https://query1.finance.yahoo.com/v8/finance/chart/0285.HK?period1=1690502400&period2=1690675200&interval=1d&events=history&includeAdjustedClose=true,2023-07-28T08:00:00Z,d17e42ebdce368c5112a0b25adb57d37ab42d15f8ce1f477c182ca76828147c4,否,DeepFinEval audit,observed_yahoo_forward_trading_day,"Cohort ranking outcome uses latest observed forward close across 11 symbols; cohort reference configs/universes_v1.json#HK_hk_tech_20230630. Symbols=0700,3690,1810,9888,9618,9999,1024,2015,9866,2382,0285. Yahoo chart endpoint response for 2023-07-28 contains the public end-of-day close used for cohort_forward_close.",是,,,
A2H-HK-20230630-tech,A2,2023-06-30,2023-07-28T08:00:00Z,https://query1.finance.yahoo.com/v8/finance/chart/0285.HK?period1=1690502400&period2=1690675200&interval=1d&events=history&includeAdjustedClose=true,2023-07-28T08:00:00Z,d17e42ebdce368c5112a0b25adb57d37ab42d15f8ce1f477c182ca76828147c4,否,DeepFinEval audit,observed_yahoo_forward_trading_day,"Cohort ranking outcome uses latest observed forward close across 11 symbols; cohort reference configs/universes_v1.json#HK_tech_20230630. Symbols=0700,3690,1810,9888,9618,9999,1024,2015,9866,2382,0285. Yahoo chart endpoint response for 2023-07-28 contains the public end-of-day close used for cohort_forward_close.",是,,,
A2H-HK-20230929-hk_bluechip,A2,2023-09-29,2023-10-27T08:00:00Z,https://query1.finance.yahoo.com/v8/finance/chart/0005.HK?period1=1698364800&period2=1698537600&interval=1d&events=history&includeAdjustedClose=true,2023-10-27T08:00:00Z,e366fe4b512661beecfdde47b5ac8b826d0c59c1b893f9c66f02212a39734164,否,DeepFinEval audit,observed_yahoo_forward_trading_day,"Cohort ranking outcome uses latest observed forward close across 12 symbols; cohort reference configs/universes_v1.json#HK_hk_bluechip_20230929. Symbols=0700,0005,9988,0941,1299,0388,0939,1398,2318,3690,1810,0883. Yahoo chart endpoint response for 2023-10-27 contains the public end-of-day close used for cohort_forward_close.",是,,,
A2H-HK-20230929-hk_tech,A2,2023-09-29,2023-10-27T08:00:00Z,https://query1.finance.yahoo.com/v8/finance/chart/0285.HK?period1=1698364800&period2=1698537600&interval=1d&events=history&includeAdjustedClose=true,2023-10-27T08:00:00Z,ec5b04ffd5b86610e87248e33a61b27b2e6a358a95b908f1fbbaaaf54da8a4c0,否,DeepFinEval audit,observed_yahoo_forward_trading_day,"Cohort ranking outcome uses latest observed forward close across 12 symbols; cohort reference configs/universes_v1.json#HK_hk_tech_20230929. Symbols=0700,9988,3690,1810,9888,9618,9999,1024,2015,9866,2382,0285. Yahoo chart endpoint response for 2023-10-27 contains the public end-of-day close used for cohort_forward_close.",是,,,
A2H-HK-20231229-communications,A2,2023-12-29,2024-01-26T08:00:00Z,https://query1.finance.yahoo.com/v8/finance/chart/0700.HK?period1=1706227200&period2=1706400000&interval=1d&events=history&includeAdjustedClose=true,2024-01-26T08:00:00Z,efc17f8b143aeed78f7afcc4b6fd5701df15424b7f90a95659a36d4ea9580462,否,DeepFinEval audit,observed_yahoo_forward_trading_day,"Cohort ranking outcome uses latest observed forward close across 10 symbols; cohort reference configs/universes_v1.json#HK_communications_20231229. Symbols=0700,0941,1024,3690,9988,9618,9999,9888,1810,2382. Yahoo chart endpoint response for 2024-01-26 contains the public end-of-day close used for cohort_forward_close.",是,,,
A2H-HK-20231229-consumer,A2,2023-12-29,2024-01-26T08:00:00Z,https://query1.finance.yahoo.com/v8/finance/chart/0175.HK?period1=1706227200&period2=1706400000&interval=1d&events=history&includeAdjustedClose=true,2024-01-26T08:00:00Z,2583737828792ab56625903649ca7431b0744eea7a828b2867135bee81549732,否,DeepFinEval audit,observed_yahoo_forward_trading_day,"Cohort ranking outcome uses latest observed forward close across 7 symbols; cohort reference configs/universes_v1.json#HK_consumer_20231229. Symbols=2020,2319,0291,1928,0880,0175,1211. Yahoo chart endpoint response for 2024-01-26 contains the public end-of-day close used for cohort_forward_close.",是,,,
A2H-HK-20231229-financial,A2,2023-12-29,2024-01-26T08:00:00Z,https://query1.finance.yahoo.com/v8/finance/chart/0005.HK?period1=1706227200&period2=1706400000&interval=1d&events=history&includeAdjustedClose=true,2024-01-26T08:00:00Z,44542fafbd3c82037f57c94831e999885a3ed1b7ece01b1509364d205ce65647,否,DeepFinEval audit,observed_yahoo_forward_trading_day,"Cohort ranking outcome uses latest observed forward close across 11 symbols; cohort reference configs/universes_v1.json#HK_financial_20231229. Symbols=0005,1299,0388,0939,1398,2318,3988,2628,3968,3328,1658. Yahoo chart endpoint response for 2024-01-26 contains the public end-of-day close used for cohort_forward_close.",是,,,
A2H-HK-20231229-hk_bluechip,A2,2023-12-29,2024-01-26T08:00:00Z,https://query1.finance.yahoo.com/v8/finance/chart/0005.HK?period1=1706227200&period2=1706400000&interval=1d&events=history&includeAdjustedClose=true,2024-01-26T08:00:00Z,44542fafbd3c82037f57c94831e999885a3ed1b7ece01b1509364d205ce65647,否,DeepFinEval audit,observed_yahoo_forward_trading_day,"Cohort ranking outcome uses latest observed forward close across 12 symbols; cohort reference configs/universes_v1.json#HK_hk_bluechip_20231229. Symbols=0700,0005,9988,0941,1299,0388,0939,1398,2318,3690,1810,0883. Yahoo chart endpoint response for 2024-01-26 contains the public end-of-day close used for cohort_forward_close.",是,,,
A2H-HK-20231229-hk_tech,A2,2023-12-29,2024-01-26T08:00:00Z,https://query1.finance.yahoo.com/v8/finance/chart/0285.HK?period1=1706227200&period2=1706400000&interval=1d&events=history&includeAdjustedClose=true,2024-01-26T08:00:00Z,f022e557cfb397275a57c5aa7c3d71e0972d9f9b68e1517b3a726f3868561e4c,否,DeepFinEval audit,observed_yahoo_forward_trading_day,"Cohort ranking outcome uses latest observed forward close across 12 symbols; cohort reference configs/universes_v1.json#HK_hk_tech_20231229. Symbols=0700,9988,3690,1810,9888,9618,9999,1024,2015,9866,2382,0285. Yahoo chart endpoint response for 2024-01-26 contains the public end-of-day close used for cohort_forward_close.",是,,,
A2H-HK-20231229-tech,A2,2023-12-29,2024-01-26T08:00:00Z,https://query1.finance.yahoo.com/v8/finance/chart/0285.HK?period1=1706227200&period2=1706400000&interval=1d&events=history&includeAdjustedClose=true,2024-01-26T08:00:00Z,f022e557cfb397275a57c5aa7c3d71e0972d9f9b68e1517b3a726f3868561e4c,否,DeepFinEval audit,observed_yahoo_forward_trading_day,"Cohort ranking outcome uses latest observed forward close across 12 symbols; cohort reference configs/universes_v1.json#HK_tech_20231229. Symbols=0700,9988,3690,1810,9888,9618,9999,1024,2015,9866,2382,0285. Yahoo chart endpoint response for 2024-01-26 contains the public end-of-day close used for cohort_forward_close.",是,,,
A2H-HK-20240329-hk_bluechip,A2,2024-03-29,2024-04-26T08:00:00Z,https://query1.finance.yahoo.com/v8/finance/chart/0005.HK?period1=1714089600&period2=1714262400&interval=1d&events=history&includeAdjustedClose=true,2024-04-26T08:00:00Z,71fa693da18ec4c8a09f845ba994d55c17e81b10ffc262b18b690ebac2516d1a,否,DeepFinEval audit,observed_yahoo_forward_trading_day,"Cohort ranking outcome uses latest observed forward close across 12 symbols; cohort reference configs/universes_v1.json#HK_hk_bluechip_20240329. Symbols=0700,0005,9988,0941,1299,0388,0939,1398,2318,3690,1810,0883. Yahoo chart endpoint response for 2024-04-26 contains the public end-of-day close used for cohort_forward_close.",是,,,
A2H-HK-20240329-hk_tech,A2,2024-03-29,2024-04-26T08:00:00Z,https://query1.finance.yahoo.com/v8/finance/chart/0285.HK?period1=1714089600&period2=1714262400&interval=1d&events=history&includeAdjustedClose=true,2024-04-26T08:00:00Z,b21e615d5b7943d3e23d58c62855161cd19d6ace8ee3d3f080ecd4d516ba922a,否,DeepFinEval audit,observed_yahoo_forward_trading_day,"Cohort ranking outcome uses latest observed forward close across 12 symbols; cohort reference configs/universes_v1.json#HK_hk_tech_20240329. Symbols=0700,9988,3690,1810,9888,9618,9999,1024,2015,9866,2382,0285. Yahoo chart endpoint response for 2024-04-26 contains the public end-of-day close used for cohort_forward_close.",是,,,
A2H-HK-20241231-hk_bluechip,A2,2024-12-31,2025-01-28T08:00:00Z,https://query1.finance.yahoo.com/v8/finance/chart/0005.HK?period1=1738022400&period2=1738195200&interval=1d&events=history&includeAdjustedClose=true,2025-01-28T08:00:00Z,c446e6e7f7959b2dd07fe13c46a5fa43404617a2c99542123a0502004546c3fb,否,DeepFinEval audit,observed_yahoo_forward_trading_day,"Cohort ranking outcome uses latest observed forward close across 12 symbols; cohort reference configs/universes_v1.json#HK_hk_bluechip_20241231. Symbols=0700,0005,9988,0941,1299,0388,0939,1398,2318,3690,1810,0883. Yahoo chart endpoint response for 2025-01-28 contains the public end-of-day close used for cohort_forward_close.",是,,,
A2H-HK-20241231-hk_tech,A2,2024-12-31,2025-01-28T08:00:00Z,https://query1.finance.yahoo.com/v8/finance/chart/0285.HK?period1=1738022400&period2=1738195200&interval=1d&events=history&includeAdjustedClose=true,2025-01-28T08:00:00Z,ffef289bfe02e74131ad02b8028b786c7681044b895b43e27e3350b565f4e69e,否,DeepFinEval audit,observed_yahoo_forward_trading_day,"Cohort ranking outcome uses latest observed forward close across 12 symbols; cohort reference configs/universes_v1.json#HK_hk_tech_20241231. Symbols=0700,9988,3690,1810,9888,9618,9999,1024,2015,9866,2382,0285. Yahoo chart endpoint response for 2025-01-28 contains the public end-of-day close used for cohort_forward_close.",是,,,
A2H-HK-20250331-hk_bluechip,A2,2025-03-31,2025-04-30T08:00:00Z,https://query1.finance.yahoo.com/v8/finance/chart/0005.HK?period1=1745971200&period2=1746144000&interval=1d&events=history&includeAdjustedClose=true,2025-04-30T08:00:00Z,9bf91ac76851daef11b0ed33c8549e659b5c35001694e5f3576f4319feac3c74,否,DeepFinEval audit,observed_yahoo_forward_trading_day,"Cohort ranking outcome uses latest observed forward close across 12 symbols; cohort reference configs/universes_v1.json#HK_hk_bluechip_20250331. Symbols=0700,0005,9988,0941,1299,0388,0939,1398,2318,3690,1810,0883. Yahoo chart endpoint response for 2025-04-30 contains the public end-of-day close used for cohort_forward_close.",是,,,
A2H-HK-20250331-hk_tech,A2,2025-03-31,2025-04-30T08:00:00Z,https://query1.finance.yahoo.com/v8/finance/chart/0285.HK?period1=1745971200&period2=1746144000&interval=1d&events=history&includeAdjustedClose=true,2025-04-30T08:00:00Z,ea757df1e499bc16d2f94d1bb63101abd641656bd4bacbc003b181e9e1982a6b,否,DeepFinEval audit,observed_yahoo_forward_trading_day,"Cohort ranking outcome uses latest observed forward close across 12 symbols; cohort reference configs/universes_v1.json#HK_hk_tech_20250331. Symbols=0700,9988,3690,1810,9888,9618,9999,1024,2015,9866,2382,0285. Yahoo chart endpoint response for 2025-04-30 contains the public end-of-day close used for cohort_forward_close.",是,,,
A2H-HK-20250606-hk_bluechip,A2,2025-06-06,2025-07-04T08:00:00Z,https://query1.finance.yahoo.com/v8/finance/chart/0005.HK?period1=1751587200&period2=1751760000&interval=1d&events=history&includeAdjustedClose=true,2025-07-04T08:00:00Z,31cc281333757dec159cea937c2c812de2e41176d422e051e99d25a503aec86d,否,DeepFinEval audit,observed_yahoo_forward_trading_day,"Cohort ranking outcome uses latest observed forward close across 12 symbols; cohort reference configs/universes_v1.json#HK_hk_bluechip_20250606. Symbols=0700,0005,9988,0941,1299,0388,0939,1398,2318,3690,1810,0883. Yahoo chart endpoint response for 2025-07-04 contains the public end-of-day close used for cohort_forward_close.",是,,,
A2H-HK-20250606-hk_tech,A2,2025-06-06,2025-07-04T08:00:00Z,https://query1.finance.yahoo.com/v8/finance/chart/0285.HK?period1=1751587200&period2=1751760000&interval=1d&events=history&includeAdjustedClose=true,2025-07-04T08:00:00Z,51824dab7927e1b5d87f5b14ce825dc11de61eb3ff0bf09b574d7df94c2e6390,否,DeepFinEval audit,observed_yahoo_forward_trading_day,"Cohort ranking outcome uses latest observed forward close across 12 symbols; cohort reference configs/universes_v1.json#HK_hk_tech_20250606. Symbols=0700,9988,3690,1810,9888,9618,9999,1024,2015,9866,2382,0285. Yahoo chart endpoint response for 2025-07-04 contains the public end-of-day close used for cohort_forward_close.",是,,,
A2H-HK-20250930-hk_bluechip,A2,2025-09-30,2025-10-30T08:00:00Z,https://query1.finance.yahoo.com/v8/finance/chart/0005.HK?period1=1761782400&period2=1761955200&interval=1d&events=history&includeAdjustedClose=true,2025-10-30T08:00:00Z,e38b2db0078e3b3db3d398bf9ec32557fd1d5b4486ac5ed70645e3d95adb61ee,否,DeepFinEval audit,observed_yahoo_forward_trading_day,"Cohort ranking outcome uses latest observed forward close across 12 symbols; cohort reference configs/universes_v1.json#HK_hk_bluechip_20250930. Symbols=0700,0005,9988,0941,1299,0388,0939,1398,2318,3690,1810,0883. Yahoo chart endpoint response for 2025-10-30 contains the public end-of-day close used for cohort_forward_close.",是,,,
A2H-HK-20250930-hk_tech,A2,2025-09-30,2025-10-30T08:00:00Z,https://query1.finance.yahoo.com/v8/finance/chart/0285.HK?period1=1761782400&period2=1761955200&interval=1d&events=history&includeAdjustedClose=true,2025-10-30T08:00:00Z,9e15103b5bcb9f4ce66aa2017c1122ecbadac88cadb68a3afaec251211b0de3f,否,DeepFinEval audit,observed_yahoo_forward_trading_day,"Cohort ranking outcome uses latest observed forward close across 12 symbols; cohort reference configs/universes_v1.json#HK_hk_tech_20250930. Symbols=0700,9988,3690,1810,9888,9618,9999,1024,2015,9866,2382,0285. Yahoo chart endpoint response for 2025-10-30 contains the public end-of-day close used for cohort_forward_close.",是,,,
A2H-HK-20251231-hk_bluechip,A2,2025-12-31,2026-01-30T08:00:00Z,https://query1.finance.yahoo.com/v8/finance/chart/0005.HK?period1=1769731200&period2=1769904000&interval=1d&events=history&includeAdjustedClose=true,2026-01-30T08:00:00Z,e887fb917372503ac4de1a4746ca93a63804ee89bf3b3a6a2162c66495d55fe9,否,DeepFinEval audit,observed_yahoo_forward_trading_day,"Cohort ranking outcome uses latest observed forward close across 12 symbols; cohort reference configs/universes_v1.json#HK_hk_bluechip_20251231. Symbols=0700,0005,9988,0941,1299,0388,0939,1398,2318,3690,1810,0883. Yahoo chart endpoint response for 2026-01-30 contains the public end-of-day close used for cohort_forward_close.",是,,,
A2H-HK-20251231-hk_tech,A2,2025-12-31,2026-01-30T08:00:00Z,https://query1.finance.yahoo.com/v8/finance/chart/0285.HK?period1=1769731200&period2=1769904000&interval=1d&events=history&includeAdjustedClose=true,2026-01-30T08:00:00Z,7ad47dba3a562955af7c6b70333399cfcd76a3a41cb29e1aed0c8f35a5cc7863,否,DeepFinEval audit,observed_yahoo_forward_trading_day,"Cohort ranking outcome uses latest observed forward close across 12 symbols; cohort reference configs/universes_v1.json#HK_hk_tech_20251231. Symbols=0700,9988,3690,1810,9888,9618,9999,1024,2015,9866,2382,0285. Yahoo chart endpoint response for 2026-01-30 contains the public end-of-day close used for cohort_forward_close.",是,,,
A2H-HK-20260130-hk_bluechip,A2,2026-01-30,2026-02-27T08:00:00Z,https://query1.finance.yahoo.com/v8/finance/chart/0005.HK?period1=1772150400&period2=1772323200&interval=1d&events=history&includeAdjustedClose=true,2026-02-27T08:00:00Z,853948827c4c5aee04ee2ebecb1dbfb16cb0a3a0c0a20743adb8d763a94e99a2,否,DeepFinEval audit,observed_yahoo_forward_trading_day,"Cohort ranking outcome uses latest observed forward close across 12 symbols; cohort reference configs/universes_v1.json#HK_hk_bluechip_20260130. Symbols=0700,0005,9988,0941,1299,0388,0939,1398,2318,3690,1810,0883. Yahoo chart endpoint response for 2026-02-27 contains the public end-of-day close used for cohort_forward_close.",是,,,
A2H-HK-20260130-hk_tech,A2,2026-01-30,2026-02-27T08:00:00Z,https://query1.finance.yahoo.com/v8/finance/chart/0285.HK?period1=1772150400&period2=1772323200&interval=1d&events=history&includeAdjustedClose=true,2026-02-27T08:00:00Z,f632fbdaf1f265e82de41bf092f5e46f804418343ff76a3bfe1484776b18f0aa,否,DeepFinEval audit,observed_yahoo_forward_trading_day,"Cohort ranking outcome uses latest observed forward close across 12 symbols; cohort reference configs/universes_v1.json#HK_hk_tech_20260130. Symbols=0700,9988,3690,1810,9888,9618,9999,1024,2015,9866,2382,0285. Yahoo chart endpoint response for 2026-02-27 contains the public end-of-day close used for cohort_forward_close.",是,,,
A2H-HK-20260331-hk_bluechip,A2,2026-03-31,2026-04-30T08:00:00Z,https://query1.finance.yahoo.com/v8/finance/chart/0005.HK?period1=1777507200&period2=1777680000&interval=1d&events=history&includeAdjustedClose=true,2026-04-30T08:00:00Z,7858dd6544fb79b7a6654d703eef786cab335d4b0ee55713ec7f4ee0368a4d4e,否,DeepFinEval audit,observed_yahoo_forward_trading_day,"Cohort ranking outcome uses latest observed forward close across 12 symbols; cohort reference configs/universes_v1.json#HK_hk_bluechip_20260331. Symbols=0700,0005,9988,0941,1299,0388,0939,1398,2318,3690,1810,0883. Yahoo chart endpoint response for 2026-04-30 contains the public end-of-day close used for cohort_forward_close.",是,,,
A2H-HK-20260331-hk_tech,A2,2026-03-31,2026-04-30T08:00:00Z,https://query1.finance.yahoo.com/v8/finance/chart/0285.HK?period1=1777507200&period2=1777680000&interval=1d&events=history&includeAdjustedClose=true,2026-04-30T08:00:00Z,8e7ae75d2bbf56df376354443aedb42a3931959aac2fa45360486300fbc044b9,否,DeepFinEval audit,observed_yahoo_forward_trading_day,"Cohort ranking outcome uses latest observed forward close across 12 symbols; cohort reference configs/universes_v1.json#HK_hk_tech_20260331. Symbols=0700,9988,3690,1810,9888,9618,9999,1024,2015,9866,2382,0285. Yahoo chart endpoint response for 2026-04-30 contains the public end-of-day close used for cohort_forward_close.",是,,,
A2H-HK-20260601-hk_bluechip,A2,2026-06-01,2026-06-30T08:00:00Z,https://query1.finance.yahoo.com/v8/finance/chart/0005.HK?period1=1782777600&period2=1782950400&interval=1d&events=history&includeAdjustedClose=true,2026-06-30T08:00:00Z,8e34b80c1cbbd32514937b95aaebfcc3a58cab209815ab578c9ccf33b473ba02,否,DeepFinEval audit,observed_yahoo_forward_trading_day,"Cohort ranking outcome uses latest observed forward close across 12 symbols; cohort reference configs/universes_v1.json#HK_hk_bluechip_20260601. Symbols=0700,0005,9988,0941,1299,0388,0939,1398,2318,3690,1810,0883. Yahoo chart endpoint response for 2026-06-30 contains the public end-of-day close used for cohort_forward_close.",是,,,
A2H-HK-20260601-hk_tech,A2,2026-06-01,2026-06-30T08:00:00Z,https://query1.finance.yahoo.com/v8/finance/chart/0285.HK?period1=1782777600&period2=1782950400&interval=1d&events=history&includeAdjustedClose=true,2026-06-30T08:00:00Z,988e0c5d3e1b47d3f15670ce1e029e31f9df296e6f07177ffca8572b1d58cf9a,否,DeepFinEval audit,observed_yahoo_forward_trading_day,"Cohort ranking outcome uses latest observed forward close across 12 symbols; cohort reference configs/universes_v1.json#HK_hk_tech_20260601. Symbols=0700,9988,3690,1810,9888,9618,9999,1024,2015,9866,2382,0285. Yahoo chart endpoint response for 2026-06-30 contains the public end-of-day close used for cohort_forward_close.",是,,,
A2H-US-20230630-financial,A2,2023-06-30,2023-07-28T20:00:00Z,https://query1.finance.yahoo.com/v8/finance/chart/AXP?period1=1690502400&period2=1690675200&interval=1d&events=history&includeAdjustedClose=true,2023-07-28T20:00:00Z,a0ff7e26d07c00eea3429966879c356566c4147db8399c806f5cf812d37ff5a2,否,DeepFinEval audit,observed_yahoo_forward_trading_day,"Cohort ranking outcome uses latest observed forward close across 10 symbols; cohort reference configs/universes_v1.json#US_financial_20230630. Symbols=JPM,BAC,WFC,C,GS,MS,BLK,SCHW,AXP,USB. Yahoo chart endpoint response for 2023-07-28 contains the public end-of-day close used for cohort_forward_close.",是,,,
A2H-US-20230630-healthcare,A2,2023-06-30,2023-07-28T20:00:00Z,https://query1.finance.yahoo.com/v8/finance/chart/ABBV?period1=1690502400&period2=1690675200&interval=1d&events=history&includeAdjustedClose=true,2023-07-28T20:00:00Z,e69b68313b2ea176919b5346bd0990442c0da06bbbbfad479a55273d4b10d0e8,否,DeepFinEval audit,observed_yahoo_forward_trading_day,"Cohort ranking outcome uses latest observed forward close across 12 symbols; cohort reference configs/universes_v1.json#US_healthcare_20230630. Symbols=JNJ,LLY,UNH,PFE,MRK,ABBV,TMO,ABT,DHR,BMY,AMGN,GILD. Yahoo chart endpoint response for 2023-07-28 contains the public end-of-day close used for cohort_forward_close.",是,,,
A2H-US-20230630-tech,A2,2023-06-30,2023-07-28T20:00:00Z,https://query1.finance.yahoo.com/v8/finance/chart/ADBE?period1=1690502400&period2=1690675200&interval=1d&events=history&includeAdjustedClose=true,2023-07-28T20:00:00Z,824f039a019af8719ad13c6f1585b673e61f7bcb83a973dc84b1be5a1c10b371,否,DeepFinEval audit,observed_yahoo_forward_trading_day,"Cohort ranking outcome uses latest observed forward close across 11 symbols; cohort reference configs/universes_v1.json#US_tech_20230630. Symbols=NVDA,AMD,AVGO,CRM,ADBE,INTC,QCOM,NFLX,CSCO,IBM,TXN. Yahoo chart endpoint response for 2023-07-28 contains the public end-of-day close used for cohort_forward_close.",是,,,
A2H-US-20230630-us_mega,A2,2023-06-30,2023-07-28T20:00:00Z,https://query1.finance.yahoo.com/v8/finance/chart/AAPL?period1=1690502400&period2=1690675200&interval=1d&events=history&includeAdjustedClose=true,2023-07-28T20:00:00Z,65eb20c25dc352a0961752aee6690d82cbb9663e8b2fa6714b68650baa46a3a3,否,DeepFinEval audit,observed_yahoo_forward_trading_day,"Cohort ranking outcome uses latest observed forward close across 10 symbols; cohort reference configs/universes_v1.json#US_us_mega_20230630. Symbols=AAPL,GOOGL,AMZN,JPM,JNJ,META,NVDA,V,MA,WMT. Yahoo chart endpoint response for 2023-07-28 contains the public end-of-day close used for cohort_forward_close.",是,,,
A2H-US-20230630-us_tech,A2,2023-06-30,2023-07-28T20:00:00Z,https://query1.finance.yahoo.com/v8/finance/chart/ADBE?period1=1690502400&period2=1690675200&interval=1d&events=history&includeAdjustedClose=true,2023-07-28T20:00:00Z,824f039a019af8719ad13c6f1585b673e61f7bcb83a973dc84b1be5a1c10b371,否,DeepFinEval audit,observed_yahoo_forward_trading_day,"Cohort ranking outcome uses latest observed forward close across 11 symbols; cohort reference configs/universes_v1.json#US_us_tech_20230630. Symbols=NVDA,AMD,AVGO,CRM,ADBE,INTC,QCOM,NFLX,CSCO,IBM,TXN. Yahoo chart endpoint response for 2023-07-28 contains the public end-of-day close used for cohort_forward_close.",是,,,
A2H-US-20230929-us_mega,A2,2023-09-29,2023-10-27T20:00:00Z,https://query1.finance.yahoo.com/v8/finance/chart/AAPL?period1=1698364800&period2=1698537600&interval=1d&events=history&includeAdjustedClose=true,2023-10-27T20:00:00Z,0964d56991e8c8a51cd7d1ec6d82c5b709a2f4bf85a6260de2ae9a422e45976c,否,DeepFinEval audit,observed_yahoo_forward_trading_day,"Cohort ranking outcome uses latest observed forward close across 10 symbols; cohort reference configs/universes_v1.json#US_us_mega_20230929. Symbols=AAPL,GOOGL,AMZN,JPM,JNJ,META,NVDA,V,MA,WMT. Yahoo chart endpoint response for 2023-10-27 contains the public end-of-day close used for cohort_forward_close.",是,,,
A2H-US-20230929-us_tech,A2,2023-09-29,2023-10-27T20:00:00Z,https://query1.finance.yahoo.com/v8/finance/chart/ADBE?period1=1698364800&period2=1698537600&interval=1d&events=history&includeAdjustedClose=true,2023-10-27T20:00:00Z,449dc5b676491603fc6c440dfe486513e9e3a60b6f7f583ddead35b810fc2a14,否,DeepFinEval audit,observed_yahoo_forward_trading_day,"Cohort ranking outcome uses latest observed forward close across 12 symbols; cohort reference configs/universes_v1.json#US_us_tech_20230929. Symbols=NVDA,AMD,AVGO,CRM,ORCL,ADBE,INTC,QCOM,NFLX,CSCO,IBM,TXN. Yahoo chart endpoint response for 2023-10-27 contains the public end-of-day close used for cohort_forward_close.",是,,,
A2H-US-20231229-financial,A2,2023-12-29,2024-01-26T21:00:00Z,https://query1.finance.yahoo.com/v8/finance/chart/AXP?period1=1706227200&period2=1706400000&interval=1d&events=history&includeAdjustedClose=true,2024-01-26T21:00:00Z,fae63ed11f0dc268b5a7646ef0e4837b1d892fa96ecf4a7f07e2336ccd995e22,否,DeepFinEval audit,observed_yahoo_forward_trading_day,"Cohort ranking outcome uses latest observed forward close across 10 symbols; cohort reference configs/universes_v1.json#US_financial_20231229. Symbols=JPM,BAC,WFC,C,GS,MS,BLK,SCHW,AXP,USB. Yahoo chart endpoint response for 2024-01-26 contains the public end-of-day close used for cohort_forward_close.",是,,,
A2H-US-20231229-healthcare,A2,2023-12-29,2024-01-26T21:00:00Z,https://query1.finance.yahoo.com/v8/finance/chart/ABBV?period1=1706227200&period2=1706400000&interval=1d&events=history&includeAdjustedClose=true,2024-01-26T21:00:00Z,4d535b9eb10a05806fe786ea9234720fe438a1951b8aa9024b69c6dadf5c382d,否,DeepFinEval audit,observed_yahoo_forward_trading_day,"Cohort ranking outcome uses latest observed forward close across 12 symbols; cohort reference configs/universes_v1.json#US_healthcare_20231229. Symbols=JNJ,LLY,UNH,PFE,MRK,ABBV,TMO,ABT,DHR,BMY,AMGN,GILD. Yahoo chart endpoint response for 2024-01-26 contains the public end-of-day close used for cohort_forward_close.",是,,,
A2H-US-20231229-tech,A2,2023-12-29,2024-01-26T21:00:00Z,https://query1.finance.yahoo.com/v8/finance/chart/ADBE?period1=1706227200&period2=1706400000&interval=1d&events=history&includeAdjustedClose=true,2024-01-26T21:00:00Z,597c50aa4f02d70e88f91e2964e37c814068a016f7d3d55ac74bfd3c5bc68656,否,DeepFinEval audit,observed_yahoo_forward_trading_day,"Cohort ranking outcome uses latest observed forward close across 12 symbols; cohort reference configs/universes_v1.json#US_tech_20231229. Symbols=NVDA,AMD,AVGO,CRM,ORCL,ADBE,INTC,QCOM,NFLX,CSCO,IBM,TXN. Yahoo chart endpoint response for 2024-01-26 contains the public end-of-day close used for cohort_forward_close.",是,,,
A2H-US-20231229-us_mega,A2,2023-12-29,2024-01-26T21:00:00Z,https://query1.finance.yahoo.com/v8/finance/chart/AAPL?period1=1706227200&period2=1706400000&interval=1d&events=history&includeAdjustedClose=true,2024-01-26T21:00:00Z,d9ccc5306f42958a729a4814f0ea1a6767bdcafa2201cfd68adac4ee3ca38817,否,DeepFinEval audit,observed_yahoo_forward_trading_day,"Cohort ranking outcome uses latest observed forward close across 12 symbols; cohort reference configs/universes_v1.json#US_us_mega_20231229. Symbols=AAPL,MSFT,GOOGL,AMZN,JPM,JNJ,META,NVDA,V,MA,WMT,PG. Yahoo chart endpoint response for 2024-01-26 contains the public end-of-day close used for cohort_forward_close.",是,,,
A2H-US-20231229-us_tech,A2,2023-12-29,2024-01-26T21:00:00Z,https://query1.finance.yahoo.com/v8/finance/chart/ADBE?period1=1706227200&period2=1706400000&interval=1d&events=history&includeAdjustedClose=true,2024-01-26T21:00:00Z,597c50aa4f02d70e88f91e2964e37c814068a016f7d3d55ac74bfd3c5bc68656,否,DeepFinEval audit,observed_yahoo_forward_trading_day,"Cohort ranking outcome uses latest observed forward close across 12 symbols; cohort reference configs/universes_v1.json#US_us_tech_20231229. Symbols=NVDA,AMD,AVGO,CRM,ORCL,ADBE,INTC,QCOM,NFLX,CSCO,IBM,TXN. Yahoo chart endpoint response for 2024-01-26 contains the public end-of-day close used for cohort_forward_close.",是,,,
A2H-US-20240329-us_mega,A2,2024-03-29,2024-04-26T20:00:00Z,https://query1.finance.yahoo.com/v8/finance/chart/AAPL?period1=1714089600&period2=1714262400&interval=1d&events=history&includeAdjustedClose=true,2024-04-26T20:00:00Z,ce619bd88286f9fa50735347acc6f0111bf1d16e339c43c505e576b441336bc0,否,DeepFinEval audit,observed_yahoo_forward_trading_day,"Cohort ranking outcome uses latest observed forward close across 12 symbols; cohort reference configs/universes_v1.json#US_us_mega_20240329. Symbols=AAPL,MSFT,GOOGL,AMZN,JPM,JNJ,META,NVDA,V,MA,WMT,PG. Yahoo chart endpoint response for 2024-04-26 contains the public end-of-day close used for cohort_forward_close.",是,,,
A2H-US-20240329-us_tech,A2,2024-03-29,2024-04-26T20:00:00Z,https://query1.finance.yahoo.com/v8/finance/chart/ADBE?period1=1714089600&period2=1714262400&interval=1d&events=history&includeAdjustedClose=true,2024-04-26T20:00:00Z,4d45965108f23cb2199d29e0186404e4d3b9850431d5efb52994eb8ab28ccb3c,否,DeepFinEval audit,observed_yahoo_forward_trading_day,"Cohort ranking outcome uses latest observed forward close across 12 symbols; cohort reference configs/universes_v1.json#US_us_tech_20240329. Symbols=NVDA,AMD,AVGO,CRM,ORCL,ADBE,INTC,QCOM,NFLX,CSCO,IBM,TXN. Yahoo chart endpoint response for 2024-04-26 contains the public end-of-day close used for cohort_forward_close.",是,,,
A2H-US-20241231-us_mega,A2,2024-12-31,2025-01-30T21:00:00Z,https://query1.finance.yahoo.com/v8/finance/chart/AAPL?period1=1738195200&period2=1738368000&interval=1d&events=history&includeAdjustedClose=true,2025-01-30T21:00:00Z,3810396aa70a9efa3264acb8eda3f57e5711a94d210ac63df50d0082b435bb92,否,DeepFinEval audit,observed_yahoo_forward_trading_day,"Cohort ranking outcome uses latest observed forward close across 12 symbols; cohort reference configs/universes_v1.json#US_us_mega_20241231. Symbols=AAPL,MSFT,GOOGL,AMZN,JPM,JNJ,META,NVDA,V,MA,WMT,PG. Yahoo chart endpoint response for 2025-01-30 contains the public end-of-day close used for cohort_forward_close.",是,,,
A2H-US-20241231-us_tech,A2,2024-12-31,2025-01-30T21:00:00Z,https://query1.finance.yahoo.com/v8/finance/chart/ADBE?period1=1738195200&period2=1738368000&interval=1d&events=history&includeAdjustedClose=true,2025-01-30T21:00:00Z,4aabb6166e730f1c4424e5c5042062617524cb68b8145ac981870df8eac3966d,否,DeepFinEval audit,observed_yahoo_forward_trading_day,"Cohort ranking outcome uses latest observed forward close across 12 symbols; cohort reference configs/universes_v1.json#US_us_tech_20241231. Symbols=NVDA,AMD,AVGO,CRM,ORCL,ADBE,INTC,QCOM,NFLX,CSCO,IBM,TXN. Yahoo chart endpoint response for 2025-01-30 contains the public end-of-day close used for cohort_forward_close.",是,,,
A2H-US-20250331-us_mega,A2,2025-03-31,2025-04-30T20:00:00Z,https://query1.finance.yahoo.com/v8/finance/chart/AAPL?period1=1745971200&period2=1746144000&interval=1d&events=history&includeAdjustedClose=true,2025-04-30T20:00:00Z,c8659ae95e9ba598a58b7c78a8dde87f0c4c1cf0da61d290c20e7232ba7cf9c7,否,DeepFinEval audit,observed_yahoo_forward_trading_day,"Cohort ranking outcome uses latest observed forward close across 12 symbols; cohort reference configs/universes_v1.json#US_us_mega_20250331. Symbols=AAPL,MSFT,GOOGL,AMZN,JPM,JNJ,META,NVDA,V,MA,WMT,PG. Yahoo chart endpoint response for 2025-04-30 contains the public end-of-day close used for cohort_forward_close.",是,,,
A2H-US-20250331-us_tech,A2,2025-03-31,2025-04-30T20:00:00Z,https://query1.finance.yahoo.com/v8/finance/chart/ADBE?period1=1745971200&period2=1746144000&interval=1d&events=history&includeAdjustedClose=true,2025-04-30T20:00:00Z,f0efda45ab981e70a0542decc73f9647e5600858fa212d7ea471d1419347259d,否,DeepFinEval audit,observed_yahoo_forward_trading_day,"Cohort ranking outcome uses latest observed forward close across 12 symbols; cohort reference configs/universes_v1.json#US_us_tech_20250331. Symbols=NVDA,AMD,AVGO,CRM,ORCL,ADBE,INTC,QCOM,NFLX,CSCO,IBM,TXN. Yahoo chart endpoint response for 2025-04-30 contains the public end-of-day close used for cohort_forward_close.",是,,,
A2H-US-20250606-us_mega,A2,2025-06-06,2025-07-03T20:00:00Z,https://query1.finance.yahoo.com/v8/finance/chart/AAPL?period1=1751500800&period2=1751673600&interval=1d&events=history&includeAdjustedClose=true,2025-07-03T20:00:00Z,0cfe90ac8db1527994ad75af42933f6fdcd82cd4908566fd6c0a3871976357a3,否,DeepFinEval audit,observed_yahoo_forward_trading_day,"Cohort ranking outcome uses latest observed forward close across 12 symbols; cohort reference configs/universes_v1.json#US_us_mega_20250606. Symbols=AAPL,MSFT,GOOGL,AMZN,JPM,JNJ,META,NVDA,V,MA,WMT,PG. Yahoo chart endpoint response for 2025-07-03 contains the public end-of-day close used for cohort_forward_close.",是,,,
A2H-US-20250606-us_tech,A2,2025-06-06,2025-07-03T20:00:00Z,https://query1.finance.yahoo.com/v8/finance/chart/ADBE?period1=1751500800&period2=1751673600&interval=1d&events=history&includeAdjustedClose=true,2025-07-03T20:00:00Z,d5b47c45ac165294aae7fea0fe5e52a34ce88c68a840aa5bcd6596f4e795c48b,否,DeepFinEval audit,observed_yahoo_forward_trading_day,"Cohort ranking outcome uses latest observed forward close across 12 symbols; cohort reference configs/universes_v1.json#US_us_tech_20250606. Symbols=NVDA,AMD,AVGO,CRM,ORCL,ADBE,INTC,QCOM,NFLX,CSCO,IBM,TXN. Yahoo chart endpoint response for 2025-07-03 contains the public end-of-day close used for cohort_forward_close.",是,,,
A2H-US-20250930-us_mega,A2,2025-09-30,2025-10-30T20:00:00Z,https://query1.finance.yahoo.com/v8/finance/chart/AAPL?period1=1761782400&period2=1761955200&interval=1d&events=history&includeAdjustedClose=true,2025-10-30T20:00:00Z,be1848e748d9dd857a710e906e5d7b60e55e22a0e75704f09e59807002ddafd0,否,DeepFinEval audit,observed_yahoo_forward_trading_day,"Cohort ranking outcome uses latest observed forward close across 12 symbols; cohort reference configs/universes_v1.json#US_us_mega_20250930. Symbols=AAPL,MSFT,GOOGL,AMZN,JPM,JNJ,META,NVDA,V,MA,WMT,PG. Yahoo chart endpoint response for 2025-10-30 contains the public end-of-day close used for cohort_forward_close.",是,,,
A2H-US-20250930-us_tech,A2,2025-09-30,2025-10-30T20:00:00Z,https://query1.finance.yahoo.com/v8/finance/chart/ADBE?period1=1761782400&period2=1761955200&interval=1d&events=history&includeAdjustedClose=true,2025-10-30T20:00:00Z,3443b0d35d55d87b8fc5286d1cbf60ae1d117cf7e48bbb3e103444bd1285d059,否,DeepFinEval audit,observed_yahoo_forward_trading_day,"Cohort ranking outcome uses latest observed forward close across 12 symbols; cohort reference configs/universes_v1.json#US_us_tech_20250930. Symbols=NVDA,AMD,AVGO,CRM,ORCL,ADBE,INTC,QCOM,NFLX,CSCO,IBM,TXN. Yahoo chart endpoint response for 2025-10-30 contains the public end-of-day close used for cohort_forward_close.",是,,,
A2H-US-20251231-us_mega,A2,2025-12-31,2026-01-30T21:00:00Z,https://query1.finance.yahoo.com/v8/finance/chart/AAPL?period1=1769731200&period2=1769904000&interval=1d&events=history&includeAdjustedClose=true,2026-01-30T21:00:00Z,e062ace9db493797d0f617428bdd9c7ef4b53d2ae3b9d50d1ee38df44757d592,否,DeepFinEval audit,observed_yahoo_forward_trading_day,"Cohort ranking outcome uses latest observed forward close across 12 symbols; cohort reference configs/universes_v1.json#US_us_mega_20251231. Symbols=AAPL,MSFT,GOOGL,AMZN,JPM,JNJ,META,NVDA,V,MA,WMT,PG. Yahoo chart endpoint response for 2026-01-30 contains the public end-of-day close used for cohort_forward_close.",是,,,
A2H-US-20251231-us_tech,A2,2025-12-31,2026-01-30T21:00:00Z,https://query1.finance.yahoo.com/v8/finance/chart/ADBE?period1=1769731200&period2=1769904000&interval=1d&events=history&includeAdjustedClose=true,2026-01-30T21:00:00Z,cd01eb218c0ac249ae395250955f4d61454895446adb1be40cc76e8b8521e411,否,DeepFinEval audit,observed_yahoo_forward_trading_day,"Cohort ranking outcome uses latest observed forward close across 12 symbols; cohort reference configs/universes_v1.json#US_us_tech_20251231. Symbols=NVDA,AMD,AVGO,CRM,ORCL,ADBE,INTC,QCOM,NFLX,CSCO,IBM,TXN. Yahoo chart endpoint response for 2026-01-30 contains the public end-of-day close used for cohort_forward_close.",是,,,
A2H-US-20260130-us_mega,A2,2026-01-30,2026-02-27T21:00:00Z,https://query1.finance.yahoo.com/v8/finance/chart/AAPL?period1=1772150400&period2=1772323200&interval=1d&events=history&includeAdjustedClose=true,2026-02-27T21:00:00Z,89f277cebac40e72cc4321bee3ad7133c011502d0fafa83e98ec0f5cc938dd2a,否,DeepFinEval audit,observed_yahoo_forward_trading_day,"Cohort ranking outcome uses latest observed forward close across 12 symbols; cohort reference configs/universes_v1.json#US_us_mega_20260130. Symbols=AAPL,MSFT,GOOGL,AMZN,JPM,JNJ,META,NVDA,V,MA,WMT,PG. Yahoo chart endpoint response for 2026-02-27 contains the public end-of-day close used for cohort_forward_close.",是,,,
A2H-US-20260130-us_tech,A2,2026-01-30,2026-02-27T21:00:00Z,https://query1.finance.yahoo.com/v8/finance/chart/ADBE?period1=1772150400&period2=1772323200&interval=1d&events=history&includeAdjustedClose=true,2026-02-27T21:00:00Z,4b6f9c53c9af315cf43e5168b9c8ffbc5c2909c7896591a4994ea621dfc06e31,否,DeepFinEval audit,observed_yahoo_forward_trading_day,"Cohort ranking outcome uses latest observed forward close across 12 symbols; cohort reference configs/universes_v1.json#US_us_tech_20260130. Symbols=NVDA,AMD,AVGO,CRM,ORCL,ADBE,INTC,QCOM,NFLX,CSCO,IBM,TXN. Yahoo chart endpoint response for 2026-02-27 contains the public end-of-day close used for cohort_forward_close.",是,,,
A2H-US-20260331-us_mega,A2,2026-03-31,2026-04-30T20:00:00Z,https://query1.finance.yahoo.com/v8/finance/chart/AAPL?period1=1777507200&period2=1777680000&interval=1d&events=history&includeAdjustedClose=true,2026-04-30T20:00:00Z,2f83fa8e167f9fead653178dee74afdeb99c0fd6fb371cb990bf5e3a2c387272,否,DeepFinEval audit,observed_yahoo_forward_trading_day,"Cohort ranking outcome uses latest observed forward close across 12 symbols; cohort reference configs/universes_v1.json#US_us_mega_20260331. Symbols=AAPL,MSFT,GOOGL,AMZN,JPM,JNJ,META,NVDA,V,MA,WMT,PG. Yahoo chart endpoint response for 2026-04-30 contains the public end-of-day close used for cohort_forward_close.",是,,,
A2H-US-20260331-us_tech,A2,2026-03-31,2026-04-30T20:00:00Z,https://query1.finance.yahoo.com/v8/finance/chart/ADBE?period1=1777507200&period2=1777680000&interval=1d&events=history&includeAdjustedClose=true,2026-04-30T20:00:00Z,f3a9cf6cb120a89cd021253b369150b969137db3bf3a2c4b51cfa0c39c5beb82,否,DeepFinEval audit,observed_yahoo_forward_trading_day,"Cohort ranking outcome uses latest observed forward close across 12 symbols; cohort reference configs/universes_v1.json#US_us_tech_20260331. Symbols=NVDA,AMD,AVGO,CRM,ORCL,ADBE,INTC,QCOM,NFLX,CSCO,IBM,TXN. Yahoo chart endpoint response for 2026-04-30 contains the public end-of-day close used for cohort_forward_close.",是,,,
A2H-US-20260601-us_mega,A2,2026-06-01,2026-07-01T20:00:00Z,https://query1.finance.yahoo.com/v8/finance/chart/AAPL?period1=1782864000&period2=1783036800&interval=1d&events=history&includeAdjustedClose=true,2026-07-01T20:00:00Z,959ae07a31cdadcd0bac74683f430e108659a2e96d4300b3757d2875a5f197b5,否,DeepFinEval audit,observed_yahoo_forward_trading_day,"Cohort ranking outcome uses latest observed forward close across 12 symbols; cohort reference configs/universes_v1.json#US_us_mega_20260601. Symbols=AAPL,MSFT,GOOGL,AMZN,JPM,JNJ,META,NVDA,V,MA,WMT,PG. Yahoo chart endpoint response for 2026-07-01 contains the public end-of-day close used for cohort_forward_close.",是,,,
A2H-US-20260601-us_tech,A2,2026-06-01,2026-07-01T20:00:00Z,https://query1.finance.yahoo.com/v8/finance/chart/ADBE?period1=1782864000&period2=1783036800&interval=1d&events=history&includeAdjustedClose=true,2026-07-01T20:00:00Z,c05bd7b2dd11af22e5fb283886f2e6e0df40bf3a6206530cb1371ac0a1ecaeb7,否,DeepFinEval audit,observed_yahoo_forward_trading_day,"Cohort ranking outcome uses latest observed forward close across 12 symbols; cohort reference configs/universes_v1.json#US_us_tech_20260601. Symbols=NVDA,AMD,AVGO,CRM,ORCL,ADBE,INTC,QCOM,NFLX,CSCO,IBM,TXN. Yahoo chart endpoint response for 2026-07-01 contains the public end-of-day close used for cohort_forward_close.",是,,,
A2T-00001,A2,2025-06-06,2025-07-04T07:00:00Z,https://query1.finance.yahoo.com/v8/finance/chart/000333.SZ?period1=1751587200&period2=1751760000&interval=1d&events=history&includeAdjustedClose=true,2025-07-04T07:00:00Z,c8f13accb87ddab9aadd28aa0000a65fd209510ce8404dbb811f413f0141a240,否,DeepFinEval audit,observed_yahoo_forward_trading_day,"Cohort ranking outcome uses latest observed forward close across 6 symbols; cohort reference configs/universes_v1.json#consumer_20250606. Symbols=600519,000858,000333,000651,603288,601888. Yahoo chart endpoint response for 2025-07-04 contains the public end-of-day close used for cohort_forward_close.",是,,,
A2T-00002,A2,2025-06-06,2025-07-04T07:00:00Z,https://query1.finance.yahoo.com/v8/finance/chart/000001.SZ?period1=1751587200&period2=1751760000&interval=1d&events=history&includeAdjustedClose=true,2025-07-04T07:00:00Z,7d52744ca9db65079aa5b06183f50b99c4abaf527f5465d27b98640d85ef6e6a,否,DeepFinEval audit,observed_yahoo_forward_trading_day,"Cohort ranking outcome uses latest observed forward close across 6 symbols; cohort reference configs/universes_v1.json#financial_20250606. Symbols=000001,600036,601398,601318,600030,300059. Yahoo chart endpoint response for 2025-07-04 contains the public end-of-day close used for cohort_forward_close.",是,,,
A2T-CN_A-20190628-consumer,A2,2019-06-28,2019-07-26T07:00:00Z,https://query1.finance.yahoo.com/v8/finance/chart/000333.SZ?period1=1564099200&period2=1564272000&interval=1d&events=history&includeAdjustedClose=true,2019-07-26T07:00:00Z,8327bfe2ec3b08b6c8a07721c3e3cb28ceb42927cbe08e178c84eac926005c68,否,DeepFinEval audit,observed_yahoo_forward_trading_day,"Cohort ranking outcome uses latest observed forward close across 11 symbols; cohort reference configs/universes_v1.json#CN_A_consumer_20190628. Symbols=600519,000858,000333,000651,603288,601888,002304,600887,000568,002714,603369. Yahoo chart endpoint response for 2019-07-26 contains the public end-of-day close used for cohort_forward_close.",是,,,
A2T-CN_A-20190628-financial,A2,2019-06-28,2019-07-26T07:00:00Z,https://query1.finance.yahoo.com/v8/finance/chart/000001.SZ?period1=1564099200&period2=1564272000&interval=1d&events=history&includeAdjustedClose=true,2019-07-26T07:00:00Z,388ed18c621c0c21d89527fcd6cdb2e7ae34e08a593ad4d89c2410936de67ac1,否,DeepFinEval audit,observed_yahoo_forward_trading_day,"Cohort ranking outcome uses latest observed forward close across 12 symbols; cohort reference configs/universes_v1.json#CN_A_financial_20190628. Symbols=000001,600036,601398,601318,600030,300059,601939,601288,601166,600000,601988,601628. Yahoo chart endpoint response for 2019-07-26 contains the public end-of-day close used for cohort_forward_close.",是,,,
A2T-CN_A-20190628-pharma,A2,2019-06-28,2019-07-26T07:00:00Z,https://query1.finance.yahoo.com/v8/finance/chart/000661.SZ?period1=1564099200&period2=1564272000&interval=1d&events=history&includeAdjustedClose=true,2019-07-26T07:00:00Z,8e990a554b35e65e549c3723a1b3249ada0c8972209092a6cc3657234065b6ea,否,DeepFinEval audit,observed_yahoo_forward_trading_day,"Cohort ranking outcome uses latest observed forward close across 11 symbols; cohort reference configs/universes_v1.json#CN_A_pharma_20190628. Symbols=600276,300760,603259,300122,300015,000661,600436,300347,002821,600196,002007. Yahoo chart endpoint response for 2019-07-26 contains the public end-of-day close used for cohort_forward_close.",是,,,
A2T-CN_A-20190628-tech,A2,2019-06-28,2019-07-26T07:00:00Z,https://query1.finance.yahoo.com/v8/finance/chart/000725.SZ?period1=1564099200&period2=1564272000&interval=1d&events=history&includeAdjustedClose=true,2019-07-26T07:00:00Z,e0b3f3fa3bdf41af415880e15be45c89b9898033ae766e8b9972acbefb85d08d,否,DeepFinEval audit,observed_yahoo_forward_trading_day,"Cohort ranking outcome uses latest observed forward close across 10 symbols; cohort reference configs/universes_v1.json#CN_A_tech_20190628. Symbols=300750,002594,603501,002415,000725,002230,300014,002371,603986,601012. Yahoo chart endpoint response for 2019-07-26 contains the public end-of-day close used for cohort_forward_close.",是,,,
A2T-CN_A-20191231-consumer,A2,2019-12-31,2020-01-23T07:00:00Z,https://query1.finance.yahoo.com/v8/finance/chart/000333.SZ?period1=1579737600&period2=1579910400&interval=1d&events=history&includeAdjustedClose=true,2020-01-23T07:00:00Z,3bec0d8c4f500a24a6c77c95bf188dc4c99d155bb736f4bd7f6de50e72c72e3c,否,DeepFinEval audit,observed_yahoo_forward_trading_day,"Cohort ranking outcome uses latest observed forward close across 6 symbols; cohort reference configs/universes_v1.json#CN_A_consumer_20191231. Symbols=600519,000858,000333,000651,603288,601888. Yahoo chart endpoint response for 2020-01-23 contains the public end-of-day close used for cohort_forward_close.",是,,,
A2T-CN_A-20191231-financial,A2,2019-12-31,2020-01-23T07:00:00Z,https://query1.finance.yahoo.com/v8/finance/chart/000001.SZ?period1=1579737600&period2=1579910400&interval=1d&events=history&includeAdjustedClose=true,2020-01-23T07:00:00Z,d5419b508dbb6bd5b8d1753568ac9498bce5a4ee6f3d82b93a32c7861b1b5064,否,DeepFinEval audit,observed_yahoo_forward_trading_day,"Cohort ranking outcome uses latest observed forward close across 6 symbols; cohort reference configs/universes_v1.json#CN_A_financial_20191231. Symbols=000001,600036,601398,601318,600030,300059. Yahoo chart endpoint response for 2020-01-23 contains the public end-of-day close used for cohort_forward_close.",是,,,
A2T-CN_A-20200331-consumer,A2,2020-03-31,2020-04-30T07:00:00Z,https://query1.finance.yahoo.com/v8/finance/chart/000333.SZ?period1=1588204800&period2=1588377600&interval=1d&events=history&includeAdjustedClose=true,2020-04-30T07:00:00Z,0441f3d05a5fe921a66530d676e9036e02ab03feec278993cc782347cf3baa7e,否,DeepFinEval audit,observed_yahoo_forward_trading_day,"Cohort ranking outcome uses latest observed forward close across 11 symbols; cohort reference configs/universes_v1.json#CN_A_consumer_20200331. Symbols=600519,000858,000333,000651,603288,601888,002304,600887,000568,002714,603369. Yahoo chart endpoint response for 2020-04-30 contains the public end-of-day close used for cohort_forward_close.",是,,,
A2T-CN_A-20200331-financial,A2,2020-03-31,2020-04-30T07:00:00Z,https://query1.finance.yahoo.com/v8/finance/chart/000001.SZ?period1=1588204800&period2=1588377600&interval=1d&events=history&includeAdjustedClose=true,2020-04-30T07:00:00Z,cc7012eb9eee0581a1cf8f3d63c2c9fe6546e2afcff87161766c07eacb1b3172,否,DeepFinEval audit,observed_yahoo_forward_trading_day,"Cohort ranking outcome uses latest observed forward close across 12 symbols; cohort reference configs/universes_v1.json#CN_A_financial_20200331. Symbols=000001,600036,601398,601318,600030,300059,601939,601288,601166,600000,601988,601628. Yahoo chart endpoint response for 2020-04-30 contains the public end-of-day close used for cohort_forward_close.",是,,,
A2T-CN_A-20200331-pharma,A2,2020-03-31,2020-04-30T07:00:00Z,https://query1.finance.yahoo.com/v8/finance/chart/000661.SZ?period1=1588204800&period2=1588377600&interval=1d&events=history&includeAdjustedClose=true,2020-04-30T07:00:00Z,ff9b780ae1d8a8e1011fbf9a9907100362e149ef472a4a6dc780646c0cbcc8ba,否,DeepFinEval audit,observed_yahoo_forward_trading_day,"Cohort ranking outcome uses latest observed forward close across 11 symbols; cohort reference configs/universes_v1.json#CN_A_pharma_20200331. Symbols=600276,300760,603259,300122,300015,000661,600436,300347,002821,600196,002007. Yahoo chart endpoint response for 2020-04-30 contains the public end-of-day close used for cohort_forward_close.",是,,,
A2T-CN_A-20200331-tech,A2,2020-03-31,2020-04-30T07:00:00Z,https://query1.finance.yahoo.com/v8/finance/chart/000725.SZ?period1=1588204800&period2=1588377600&interval=1d&events=history&includeAdjustedClose=true,2020-04-30T07:00:00Z,6a20b1b65cd7149fabe67e0ef4912c9c45dadf8c3931ffe4d615ec6ba70456eb,否,DeepFinEval audit,observed_yahoo_forward_trading_day,"Cohort ranking outcome uses latest observed forward close across 11 symbols; cohort reference configs/universes_v1.json#CN_A_tech_20200331. Symbols=300750,002594,603501,002415,000725,002230,300014,688012,002371,603986,601012. Yahoo chart endpoint response for 2020-04-30 contains the public end-of-day close used for cohort_forward_close.",是,,,
A2T-CN_A-20201231-consumer,A2,2020-12-31,2021-01-29T07:00:00Z,https://query1.finance.yahoo.com/v8/finance/chart/000333.SZ?period1=1611878400&period2=1612051200&interval=1d&events=history&includeAdjustedClose=true,2021-01-29T07:00:00Z,ccdceed9489d81b064b5966d13040c2b307b236858849a3a6aae6d5d0f45bd49,否,DeepFinEval audit,observed_yahoo_forward_trading_day,"Cohort ranking outcome uses latest observed forward close across 12 symbols; cohort reference configs/universes_v1.json#CN_A_consumer_20201231. Symbols=600519,000858,000333,000651,603288,601888,002304,600887,000568,002714,300896,603369. Yahoo chart endpoint response for 2021-01-29 contains the public end-of-day close used for cohort_forward_close.",是,,,
A2T-CN_A-20201231-financial,A2,2020-12-31,2021-01-29T07:00:00Z,https://query1.finance.yahoo.com/v8/finance/chart/000001.SZ?period1=1611878400&period2=1612051200&interval=1d&events=history&includeAdjustedClose=true,2021-01-29T07:00:00Z,afb2abb598af9485191097a705a8d6d65adc2d103ebd230d26f8d14a636fa366,否,DeepFinEval audit,observed_yahoo_forward_trading_day,"Cohort ranking outcome uses latest observed forward close across 12 symbols; cohort reference configs/universes_v1.json#CN_A_financial_20201231. Symbols=000001,600036,601398,601318,600030,300059,601939,601288,601166,600000,601988,601628. Yahoo chart endpoint response for 2021-01-29 contains the public end-of-day close used for cohort_forward_close.",是,,,
A2T-CN_A-20201231-pharma,A2,2020-12-31,2021-01-29T07:00:00Z,https://query1.finance.yahoo.com/v8/finance/chart/000661.SZ?period1=1611878400&period2=1612051200&interval=1d&events=history&includeAdjustedClose=true,2021-01-29T07:00:00Z,6a7a559c26b76cb655b0d89fca984b2a0af10759bb2f4c301bbc24518a1f6482,否,DeepFinEval audit,observed_yahoo_forward_trading_day,"Cohort ranking outcome uses latest observed forward close across 11 symbols; cohort reference configs/universes_v1.json#CN_A_pharma_20201231. Symbols=600276,300760,603259,300122,300015,000661,600436,300347,002821,600196,002007. Yahoo chart endpoint response for 2021-01-29 contains the public end-of-day close used for cohort_forward_close.",是,,,
A2T-CN_A-20201231-tech,A2,2020-12-31,2021-01-29T07:00:00Z,https://query1.finance.yahoo.com/v8/finance/chart/000725.SZ?period1=1611878400&period2=1612051200&interval=1d&events=history&includeAdjustedClose=true,2021-01-29T07:00:00Z,7cffdcc8f0f2884b8f9a8c6e15932428bd6a74a2952270ff4e4c5c29cbc1f973,否,DeepFinEval audit,observed_yahoo_forward_trading_day,"Cohort ranking outcome uses latest observed forward close across 12 symbols; cohort reference configs/universes_v1.json#CN_A_tech_20201231. Symbols=300750,002594,688981,603501,002415,000725,002230,300014,688012,002371,603986,601012. Yahoo chart endpoint response for 2021-01-29 contains the public end-of-day close used for cohort_forward_close.",是,,,
A2T-CN_A-20210630-consumer,A2,2021-06-30,2021-07-30T07:00:00Z,https://query1.finance.yahoo.com/v8/finance/chart/000333.SZ?period1=1627603200&period2=1627776000&interval=1d&events=history&includeAdjustedClose=true,2021-07-30T07:00:00Z,1b38652f61a588d14837787049472fda2ee95668851bc1058c933117fc00987f,否,DeepFinEval audit,observed_yahoo_forward_trading_day,"Cohort ranking outcome uses latest observed forward close across 12 symbols; cohort reference configs/universes_v1.json#CN_A_consumer_20210630. Symbols=600519,000858,000333,000651,603288,601888,002304,600887,000568,002714,300896,603369. Yahoo chart endpoint response for 2021-07-30 contains the public end-of-day close used for cohort_forward_close.",是,,,
A2T-CN_A-20210630-financial,A2,2021-06-30,2021-07-30T07:00:00Z,https://query1.finance.yahoo.com/v8/finance/chart/000001.SZ?period1=1627603200&period2=1627776000&interval=1d&events=history&includeAdjustedClose=true,2021-07-30T07:00:00Z,b075ebcab1e7771649b31da804165be9b41216cb0ffb2509ba08078dcfefdf8b,否,DeepFinEval audit,observed_yahoo_forward_trading_day,"Cohort ranking outcome uses latest observed forward close across 12 symbols; cohort reference configs/universes_v1.json#CN_A_financial_20210630. Symbols=000001,600036,601398,601318,600030,300059,601939,601288,601166,600000,601988,601628. Yahoo chart endpoint response for 2021-07-30 contains the public end-of-day close used for cohort_forward_close.",是,,,
A2T-CN_A-20210630-pharma,A2,2021-06-30,2021-07-30T07:00:00Z,https://query1.finance.yahoo.com/v8/finance/chart/000661.SZ?period1=1627603200&period2=1627776000&interval=1d&events=history&includeAdjustedClose=true,2021-07-30T07:00:00Z,035a836ea90cde6d49f99d0c29ab637eab9f06abd943bff73b263ff06f728230,否,DeepFinEval audit,observed_yahoo_forward_trading_day,"Cohort ranking outcome uses latest observed forward close across 11 symbols; cohort reference configs/universes_v1.json#CN_A_pharma_20210630. Symbols=600276,300760,603259,300122,300015,000661,600436,300347,002821,600196,002007. Yahoo chart endpoint response for 2021-07-30 contains the public end-of-day close used for cohort_forward_close.",是,,,
A2T-CN_A-20210630-tech,A2,2021-06-30,2021-07-30T07:00:00Z,https://query1.finance.yahoo.com/v8/finance/chart/000725.SZ?period1=1627603200&period2=1627776000&interval=1d&events=history&includeAdjustedClose=true,2021-07-30T07:00:00Z,029260c9f977ef218d17bec6a32fa2a8f1eff5da3b383132189e16976757e32f,否,DeepFinEval audit,observed_yahoo_forward_trading_day,"Cohort ranking outcome uses latest observed forward close across 12 symbols; cohort reference configs/universes_v1.json#CN_A_tech_20210630. Symbols=300750,002594,688981,603501,002415,000725,002230,300014,688012,002371,603986,601012. Yahoo chart endpoint response for 2021-07-30 contains the public end-of-day close used for cohort_forward_close.",是,,,
A2T-CN_A-20211231-consumer,A2,2021-12-31,2022-01-28T07:00:00Z,https://query1.finance.yahoo.com/v8/finance/chart/000333.SZ?period1=1643328000&period2=1643500800&interval=1d&events=history&includeAdjustedClose=true,2022-01-28T07:00:00Z,4924c874800e8082bc876bf5c9fb56aa1ffc314615c799e558415f1a0b50fe4d,否,DeepFinEval audit,observed_yahoo_forward_trading_day,"Cohort ranking outcome uses latest observed forward close across 6 symbols; cohort reference configs/universes_v1.json#CN_A_consumer_20211231. Symbols=600519,000858,000333,000651,603288,601888. Yahoo chart endpoint response for 2022-01-28 contains the public end-of-day close used for cohort_forward_close.",是,,,
A2T-CN_A-20211231-financial,A2,2021-12-31,2022-01-28T07:00:00Z,https://query1.finance.yahoo.com/v8/finance/chart/000001.SZ?period1=1643328000&period2=1643500800&interval=1d&events=history&includeAdjustedClose=true,2022-01-28T07:00:00Z,0367582eee4dd7bed3f3c396dd4f4d9bf3b3985059bc7e9c52c42f2658f944c0,否,DeepFinEval audit,observed_yahoo_forward_trading_day,"Cohort ranking outcome uses latest observed forward close across 6 symbols; cohort reference configs/universes_v1.json#CN_A_financial_20211231. Symbols=000001,600036,601398,601318,600030,300059. Yahoo chart endpoint response for 2022-01-28 contains the public end-of-day close used for cohort_forward_close.",是,,,
A2T-CN_A-20220331-consumer,A2,2022-03-31,2022-04-29T07:00:00Z,https://query1.finance.yahoo.com/v8/finance/chart/000333.SZ?period1=1651190400&period2=1651363200&interval=1d&events=history&includeAdjustedClose=true,2022-04-29T07:00:00Z,145b447dbb67d418200f77ce2a177ebd9e370567df9d9f41247b4c1baa1367c4,否,DeepFinEval audit,observed_yahoo_forward_trading_day,"Cohort ranking outcome uses latest observed forward close across 12 symbols; cohort reference configs/universes_v1.json#CN_A_consumer_20220331. Symbols=600519,000858,000333,000651,603288,601888,002304,600887,000568,002714,300896,603369. Yahoo chart endpoint response for 2022-04-29 contains the public end-of-day close used for cohort_forward_close.",是,,,
A2T-CN_A-20220331-financial,A2,2022-03-31,2022-04-29T07:00:00Z,https://query1.finance.yahoo.com/v8/finance/chart/000001.SZ?period1=1651190400&period2=1651363200&interval=1d&events=history&includeAdjustedClose=true,2022-04-29T07:00:00Z,77bab0d3b0f7c414fc3945e7d8d3a635399df47b428cf94b5acfdab67269a158,否,DeepFinEval audit,observed_yahoo_forward_trading_day,"Cohort ranking outcome uses latest observed forward close across 12 symbols; cohort reference configs/universes_v1.json#CN_A_financial_20220331. Symbols=000001,600036,601398,601318,600030,300059,601939,601288,601166,600000,601988,601628. Yahoo chart endpoint response for 2022-04-29 contains the public end-of-day close used for cohort_forward_close.",是,,,
A2T-CN_A-20220331-pharma,A2,2022-03-31,2022-04-29T07:00:00Z,https://query1.finance.yahoo.com/v8/finance/chart/000661.SZ?period1=1651190400&period2=1651363200&interval=1d&events=history&includeAdjustedClose=true,2022-04-29T07:00:00Z,3c7c56405867f010201748c4a1edae1b5fd6ca7d900d78d2b90968f00539993f,否,DeepFinEval audit,observed_yahoo_forward_trading_day,"Cohort ranking outcome uses latest observed forward close across 12 symbols; cohort reference configs/universes_v1.json#CN_A_pharma_20220331. Symbols=600276,300760,603259,300122,300015,000661,600436,688235,300347,002821,600196,002007. Yahoo chart endpoint response for 2022-04-29 contains the public end-of-day close used for cohort_forward_close.",是,,,
A2T-CN_A-20220331-tech,A2,2022-03-31,2022-04-29T07:00:00Z,https://query1.finance.yahoo.com/v8/finance/chart/000725.SZ?period1=1651190400&period2=1651363200&interval=1d&events=history&includeAdjustedClose=true,2022-04-29T07:00:00Z,3e72a96e09980aed5926f1603f49f2657d884f52210d9dc6474408d81de3e053,否,DeepFinEval audit,observed_yahoo_forward_trading_day,"Cohort ranking outcome uses latest observed forward close across 12 symbols; cohort reference configs/universes_v1.json#CN_A_tech_20220331. Symbols=300750,002594,688981,603501,002415,000725,002230,300014,688012,002371,603986,601012. Yahoo chart endpoint response for 2022-04-29 contains the public end-of-day close used for cohort_forward_close.",是,,,
A2T-CN_A-20221230-consumer,A2,2022-12-30,2023-01-20T07:00:00Z,https://query1.finance.yahoo.com/v8/finance/chart/000333.SZ?period1=1674172800&period2=1674345600&interval=1d&events=history&includeAdjustedClose=true,2023-01-20T07:00:00Z,3b649c46e365890d5afa41a9fa8d3ba8f8b34c0701dd0751d3d6a6975c7645ff,否,DeepFinEval audit,observed_yahoo_forward_trading_day,"Cohort ranking outcome uses latest observed forward close across 12 symbols; cohort reference configs/universes_v1.json#CN_A_consumer_20221230. Symbols=600519,000858,000333,000651,603288,601888,002304,600887,000568,002714,300896,603369. Yahoo chart endpoint response for 2023-01-20 contains the public end-of-day close used for cohort_forward_close.",是,,,
A2T-CN_A-20221230-financial,A2,2022-12-30,2023-01-20T07:00:00Z,https://query1.finance.yahoo.com/v8/finance/chart/000001.SZ?period1=1674172800&period2=1674345600&interval=1d&events=history&includeAdjustedClose=true,2023-01-20T07:00:00Z,c4753477528bf33d0b8d14662d59bceb5e1315521c46b0a124bdf4df078e5798,否,DeepFinEval audit,observed_yahoo_forward_trading_day,"Cohort ranking outcome uses latest observed forward close across 12 symbols; cohort reference configs/universes_v1.json#CN_A_financial_20221230. Symbols=000001,600036,601398,601318,600030,300059,601939,601288,601166,600000,601988,601628. Yahoo chart endpoint response for 2023-01-20 contains the public end-of-day close used for cohort_forward_close.",是,,,
A2T-CN_A-20221230-pharma,A2,2022-12-30,2023-01-20T07:00:00Z,https://query1.finance.yahoo.com/v8/finance/chart/000661.SZ?period1=1674172800&period2=1674345600&interval=1d&events=history&includeAdjustedClose=true,2023-01-20T07:00:00Z,c3b35f4acb8ae03966eaa1e33770cedfb93891f67735262c53f17af1d460e2ee,否,DeepFinEval audit,observed_yahoo_forward_trading_day,"Cohort ranking outcome uses latest observed forward close across 12 symbols; cohort reference configs/universes_v1.json#CN_A_pharma_20221230. Symbols=600276,300760,603259,300122,300015,000661,600436,688235,300347,002821,600196,002007. Yahoo chart endpoint response for 2023-01-20 contains the public end-of-day close used for cohort_forward_close.",是,,,
A2T-CN_A-20221230-tech,A2,2022-12-30,2023-01-20T07:00:00Z,https://query1.finance.yahoo.com/v8/finance/chart/000725.SZ?period1=1674172800&period2=1674345600&interval=1d&events=history&includeAdjustedClose=true,2023-01-20T07:00:00Z,ab69821b78d880828d0165579873e125e76061764af4288b0dd6e19b0581aab4,否,DeepFinEval audit,observed_yahoo_forward_trading_day,"Cohort ranking outcome uses latest observed forward close across 12 symbols; cohort reference configs/universes_v1.json#CN_A_tech_20221230. Symbols=300750,002594,688981,603501,002415,000725,002230,300014,688012,002371,603986,601012. Yahoo chart endpoint response for 2023-01-20 contains the public end-of-day close used for cohort_forward_close.",是,,,
A2T-CN_A-20230331-consumer,A2,2023-03-31,2023-04-28T07:00:00Z,https://query1.finance.yahoo.com/v8/finance/chart/000333.SZ?period1=1682640000&period2=1682812800&interval=1d&events=history&includeAdjustedClose=true,2023-04-28T07:00:00Z,ff2fdb6407f51bf206dd48e2150e704362935cadce962fa1549cc06c1da6bc5a,否,DeepFinEval audit,observed_yahoo_forward_trading_day,"Cohort ranking outcome uses latest observed forward close across 12 symbols; cohort reference configs/universes_v1.json#CN_A_consumer_20230331. Symbols=600519,000858,000333,000651,603288,601888,002304,600887,000568,002714,300896,603369. Yahoo chart endpoint response for 2023-04-28 contains the public end-of-day close used for cohort_forward_close.",是,,,
A2T-CN_A-20230331-financial,A2,2023-03-31,2023-04-28T07:00:00Z,https://query1.finance.yahoo.com/v8/finance/chart/000001.SZ?period1=1682640000&period2=1682812800&interval=1d&events=history&includeAdjustedClose=true,2023-04-28T07:00:00Z,c13c3fccc7d66b1434d627adb08e1f3f46a7e7cf645ad50cb48e713a8c370539,否,DeepFinEval audit,observed_yahoo_forward_trading_day,"Cohort ranking outcome uses latest observed forward close across 12 symbols; cohort reference configs/universes_v1.json#CN_A_financial_20230331. Symbols=000001,600036,601398,601318,600030,300059,601939,601288,601166,600000,601988,601628. Yahoo chart endpoint response for 2023-04-28 contains the public end-of-day close used for cohort_forward_close.",是,,,
A2T-CN_A-20230331-pharma,A2,2023-03-31,2023-04-28T07:00:00Z,https://query1.finance.yahoo.com/v8/finance/chart/000661.SZ?period1=1682640000&period2=1682812800&interval=1d&events=history&includeAdjustedClose=true,2023-04-28T07:00:00Z,11cf98cdedc7550559699728c814e88ceba3f9352b05e6b498f2fcf71d5c88ad,否,DeepFinEval audit,observed_yahoo_forward_trading_day,"Cohort ranking outcome uses latest observed forward close across 12 symbols; cohort reference configs/universes_v1.json#CN_A_pharma_20230331. Symbols=600276,300760,603259,300122,300015,000661,600436,688235,300347,002821,600196,002007. Yahoo chart endpoint response for 2023-04-28 contains the public end-of-day close used for cohort_forward_close.",是,,,
A2T-CN_A-20230331-tech,A2,2023-03-31,2023-04-28T07:00:00Z,https://query1.finance.yahoo.com/v8/finance/chart/000725.SZ?period1=1682640000&period2=1682812800&interval=1d&events=history&includeAdjustedClose=true,2023-04-28T07:00:00Z,6dc1b25e74260aa47661a2a03cd6b0624db9b65143eadbf31dcd64d9bf008f09,否,DeepFinEval audit,observed_yahoo_forward_trading_day,"Cohort ranking outcome uses latest observed forward close across 12 symbols; cohort reference configs/universes_v1.json#CN_A_tech_20230331. Symbols=300750,002594,688981,603501,002415,000725,002230,300014,688012,002371,603986,601012. Yahoo chart endpoint response for 2023-04-28 contains the public end-of-day close used for cohort_forward_close.",是,,,
A2T-CN_A-20230630-consumer,A2,2023-06-30,2023-07-28T07:00:00Z,https://query1.finance.yahoo.com/v8/finance/chart/000333.SZ?period1=1690502400&period2=1690675200&interval=1d&events=history&includeAdjustedClose=true,2023-07-28T07:00:00Z,1748233208e77e02e9b877b82fe8490123725154f3be3f40a156be5317bf2d2b,否,DeepFinEval audit,observed_yahoo_forward_trading_day,"Cohort ranking outcome uses latest observed forward close across 12 symbols; cohort reference configs/universes_v1.json#CN_A_consumer_20230630. Symbols=600519,000858,000333,000651,603288,601888,002304,600887,000568,002714,300896,603369. Yahoo chart endpoint response for 2023-07-28 contains the public end-of-day close used for cohort_forward_close.",是,,,
A2T-CN_A-20230630-financial,A2,2023-06-30,2023-07-28T07:00:00Z,https://query1.finance.yahoo.com/v8/finance/chart/000001.SZ?period1=1690502400&period2=1690675200&interval=1d&events=history&includeAdjustedClose=true,2023-07-28T07:00:00Z,9777409a6d341e8977a13877eef80b42536b33b65d656289642a3fbc95be6fa2,否,DeepFinEval audit,observed_yahoo_forward_trading_day,"Cohort ranking outcome uses latest observed forward close across 12 symbols; cohort reference configs/universes_v1.json#CN_A_financial_20230630. Symbols=000001,600036,601398,601318,600030,300059,601939,601288,601166,600000,601988,601628. Yahoo chart endpoint response for 2023-07-28 contains the public end-of-day close used for cohort_forward_close.",是,,,
A2T-CN_A-20230630-pharma,A2,2023-06-30,2023-07-28T07:00:00Z,https://query1.finance.yahoo.com/v8/finance/chart/000661.SZ?period1=1690502400&period2=1690675200&interval=1d&events=history&includeAdjustedClose=true,2023-07-28T07:00:00Z,c6c0d17276034242c893cfc18bd7e4cd0e3e29ae0d25138c59bde55f15e8d126,否,DeepFinEval audit,observed_yahoo_forward_trading_day,"Cohort ranking outcome uses latest observed forward close across 12 symbols; cohort reference configs/universes_v1.json#CN_A_pharma_20230630. Symbols=600276,300760,603259,300122,300015,000661,600436,688235,300347,002821,600196,002007. Yahoo chart endpoint response for 2023-07-28 contains the public end-of-day close used for cohort_forward_close.",是,,,
A2T-CN_A-20230630-tech,A2,2023-06-30,2023-07-28T07:00:00Z,https://query1.finance.yahoo.com/v8/finance/chart/000725.SZ?period1=1690502400&period2=1690675200&interval=1d&events=history&includeAdjustedClose=true,2023-07-28T07:00:00Z,5aeef6a4f66f03117835b6eab9149cd697f6283badb8d25942868759ca62ce9e,否,DeepFinEval audit,observed_yahoo_forward_trading_day,"Cohort ranking outcome uses latest observed forward close across 12 symbols; cohort reference configs/universes_v1.json#CN_A_tech_20230630. Symbols=300750,002594,688981,603501,002415,000725,002230,300014,688012,002371,603986,601012. Yahoo chart endpoint response for 2023-07-28 contains the public end-of-day close used for cohort_forward_close.",是,,,
A2T-CN_A-20230929-consumer,A2,2023-09-29,2023-10-27T07:00:00Z,https://query1.finance.yahoo.com/v8/finance/chart/000333.SZ?period1=1698364800&period2=1698537600&interval=1d&events=history&includeAdjustedClose=true,2023-10-27T07:00:00Z,bcf22fc94329772d48ef7b68bff308c23c8326400ca25ec24dc9df2a568be847,否,DeepFinEval audit,observed_yahoo_forward_trading_day,"Cohort ranking outcome uses latest observed forward close across 12 symbols; cohort reference configs/universes_v1.json#CN_A_consumer_20230929. Symbols=600519,000858,000333,000651,603288,601888,002304,600887,000568,002714,300896,603369. Yahoo chart endpoint response for 2023-10-27 contains the public end-of-day close used for cohort_forward_close.",是,,,
A2T-CN_A-20230929-financial,A2,2023-09-29,2023-10-27T07:00:00Z,https://query1.finance.yahoo.com/v8/finance/chart/000001.SZ?period1=1698364800&period2=1698537600&interval=1d&events=history&includeAdjustedClose=true,2023-10-27T07:00:00Z,0afdd1993d0acb8fb7d7a87d6ea88a71be1fad25ab59b72c754b5d14aa889f1b,否,DeepFinEval audit,observed_yahoo_forward_trading_day,"Cohort ranking outcome uses latest observed forward close across 12 symbols; cohort reference configs/universes_v1.json#CN_A_financial_20230929. Symbols=000001,600036,601398,601318,600030,300059,601939,601288,601166,600000,601988,601628. Yahoo chart endpoint response for 2023-10-27 contains the public end-of-day close used for cohort_forward_close.",是,,,
A2T-CN_A-20230929-pharma,A2,2023-09-29,2023-10-27T07:00:00Z,https://query1.finance.yahoo.com/v8/finance/chart/000661.SZ?period1=1698364800&period2=1698537600&interval=1d&events=history&includeAdjustedClose=true,2023-10-27T07:00:00Z,bf801a792ba8a25847b6d104f4fdd213499fc6a271795ec1c634454129f1d143,否,DeepFinEval audit,observed_yahoo_forward_trading_day,"Cohort ranking outcome uses latest observed forward close across 12 symbols; cohort reference configs/universes_v1.json#CN_A_pharma_20230929. Symbols=600276,300760,603259,300122,300015,000661,600436,688235,300347,002821,600196,002007. Yahoo chart endpoint response for 2023-10-27 contains the public end-of-day close used for cohort_forward_close.",是,,,
A2T-CN_A-20230929-tech,A2,2023-09-29,2023-10-27T07:00:00Z,https://query1.finance.yahoo.com/v8/finance/chart/000725.SZ?period1=1698364800&period2=1698537600&interval=1d&events=history&includeAdjustedClose=true,2023-10-27T07:00:00Z,273c136f78d2c7b808a4a1258c78d291158a7b869c3d8e921b9682f8836809a3,否,DeepFinEval audit,observed_yahoo_forward_trading_day,"Cohort ranking outcome uses latest observed forward close across 12 symbols; cohort reference configs/universes_v1.json#CN_A_tech_20230929. Symbols=300750,002594,688981,603501,002415,000725,002230,300014,688012,002371,603986,601012. Yahoo chart endpoint response for 2023-10-27 contains the public end-of-day close used for cohort_forward_close.",是,,,
A2T-CN_A-20231229-consumer,A2,2023-12-29,2024-01-26T07:00:00Z,https://query1.finance.yahoo.com/v8/finance/chart/000333.SZ?period1=1706227200&period2=1706400000&interval=1d&events=history&includeAdjustedClose=true,2024-01-26T07:00:00Z,46487d2744a2a7f02d9ed625f9064c309677164fa63583eccabfce8a4e3b8512,否,DeepFinEval audit,observed_yahoo_forward_trading_day,"Cohort ranking outcome uses latest observed forward close across 12 symbols; cohort reference configs/universes_v1.json#CN_A_consumer_20231229. Symbols=600519,000858,000333,000651,603288,601888,002304,600887,000568,002714,300896,603369. Yahoo chart endpoint response for 2024-01-26 contains the public end-of-day close used for cohort_forward_close.",是,,,
A2T-CN_A-20231229-financial,A2,2023-12-29,2024-01-26T07:00:00Z,https://query1.finance.yahoo.com/v8/finance/chart/000001.SZ?period1=1706227200&period2=1706400000&interval=1d&events=history&includeAdjustedClose=true,2024-01-26T07:00:00Z,97fc9142351cd45d6414a989c21d447b5a74c5b15236d1eef79d267ff9004e85,否,DeepFinEval audit,observed_yahoo_forward_trading_day,"Cohort ranking outcome uses latest observed forward close across 12 symbols; cohort reference configs/universes_v1.json#CN_A_financial_20231229. Symbols=000001,600036,601398,601318,600030,300059,601939,601288,601166,600000,601988,601628. Yahoo chart endpoint response for 2024-01-26 contains the public end-of-day close used for cohort_forward_close.",是,,,
A2T-CN_A-20231229-pharma,A2,2023-12-29,2024-01-26T07:00:00Z,https://query1.finance.yahoo.com/v8/finance/chart/000661.SZ?period1=1706227200&period2=1706400000&interval=1d&events=history&includeAdjustedClose=true,2024-01-26T07:00:00Z,4f96d3642144e14a72d922a52b234248f174e38b580132594a379752c2d7541f,否,DeepFinEval audit,observed_yahoo_forward_trading_day,"Cohort ranking outcome uses latest observed forward close across 12 symbols; cohort reference configs/universes_v1.json#CN_A_pharma_20231229. Symbols=600276,300760,603259,300122,300015,000661,600436,688235,300347,002821,600196,002007. Yahoo chart endpoint response for 2024-01-26 contains the public end-of-day close used for cohort_forward_close.",是,,,
A2T-CN_A-20231229-tech,A2,2023-12-29,2024-01-26T07:00:00Z,https://query1.finance.yahoo.com/v8/finance/chart/000725.SZ?period1=1706227200&period2=1706400000&interval=1d&events=history&includeAdjustedClose=true,2024-01-26T07:00:00Z,d58d35ac2d089a804f9295e989052014c8a6f620e83280c100f15b776bea6302,否,DeepFinEval audit,observed_yahoo_forward_trading_day,"Cohort ranking outcome uses latest observed forward close across 12 symbols; cohort reference configs/universes_v1.json#CN_A_tech_20231229. Symbols=300750,002594,688981,603501,002415,000725,002230,300014,688012,002371,603986,601012. Yahoo chart endpoint response for 2024-01-26 contains the public end-of-day close used for cohort_forward_close.",是,,,
A2T-CN_A-20240329-consumer,A2,2024-03-29,2024-04-26T07:00:00Z,https://query1.finance.yahoo.com/v8/finance/chart/000333.SZ?period1=1714089600&period2=1714262400&interval=1d&events=history&includeAdjustedClose=true,2024-04-26T07:00:00Z,0af0a83430de0efb4463277f5e87a72eaada5af84f51030509a92eca68c314ae,否,DeepFinEval audit,observed_yahoo_forward_trading_day,"Cohort ranking outcome uses latest observed forward close across 12 symbols; cohort reference configs/universes_v1.json#CN_A_consumer_20240329. Symbols=600519,000858,000333,000651,603288,601888,002304,600887,000568,002714,300896,603369. Yahoo chart endpoint response for 2024-04-26 contains the public end-of-day close used for cohort_forward_close.",是,,,
A2T-CN_A-20240329-financial,A2,2024-03-29,2024-04-26T07:00:00Z,https://query1.finance.yahoo.com/v8/finance/chart/000001.SZ?period1=1714089600&period2=1714262400&interval=1d&events=history&includeAdjustedClose=true,2024-04-26T07:00:00Z,200a594c4b984c7ce5722e911ed9581f3c670a8789b5257bdf0e0027e086ce99,否,DeepFinEval audit,observed_yahoo_forward_trading_day,"Cohort ranking outcome uses latest observed forward close across 12 symbols; cohort reference configs/universes_v1.json#CN_A_financial_20240329. Symbols=000001,600036,601398,601318,600030,300059,601939,601288,601166,600000,601988,601628. Yahoo chart endpoint response for 2024-04-26 contains the public end-of-day close used for cohort_forward_close.",是,,,
A2T-CN_A-20240329-pharma,A2,2024-03-29,2024-04-26T07:00:00Z,https://query1.finance.yahoo.com/v8/finance/chart/000661.SZ?period1=1714089600&period2=1714262400&interval=1d&events=history&includeAdjustedClose=true,2024-04-26T07:00:00Z,c08fbe1010b5f8888c90aa3fd6fb75510146dde5c3bd8c060136e9e4a2bec8c2,否,DeepFinEval audit,observed_yahoo_forward_trading_day,"Cohort ranking outcome uses latest observed forward close across 12 symbols; cohort reference configs/universes_v1.json#CN_A_pharma_20240329. Symbols=600276,300760,603259,300122,300015,000661,600436,688235,300347,002821,600196,002007. Yahoo chart endpoint response for 2024-04-26 contains the public end-of-day close used for cohort_forward_close.",是,,,
A2T-CN_A-20240329-tech,A2,2024-03-29,2024-04-26T07:00:00Z,https://query1.finance.yahoo.com/v8/finance/chart/000725.SZ?period1=1714089600&period2=1714262400&interval=1d&events=history&includeAdjustedClose=true,2024-04-26T07:00:00Z,cba2f1cbc182a0a86a5a88afcf746d78be84e6ce943c19ee1840da9f03d7c531,否,DeepFinEval audit,observed_yahoo_forward_trading_day,"Cohort ranking outcome uses latest observed forward close across 12 symbols; cohort reference configs/universes_v1.json#CN_A_tech_20240329. Symbols=300750,002594,688981,603501,002415,000725,002230,300014,688012,002371,603986,601012. Yahoo chart endpoint response for 2024-04-26 contains the public end-of-day close used for cohort_forward_close.",是,,,
A2T-CN_A-20241231-consumer,A2,2024-12-31,2025-01-27T07:00:00Z,https://query1.finance.yahoo.com/v8/finance/chart/000333.SZ?period1=1737936000&period2=1738108800&interval=1d&events=history&includeAdjustedClose=true,2025-01-27T07:00:00Z,5febd33a5fd21ac8d1f2c78e01348374d80ec74db99bad50458cdd4cb0c91cd4,否,DeepFinEval audit,observed_yahoo_forward_trading_day,"Cohort ranking outcome uses latest observed forward close across 12 symbols; cohort reference configs/universes_v1.json#CN_A_consumer_20241231. Symbols=600519,000858,000333,000651,603288,601888,002304,600887,000568,002714,300896,603369. Yahoo chart endpoint response for 2025-01-27 contains the public end-of-day close used for cohort_forward_close.",是,,,
A2T-CN_A-20241231-financial,A2,2024-12-31,2025-01-27T07:00:00Z,https://query1.finance.yahoo.com/v8/finance/chart/000001.SZ?period1=1737936000&period2=1738108800&interval=1d&events=history&includeAdjustedClose=true,2025-01-27T07:00:00Z,b08381c36e4b71ea6a1711bf3bfacbba7fb307fa4899367d8c120130d8d70158,否,DeepFinEval audit,observed_yahoo_forward_trading_day,"Cohort ranking outcome uses latest observed forward close across 12 symbols; cohort reference configs/universes_v1.json#CN_A_financial_20241231. Symbols=000001,600036,601398,601318,600030,300059,601939,601288,601166,600000,601988,601628. Yahoo chart endpoint response for 2025-01-27 contains the public end-of-day close used for cohort_forward_close.",是,,,
A2T-CN_A-20241231-pharma,A2,2024-12-31,2025-01-27T07:00:00Z,https://query1.finance.yahoo.com/v8/finance/chart/000661.SZ?period1=1737936000&period2=1738108800&interval=1d&events=history&includeAdjustedClose=true,2025-01-27T07:00:00Z,a184d038848a95e78abac88b14c658f6e8f0a4ffb0a8a28cfe938b971614105f,否,DeepFinEval audit,observed_yahoo_forward_trading_day,"Cohort ranking outcome uses latest observed forward close across 12 symbols; cohort reference configs/universes_v1.json#CN_A_pharma_20241231. Symbols=600276,300760,603259,300122,300015,000661,600436,688235,300347,002821,600196,002007. Yahoo chart endpoint response for 2025-01-27 contains the public end-of-day close used for cohort_forward_close.",是,,,
A2T-CN_A-20241231-tech,A2,2024-12-31,2025-01-27T07:00:00Z,https://query1.finance.yahoo.com/v8/finance/chart/000725.SZ?period1=1737936000&period2=1738108800&interval=1d&events=history&includeAdjustedClose=true,2025-01-27T07:00:00Z,1b35c676e6399b0d909be5f7eaa3fc30c5ca54621c1a901526e892d83276e8ba,否,DeepFinEval audit,observed_yahoo_forward_trading_day,"Cohort ranking outcome uses latest observed forward close across 12 symbols; cohort reference configs/universes_v1.json#CN_A_tech_20241231. Symbols=300750,002594,688981,603501,002415,000725,002230,300014,688012,002371,603986,601012. Yahoo chart endpoint response for 2025-01-27 contains the public end-of-day close used for cohort_forward_close.",是,,,
A2T-CN_A-20250331-consumer,A2,2025-03-31,2025-04-30T07:00:00Z,https://query1.finance.yahoo.com/v8/finance/chart/000333.SZ?period1=1745971200&period2=1746144000&interval=1d&events=history&includeAdjustedClose=true,2025-04-30T07:00:00Z,f61fffd191b03a9d5067f60a872ceb7f54c09dd14223e070073c41d839f6d8f1,否,DeepFinEval audit,observed_yahoo_forward_trading_day,"Cohort ranking outcome uses latest observed forward close across 12 symbols; cohort reference configs/universes_v1.json#CN_A_consumer_20250331. Symbols=600519,000858,000333,000651,603288,601888,002304,600887,000568,002714,300896,603369. Yahoo chart endpoint response for 2025-04-30 contains the public end-of-day close used for cohort_forward_close.",是,,,
A2T-CN_A-20250331-financial,A2,2025-03-31,2025-04-30T07:00:00Z,https://query1.finance.yahoo.com/v8/finance/chart/000001.SZ?period1=1745971200&period2=1746144000&interval=1d&events=history&includeAdjustedClose=true,2025-04-30T07:00:00Z,3a115df419f155d6629e7c396426e8975365345e9638d8f9b47f27c95f92e47e,否,DeepFinEval audit,observed_yahoo_forward_trading_day,"Cohort ranking outcome uses latest observed forward close across 12 symbols; cohort reference configs/universes_v1.json#CN_A_financial_20250331. Symbols=000001,600036,601398,601318,600030,300059,601939,601288,601166,600000,601988,601628. Yahoo chart endpoint response for 2025-04-30 contains the public end-of-day close used for cohort_forward_close.",是,,,
A2T-CN_A-20250331-pharma,A2,2025-03-31,2025-04-30T07:00:00Z,https://query1.finance.yahoo.com/v8/finance/chart/000661.SZ?period1=1745971200&period2=1746144000&interval=1d&events=history&includeAdjustedClose=true,2025-04-30T07:00:00Z,4212281bec5395dd706c753aa02a7b0de3de15025bda99908dc19bd9c0e7e5a7,否,DeepFinEval audit,observed_yahoo_forward_trading_day,"Cohort ranking outcome uses latest observed forward close across 12 symbols; cohort reference configs/universes_v1.json#CN_A_pharma_20250331. Symbols=600276,300760,603259,300122,300015,000661,600436,688235,300347,002821,600196,002007. Yahoo chart endpoint response for 2025-04-30 contains the public end-of-day close used for cohort_forward_close.",是,,,
A2T-CN_A-20250331-tech,A2,2025-03-31,2025-04-30T07:00:00Z,https://query1.finance.yahoo.com/v8/finance/chart/000725.SZ?period1=1745971200&period2=1746144000&interval=1d&events=history&includeAdjustedClose=true,2025-04-30T07:00:00Z,c339079d11cd9b17dcb776687289fe7dfc58a3341a0257c92b5f722b1c9426db,否,DeepFinEval audit,observed_yahoo_forward_trading_day,"Cohort ranking outcome uses latest observed forward close across 12 symbols; cohort reference configs/universes_v1.json#CN_A_tech_20250331. Symbols=300750,002594,688981,603501,002415,000725,002230,300014,688012,002371,603986,601012. Yahoo chart endpoint response for 2025-04-30 contains the public end-of-day close used for cohort_forward_close.",是,,,
A2T-CN_A-20250606-consumer,A2,2025-06-06,2025-07-04T07:00:00Z,https://query1.finance.yahoo.com/v8/finance/chart/000333.SZ?period1=1751587200&period2=1751760000&interval=1d&events=history&includeAdjustedClose=true,2025-07-04T07:00:00Z,c8f13accb87ddab9aadd28aa0000a65fd209510ce8404dbb811f413f0141a240,否,DeepFinEval audit,observed_yahoo_forward_trading_day,"Cohort ranking outcome uses latest observed forward close across 12 symbols; cohort reference configs/universes_v1.json#CN_A_consumer_20250606. Symbols=600519,000858,000333,000651,603288,601888,002304,600887,000568,002714,300896,603369. Yahoo chart endpoint response for 2025-07-04 contains the public end-of-day close used for cohort_forward_close.",是,,,
A2T-CN_A-20250606-financial,A2,2025-06-06,2025-07-04T07:00:00Z,https://query1.finance.yahoo.com/v8/finance/chart/000001.SZ?period1=1751587200&period2=1751760000&interval=1d&events=history&includeAdjustedClose=true,2025-07-04T07:00:00Z,7d52744ca9db65079aa5b06183f50b99c4abaf527f5465d27b98640d85ef6e6a,否,DeepFinEval audit,observed_yahoo_forward_trading_day,"Cohort ranking outcome uses latest observed forward close across 12 symbols; cohort reference configs/universes_v1.json#CN_A_financial_20250606. Symbols=000001,600036,601398,601318,600030,300059,601939,601288,601166,600000,601988,601628. Yahoo chart endpoint response for 2025-07-04 contains the public end-of-day close used for cohort_forward_close.",是,,,
A2T-CN_A-20250606-pharma,A2,2025-06-06,2025-07-04T07:00:00Z,https://query1.finance.yahoo.com/v8/finance/chart/000661.SZ?period1=1751587200&period2=1751760000&interval=1d&events=history&includeAdjustedClose=true,2025-07-04T07:00:00Z,17ff43f1602b2aa684f802c8d52aacf1e15277552a8323c9ffcb5ccd53b1efb8,否,DeepFinEval audit,observed_yahoo_forward_trading_day,"Cohort ranking outcome uses latest observed forward close across 12 symbols; cohort reference configs/universes_v1.json#CN_A_pharma_20250606. Symbols=600276,300760,603259,300122,300015,000661,600436,688235,300347,002821,600196,002007. Yahoo chart endpoint response for 2025-07-04 contains the public end-of-day close used for cohort_forward_close.",是,,,
A2T-CN_A-20250606-tech,A2,2025-06-06,2025-07-04T07:00:00Z,https://query1.finance.yahoo.com/v8/finance/chart/000725.SZ?period1=1751587200&period2=1751760000&interval=1d&events=history&includeAdjustedClose=true,2025-07-04T07:00:00Z,52d478ea79e9652140c89d0db5c640f2dacaa7d47b65b84581bf5f03618d05f0,否,DeepFinEval audit,observed_yahoo_forward_trading_day,"Cohort ranking outcome uses latest observed forward close across 12 symbols; cohort reference configs/universes_v1.json#CN_A_tech_20250606. Symbols=300750,002594,688981,603501,002415,000725,002230,300014,688012,002371,603986,601012. Yahoo chart endpoint response for 2025-07-04 contains the public end-of-day close used for cohort_forward_close.",是,,,
A2T-CN_A-20250930-consumer,A2,2025-09-30,2025-10-30T07:00:00Z,https://query1.finance.yahoo.com/v8/finance/chart/000333.SZ?period1=1761782400&period2=1761955200&interval=1d&events=history&includeAdjustedClose=true,2025-10-30T07:00:00Z,f17d784f387e65c79be5fb80b59e8798df5465ad02c0fd5de0a5ad32addc053d,否,DeepFinEval audit,observed_yahoo_forward_trading_day,"Cohort ranking outcome uses latest observed forward close across 12 symbols; cohort reference configs/universes_v1.json#CN_A_consumer_20250930. Symbols=600519,000858,000333,000651,603288,601888,002304,600887,000568,002714,300896,603369. Yahoo chart endpoint response for 2025-10-30 contains the public end-of-day close used for cohort_forward_close.",是,,,
A2T-CN_A-20250930-financial,A2,2025-09-30,2025-10-30T07:00:00Z,https://query1.finance.yahoo.com/v8/finance/chart/000001.SZ?period1=1761782400&period2=1761955200&interval=1d&events=history&includeAdjustedClose=true,2025-10-30T07:00:00Z,c5f8c1036af6859b46129908481c1b2698efacbdb20b5a82b4747a3a960a414d,否,DeepFinEval audit,observed_yahoo_forward_trading_day,"Cohort ranking outcome uses latest observed forward close across 12 symbols; cohort reference configs/universes_v1.json#CN_A_financial_20250930. Symbols=000001,600036,601398,601318,600030,300059,601939,601288,601166,600000,601988,601628. Yahoo chart endpoint response for 2025-10-30 contains the public end-of-day close used for cohort_forward_close.",是,,,
A2T-CN_A-20250930-pharma,A2,2025-09-30,2025-10-30T07:00:00Z,https://query1.finance.yahoo.com/v8/finance/chart/000661.SZ?period1=1761782400&period2=1761955200&interval=1d&events=history&includeAdjustedClose=true,2025-10-30T07:00:00Z,5d2069665952da9e347be5265013ff7a79cc77af09e63b30cd4c526054900666,否,DeepFinEval audit,observed_yahoo_forward_trading_day,"Cohort ranking outcome uses latest observed forward close across 12 symbols; cohort reference configs/universes_v1.json#CN_A_pharma_20250930. Symbols=600276,300760,603259,300122,300015,000661,600436,688235,300347,002821,600196,002007. Yahoo chart endpoint response for 2025-10-30 contains the public end-of-day close used for cohort_forward_close.",是,,,
A2T-CN_A-20250930-tech,A2,2025-09-30,2025-10-30T07:00:00Z,https://query1.finance.yahoo.com/v8/finance/chart/000725.SZ?period1=1761782400&period2=1761955200&interval=1d&events=history&includeAdjustedClose=true,2025-10-30T07:00:00Z,58fecd0a901be38e6dbe687fb75a4e0ea9e0bf4e1979acd49e39c51cb919cfbc,否,DeepFinEval audit,observed_yahoo_forward_trading_day,"Cohort ranking outcome uses latest observed forward close across 12 symbols; cohort reference configs/universes_v1.json#CN_A_tech_20250930. Symbols=300750,002594,688981,603501,002415,000725,002230,300014,688012,002371,603986,601012. Yahoo chart endpoint response for 2025-10-30 contains the public end-of-day close used for cohort_forward_close.",是,,,
A2T-CN_A-20251231-consumer,A2,2025-12-31,2026-01-30T07:00:00Z,https://query1.finance.yahoo.com/v8/finance/chart/000333.SZ?period1=1769731200&period2=1769904000&interval=1d&events=history&includeAdjustedClose=true,2026-01-30T07:00:00Z,5cc99ac275aaf6aa87199a305fda8e94798c78435408afdc2129f7bcd1b6dbed,否,DeepFinEval audit,observed_yahoo_forward_trading_day,"Cohort ranking outcome uses latest observed forward close across 12 symbols; cohort reference configs/universes_v1.json#CN_A_consumer_20251231. Symbols=600519,000858,000333,000651,603288,601888,002304,600887,000568,002714,300896,603369. Yahoo chart endpoint response for 2026-01-30 contains the public end-of-day close used for cohort_forward_close.",是,,,
A2T-CN_A-20251231-financial,A2,2025-12-31,2026-01-30T07:00:00Z,https://query1.finance.yahoo.com/v8/finance/chart/000001.SZ?period1=1769731200&period2=1769904000&interval=1d&events=history&includeAdjustedClose=true,2026-01-30T07:00:00Z,b00df252814a7f5030d41a476ea0dd12b9bb6b149e5017cef115d894a67075d8,否,DeepFinEval audit,observed_yahoo_forward_trading_day,"Cohort ranking outcome uses latest observed forward close across 12 symbols; cohort reference configs/universes_v1.json#CN_A_financial_20251231. Symbols=000001,600036,601398,601318,600030,300059,601939,601288,601166,600000,601988,601628. Yahoo chart endpoint response for 2026-01-30 contains the public end-of-day close used for cohort_forward_close.",是,,,
A2T-CN_A-20251231-pharma,A2,2025-12-31,2026-01-30T07:00:00Z,https://query1.finance.yahoo.com/v8/finance/chart/000661.SZ?period1=1769731200&period2=1769904000&interval=1d&events=history&includeAdjustedClose=true,2026-01-30T07:00:00Z,66961350359d28cdf891f485efbf9beecf0b9c26a90939e92b7f8fcaeda10226,否,DeepFinEval audit,observed_yahoo_forward_trading_day,"Cohort ranking outcome uses latest observed forward close across 12 symbols; cohort reference configs/universes_v1.json#CN_A_pharma_20251231. Symbols=600276,300760,603259,300122,300015,000661,600436,688235,300347,002821,600196,002007. Yahoo chart endpoint response for 2026-01-30 contains the public end-of-day close used for cohort_forward_close.",是,,,
A2T-CN_A-20251231-tech,A2,2025-12-31,2026-01-30T07:00:00Z,https://query1.finance.yahoo.com/v8/finance/chart/000725.SZ?period1=1769731200&period2=1769904000&interval=1d&events=history&includeAdjustedClose=true,2026-01-30T07:00:00Z,347916d9cda70f0d99cd348546ee68f11fc52129363cb9fed2cf842c466ceb08,否,DeepFinEval audit,observed_yahoo_forward_trading_day,"Cohort ranking outcome uses latest observed forward close across 12 symbols; cohort reference configs/universes_v1.json#CN_A_tech_20251231. Symbols=300750,002594,688981,603501,002415,000725,002230,300014,688012,002371,603986,601012. Yahoo chart endpoint response for 2026-01-30 contains the public end-of-day close used for cohort_forward_close.",是,,,
A2T-CN_A-20260130-consumer,A2,2026-01-30,2026-02-27T07:00:00Z,https://query1.finance.yahoo.com/v8/finance/chart/000333.SZ?period1=1772150400&period2=1772323200&interval=1d&events=history&includeAdjustedClose=true,2026-02-27T07:00:00Z,6e645f536ccb77c7ff74f57e92e280fb77d5d103c3c20c05fd5e0a27e1ce327d,否,DeepFinEval audit,observed_yahoo_forward_trading_day,"Cohort ranking outcome uses latest observed forward close across 12 symbols; cohort reference configs/universes_v1.json#CN_A_consumer_20260130. Symbols=600519,000858,000333,000651,603288,601888,002304,600887,000568,002714,300896,603369. Yahoo chart endpoint response for 2026-02-27 contains the public end-of-day close used for cohort_forward_close.",是,,,
A2T-CN_A-20260130-financial,A2,2026-01-30,2026-02-27T07:00:00Z,https://query1.finance.yahoo.com/v8/finance/chart/000001.SZ?period1=1772150400&period2=1772323200&interval=1d&events=history&includeAdjustedClose=true,2026-02-27T07:00:00Z,66e44bc2903101365788f3bc8defe35d106a6546ee8e1a837d67c21d6c32cb80,否,DeepFinEval audit,observed_yahoo_forward_trading_day,"Cohort ranking outcome uses latest observed forward close across 12 symbols; cohort reference configs/universes_v1.json#CN_A_financial_20260130. Symbols=000001,600036,601398,601318,600030,300059,601939,601288,601166,600000,601988,601628. Yahoo chart endpoint response for 2026-02-27 contains the public end-of-day close used for cohort_forward_close.",是,,,
A2T-CN_A-20260130-pharma,A2,2026-01-30,2026-02-27T07:00:00Z,https://query1.finance.yahoo.com/v8/finance/chart/000661.SZ?period1=1772150400&period2=1772323200&interval=1d&events=history&includeAdjustedClose=true,2026-02-27T07:00:00Z,10e6dfa0ab54e40e2cbc9b9e363bd4aeaac2c3f79607ed0b2e08e1928b1fe829,否,DeepFinEval audit,observed_yahoo_forward_trading_day,"Cohort ranking outcome uses latest observed forward close across 12 symbols; cohort reference configs/universes_v1.json#CN_A_pharma_20260130. Symbols=600276,300760,603259,300122,300015,000661,600436,688235,300347,002821,600196,002007. Yahoo chart endpoint response for 2026-02-27 contains the public end-of-day close used for cohort_forward_close.",是,,,
A2T-CN_A-20260130-tech,A2,2026-01-30,2026-02-27T07:00:00Z,https://query1.finance.yahoo.com/v8/finance/chart/000725.SZ?period1=1772150400&period2=1772323200&interval=1d&events=history&includeAdjustedClose=true,2026-02-27T07:00:00Z,69d0448a3071c88d2c07f3a156ed634ec749670e5bf4f3632e21754233f9b77c,否,DeepFinEval audit,observed_yahoo_forward_trading_day,"Cohort ranking outcome uses latest observed forward close across 12 symbols; cohort reference configs/universes_v1.json#CN_A_tech_20260130. Symbols=300750,002594,688981,603501,002415,000725,002230,300014,688012,002371,603986,601012. Yahoo chart endpoint response for 2026-02-27 contains the public end-of-day close used for cohort_forward_close.",是,,,
A2T-CN_A-20260331-consumer,A2,2026-03-31,2026-04-30T07:00:00Z,https://query1.finance.yahoo.com/v8/finance/chart/000333.SZ?period1=1777507200&period2=1777680000&interval=1d&events=history&includeAdjustedClose=true,2026-04-30T07:00:00Z,c58fda1ef34391a146746b6b9f2ee41ddae746ef986bf10d4055402fed383f28,否,DeepFinEval audit,observed_yahoo_forward_trading_day,"Cohort ranking outcome uses latest observed forward close across 12 symbols; cohort reference configs/universes_v1.json#CN_A_consumer_20260331. Symbols=600519,000858,000333,000651,603288,601888,002304,600887,000568,002714,300896,603369. Yahoo chart endpoint response for 2026-04-30 contains the public end-of-day close used for cohort_forward_close.",是,,,
A2T-CN_A-20260331-financial,A2,2026-03-31,2026-04-30T07:00:00Z,https://query1.finance.yahoo.com/v8/finance/chart/000001.SZ?period1=1777507200&period2=1777680000&interval=1d&events=history&includeAdjustedClose=true,2026-04-30T07:00:00Z,21e2793caa6a7f89ddf997b5020a5dc19ad7657d5449300cebd6d656a38493a6,否,DeepFinEval audit,observed_yahoo_forward_trading_day,"Cohort ranking outcome uses latest observed forward close across 12 symbols; cohort reference configs/universes_v1.json#CN_A_financial_20260331. Symbols=000001,600036,601398,601318,600030,300059,601939,601288,601166,600000,601988,601628. Yahoo chart endpoint response for 2026-04-30 contains the public end-of-day close used for cohort_forward_close.",是,,,
A2T-CN_A-20260331-pharma,A2,2026-03-31,2026-04-30T07:00:00Z,https://query1.finance.yahoo.com/v8/finance/chart/000661.SZ?period1=1777507200&period2=1777680000&interval=1d&events=history&includeAdjustedClose=true,2026-04-30T07:00:00Z,5b78774288c4b067fc1dc3345d7ae1713a84f1f06a0e6994990648e0af9dfd06,否,DeepFinEval audit,observed_yahoo_forward_trading_day,"Cohort ranking outcome uses latest observed forward close across 12 symbols; cohort reference configs/universes_v1.json#CN_A_pharma_20260331. Symbols=600276,300760,603259,300122,300015,000661,600436,688235,300347,002821,600196,002007. Yahoo chart endpoint response for 2026-04-30 contains the public end-of-day close used for cohort_forward_close.",是,,,
A2T-CN_A-20260331-tech,A2,2026-03-31,2026-04-30T07:00:00Z,https://query1.finance.yahoo.com/v8/finance/chart/000725.SZ?period1=1777507200&period2=1777680000&interval=1d&events=history&includeAdjustedClose=true,2026-04-30T07:00:00Z,c731e2257c59ea868f0c097eec0cf4ef9c8616f74345f1497817dfc500f59230,否,DeepFinEval audit,observed_yahoo_forward_trading_day,"Cohort ranking outcome uses latest observed forward close across 12 symbols; cohort reference configs/universes_v1.json#CN_A_tech_20260331. Symbols=300750,002594,688981,603501,002415,000725,002230,300014,688012,002371,603986,601012. Yahoo chart endpoint response for 2026-04-30 contains the public end-of-day close used for cohort_forward_close.",是,,,
A2T-CN_A-20260601-consumer,A2,2026-06-01,2026-07-01T07:00:00Z,https://query1.finance.yahoo.com/v8/finance/chart/000333.SZ?period1=1782864000&period2=1783036800&interval=1d&events=history&includeAdjustedClose=true,2026-07-01T07:00:00Z,9b471e4693e7eb114ec4980660dd905f42df012360f8302194d2487e7b62ebd1,否,DeepFinEval audit,observed_yahoo_forward_trading_day,"Cohort ranking outcome uses latest observed forward close across 12 symbols; cohort reference configs/universes_v1.json#CN_A_consumer_20260601. Symbols=600519,000858,000333,000651,603288,601888,002304,600887,000568,002714,300896,603369. Yahoo chart endpoint response for 2026-07-01 contains the public end-of-day close used for cohort_forward_close.",是,,,
A2T-CN_A-20260601-financial,A2,2026-06-01,2026-07-01T07:00:00Z,https://query1.finance.yahoo.com/v8/finance/chart/000001.SZ?period1=1782864000&period2=1783036800&interval=1d&events=history&includeAdjustedClose=true,2026-07-01T07:00:00Z,452bcfa8e6a418700fb1015af93b697036f31dbeba7b14dbe7a178797cc9e4de,否,DeepFinEval audit,observed_yahoo_forward_trading_day,"Cohort ranking outcome uses latest observed forward close across 12 symbols; cohort reference configs/universes_v1.json#CN_A_financial_20260601. Symbols=000001,600036,601398,601318,600030,300059,601939,601288,601166,600000,601988,601628. Yahoo chart endpoint response for 2026-07-01 contains the public end-of-day close used for cohort_forward_close.",是,,,
A2T-CN_A-20260601-pharma,A2,2026-06-01,2026-07-01T07:00:00Z,https://query1.finance.yahoo.com/v8/finance/chart/000661.SZ?period1=1782864000&period2=1783036800&interval=1d&events=history&includeAdjustedClose=true,2026-07-01T07:00:00Z,64f0df8ec69a969619f94039ba99ccb688c5ddab02cfa71171cb7c1b2eed8003,否,DeepFinEval audit,observed_yahoo_forward_trading_day,"Cohort ranking outcome uses latest observed forward close across 12 symbols; cohort reference configs/universes_v1.json#CN_A_pharma_20260601. Symbols=600276,300760,603259,300122,300015,000661,600436,688235,300347,002821,600196,002007. Yahoo chart endpoint response for 2026-07-01 contains the public end-of-day close used for cohort_forward_close.",是,,,
A2T-CN_A-20260601-tech,A2,2026-06-01,2026-07-01T07:00:00Z,https://query1.finance.yahoo.com/v8/finance/chart/000725.SZ?period1=1782864000&period2=1783036800&interval=1d&events=history&includeAdjustedClose=true,2026-07-01T07:00:00Z,0c06de2a81334eaee1cc06eb8bfd882b58302a843efcbb7430527e781a756528,否,DeepFinEval audit,observed_yahoo_forward_trading_day,"Cohort ranking outcome uses latest observed forward close across 12 symbols; cohort reference configs/universes_v1.json#CN_A_tech_20260601. Symbols=300750,002594,688981,603501,002415,000725,002230,300014,688012,002371,603986,601012. Yahoo chart endpoint response for 2026-07-01 contains the public end-of-day close used for cohort_forward_close.",是,,,
A2T-HK-20190628-hk_bluechip,A2,2019-06-28,2019-07-26T08:00:00Z,https://query1.finance.yahoo.com/v8/finance/chart/0005.HK?period1=1564099200&period2=1564272000&interval=1d&events=history&includeAdjustedClose=true,2019-07-26T08:00:00Z,d4bc0e660ede0f2730d0ea90d57f95910c98b687c3699da6ec97fc007cf12b1a,否,DeepFinEval audit,observed_yahoo_forward_trading_day,"Cohort ranking outcome uses latest observed forward close across 11 symbols; cohort reference configs/universes_v1.json#HK_hk_bluechip_20190628. Symbols=0700,0005,0941,1299,0388,0939,1398,2318,3690,1810,0883. Yahoo chart endpoint response for 2019-07-26 contains the public end-of-day close used for cohort_forward_close.",是,,,
A2T-HK-20191231-hk_bluechip,A2,2019-12-31,2020-01-30T08:00:00Z,https://query1.finance.yahoo.com/v8/finance/chart/0005.HK?period1=1580342400&period2=1580515200&interval=1d&events=history&includeAdjustedClose=true,2020-01-30T08:00:00Z,303d8a54df99cc5e68ab40e06ff4ebc441d86a54fab336a3b73d7e9cce02c6e8,否,DeepFinEval audit,observed_yahoo_forward_trading_day,"Cohort ranking outcome uses latest observed forward close across 6 symbols; cohort reference configs/universes_v1.json#HK_hk_bluechip_20191231. Symbols=0700,0005,9988,0941,1299,0388. Yahoo chart endpoint response for 2020-01-30 contains the public end-of-day close used for cohort_forward_close.",是,,,
A2T-HK-20200331-hk_bluechip,A2,2020-03-31,2020-04-29T08:00:00Z,https://query1.finance.yahoo.com/v8/finance/chart/0005.HK?period1=1588118400&period2=1588291200&interval=1d&events=history&includeAdjustedClose=true,2020-04-29T08:00:00Z,d6c00b670881b952aa5a8ed32c064742b660e48b0377c9865fb71197fa7913c3,否,DeepFinEval audit,observed_yahoo_forward_trading_day,"Cohort ranking outcome uses latest observed forward close across 12 symbols; cohort reference configs/universes_v1.json#HK_hk_bluechip_20200331. Symbols=0700,0005,9988,0941,1299,0388,0939,1398,2318,3690,1810,0883. Yahoo chart endpoint response for 2020-04-29 contains the public end-of-day close used for cohort_forward_close.",是,,,
A2T-HK-20200331-hk_tech,A2,2020-03-31,2020-04-29T08:00:00Z,https://query1.finance.yahoo.com/v8/finance/chart/0285.HK?period1=1588118400&period2=1588291200&interval=1d&events=history&includeAdjustedClose=true,2020-04-29T08:00:00Z,c0b835fd6653d9f3d1449832bcc392faf482538c36a3debe452190d26a5dfcb6,否,DeepFinEval audit,observed_yahoo_forward_trading_day,"Cohort ranking outcome uses latest observed forward close across 6 symbols; cohort reference configs/universes_v1.json#HK_hk_tech_20200331. Symbols=0700,9988,3690,1810,2382,0285. Yahoo chart endpoint response for 2020-04-29 contains the public end-of-day close used for cohort_forward_close.",是,,,
A2T-HK-20201231-hk_bluechip,A2,2020-12-31,2021-01-29T08:00:00Z,https://query1.finance.yahoo.com/v8/finance/chart/0005.HK?period1=1611878400&period2=1612051200&interval=1d&events=history&includeAdjustedClose=true,2021-01-29T08:00:00Z,3b27c1be17068133921f2c529d6a90bcfbb04005ec3c68fde5d672caab8a19ab,否,DeepFinEval audit,observed_yahoo_forward_trading_day,"Cohort ranking outcome uses latest observed forward close across 12 symbols; cohort reference configs/universes_v1.json#HK_hk_bluechip_20201231. Symbols=0700,0005,9988,0941,1299,0388,0939,1398,2318,3690,1810,0883. Yahoo chart endpoint response for 2021-01-29 contains the public end-of-day close used for cohort_forward_close.",是,,,
A2T-HK-20201231-hk_tech,A2,2020-12-31,2021-01-29T08:00:00Z,https://query1.finance.yahoo.com/v8/finance/chart/0285.HK?period1=1611878400&period2=1612051200&interval=1d&events=history&includeAdjustedClose=true,2021-01-29T08:00:00Z,3fe29bbc6ef46b4c4ba6c5119561c2ef67d96b18013106934593d47f5ec21d41,否,DeepFinEval audit,observed_yahoo_forward_trading_day,"Cohort ranking outcome uses latest observed forward close across 8 symbols; cohort reference configs/universes_v1.json#HK_hk_tech_20201231. Symbols=0700,9988,3690,1810,9618,9999,2382,0285. Yahoo chart endpoint response for 2021-01-29 contains the public end-of-day close used for cohort_forward_close.",是,,,
A2T-HK-20210630-hk_bluechip,A2,2021-06-30,2021-07-30T08:00:00Z,https://query1.finance.yahoo.com/v8/finance/chart/0005.HK?period1=1627603200&period2=1627776000&interval=1d&events=history&includeAdjustedClose=true,2021-07-30T08:00:00Z,c723e1dc758bdc7e9469ed76fdce0a7ae89092a0dfecb48691177bae86689f2b,否,DeepFinEval audit,observed_yahoo_forward_trading_day,"Cohort ranking outcome uses latest observed forward close across 12 symbols; cohort reference configs/universes_v1.json#HK_hk_bluechip_20210630. Symbols=0700,0005,9988,0941,1299,0388,0939,1398,2318,3690,1810,0883. Yahoo chart endpoint response for 2021-07-30 contains the public end-of-day close used for cohort_forward_close.",是,,,
A2T-HK-20210630-hk_tech,A2,2021-06-30,2021-07-30T08:00:00Z,https://query1.finance.yahoo.com/v8/finance/chart/0285.HK?period1=1627603200&period2=1627776000&interval=1d&events=history&includeAdjustedClose=true,2021-07-30T08:00:00Z,49cef6094336938aec314f82a1835e69ac8b36c69924aaa96bb904bd07b452f1,否,DeepFinEval audit,observed_yahoo_forward_trading_day,"Cohort ranking outcome uses latest observed forward close across 10 symbols; cohort reference configs/universes_v1.json#HK_hk_tech_20210630. Symbols=0700,9988,3690,1810,9888,9618,9999,1024,2382,0285. Yahoo chart endpoint response for 2021-07-30 contains the public end-of-day close used for cohort_forward_close.",是,,,
A2T-HK-20211231-hk_bluechip,A2,2021-12-31,2022-01-28T08:00:00Z,https://query1.finance.yahoo.com/v8/finance/chart/0005.HK?period1=1643328000&period2=1643500800&interval=1d&events=history&includeAdjustedClose=true,2022-01-28T08:00:00Z,2a98414a4fcaf1ad44b9167331d310263af1b9fb2207e3033c0c88ab0552d324,否,DeepFinEval audit,observed_yahoo_forward_trading_day,"Cohort ranking outcome uses latest observed forward close across 6 symbols; cohort reference configs/universes_v1.json#HK_hk_bluechip_20211231. Symbols=0700,0005,9988,0941,1299,0388. Yahoo chart endpoint response for 2022-01-28 contains the public end-of-day close used for cohort_forward_close.",是,,,
A2T-HK-20220331-hk_bluechip,A2,2022-03-31,2022-04-29T08:00:00Z,https://query1.finance.yahoo.com/v8/finance/chart/0005.HK?period1=1651190400&period2=1651363200&interval=1d&events=history&includeAdjustedClose=true,2022-04-29T08:00:00Z,a22e36c778dd8b513219dff8fb613eac0eadc0a5b16bdf5c63e8b2938415e6d5,否,DeepFinEval audit,observed_yahoo_forward_trading_day,"Cohort ranking outcome uses latest observed forward close across 12 symbols; cohort reference configs/universes_v1.json#HK_hk_bluechip_20220331. Symbols=0700,0005,9988,0941,1299,0388,0939,1398,2318,3690,1810,0883. Yahoo chart endpoint response for 2022-04-29 contains the public end-of-day close used for cohort_forward_close.",是,,,
A2T-HK-20220331-hk_tech,A2,2022-03-31,2022-04-29T08:00:00Z,https://query1.finance.yahoo.com/v8/finance/chart/0285.HK?period1=1651190400&period2=1651363200&interval=1d&events=history&includeAdjustedClose=true,2022-04-29T08:00:00Z,bd6ce148cc3eaa02dd45680ec9c7a755dc3f816a6ce41f81f70314668e14ca5b,否,DeepFinEval audit,observed_yahoo_forward_trading_day,"Cohort ranking outcome uses latest observed forward close across 11 symbols; cohort reference configs/universes_v1.json#HK_hk_tech_20220331. Symbols=0700,9988,3690,1810,9888,9618,9999,1024,2015,2382,0285. Yahoo chart endpoint response for 2022-04-29 contains the public end-of-day close used for cohort_forward_close.",是,,,
A2T-HK-20221230-hk_bluechip,A2,2022-12-30,2023-01-27T08:00:00Z,https://query1.finance.yahoo.com/v8/finance/chart/0005.HK?period1=1674777600&period2=1674950400&interval=1d&events=history&includeAdjustedClose=true,2023-01-27T08:00:00Z,72c3c3a62e2d539391ece2210110984fd033df3a38cbdd28329cd03a609f251e,否,DeepFinEval audit,observed_yahoo_forward_trading_day,"Cohort ranking outcome uses latest observed forward close across 12 symbols; cohort reference configs/universes_v1.json#HK_hk_bluechip_20221230. Symbols=0700,0005,9988,0941,1299,0388,0939,1398,2318,3690,1810,0883. Yahoo chart endpoint response for 2023-01-27 contains the public end-of-day close used for cohort_forward_close.",是,,,
A2T-HK-20221230-hk_tech,A2,2022-12-30,2023-01-27T08:00:00Z,https://query1.finance.yahoo.com/v8/finance/chart/0285.HK?period1=1674777600&period2=1674950400&interval=1d&events=history&includeAdjustedClose=true,2023-01-27T08:00:00Z,5c844d51494f40223bc4c086016174928ba2317bc48d680ed8af14928086357c,否,DeepFinEval audit,observed_yahoo_forward_trading_day,"Cohort ranking outcome uses latest observed forward close across 12 symbols; cohort reference configs/universes_v1.json#HK_hk_tech_20221230. Symbols=0700,9988,3690,1810,9888,9618,9999,1024,2015,9866,2382,0285. Yahoo chart endpoint response for 2023-01-27 contains the public end-of-day close used for cohort_forward_close.",是,,,
A2T-HK-20230331-hk_bluechip,A2,2023-03-31,2023-04-28T08:00:00Z,https://query1.finance.yahoo.com/v8/finance/chart/0005.HK?period1=1682640000&period2=1682812800&interval=1d&events=history&includeAdjustedClose=true,2023-04-28T08:00:00Z,8e2b663953bb78dc4dde9d3f62c19d22f116e8a6ad721f1c1ab1f45fa125472d,否,DeepFinEval audit,observed_yahoo_forward_trading_day,"Cohort ranking outcome uses latest observed forward close across 12 symbols; cohort reference configs/universes_v1.json#HK_hk_bluechip_20230331. Symbols=0700,0005,9988,0941,1299,0388,0939,1398,2318,3690,1810,0883. Yahoo chart endpoint response for 2023-04-28 contains the public end-of-day close used for cohort_forward_close.",是,,,
A2T-HK-20230331-hk_tech,A2,2023-03-31,2023-04-28T08:00:00Z,https://query1.finance.yahoo.com/v8/finance/chart/0285.HK?period1=1682640000&period2=1682812800&interval=1d&events=history&includeAdjustedClose=true,2023-04-28T08:00:00Z,3cd3e884b2c3534c77291be6d76f7535a9c31e1e3207d3bc91614d2688d1627c,否,DeepFinEval audit,observed_yahoo_forward_trading_day,"Cohort ranking outcome uses latest observed forward close across 12 symbols; cohort reference configs/universes_v1.json#HK_hk_tech_20230331. Symbols=0700,9988,3690,1810,9888,9618,9999,1024,2015,9866,2382,0285. Yahoo chart endpoint response for 2023-04-28 contains the public end-of-day close used for cohort_forward_close.",是,,,
A2T-HK-20230630-hk_bluechip,A2,2023-06-30,2023-07-28T08:00:00Z,https://query1.finance.yahoo.com/v8/finance/chart/0005.HK?period1=1690502400&period2=1690675200&interval=1d&events=history&includeAdjustedClose=true,2023-07-28T08:00:00Z,1e233fff6a8f241775dc135347fcf2ecdd53cb80993686902412fbf2a2f49b1f,否,DeepFinEval audit,observed_yahoo_forward_trading_day,"Cohort ranking outcome uses latest observed forward close across 12 symbols; cohort reference configs/universes_v1.json#HK_hk_bluechip_20230630. Symbols=0700,0005,9988,0941,1299,0388,0939,1398,2318,3690,1810,0883. Yahoo chart endpoint response for 2023-07-28 contains the public end-of-day close used for cohort_forward_close.",是,,,
A2T-HK-20230630-hk_tech,A2,2023-06-30,2023-07-28T08:00:00Z,https://query1.finance.yahoo.com/v8/finance/chart/0285.HK?period1=1690502400&period2=1690675200&interval=1d&events=history&includeAdjustedClose=true,2023-07-28T08:00:00Z,d17e42ebdce368c5112a0b25adb57d37ab42d15f8ce1f477c182ca76828147c4,否,DeepFinEval audit,observed_yahoo_forward_trading_day,"Cohort ranking outcome uses latest observed forward close across 12 symbols; cohort reference configs/universes_v1.json#HK_hk_tech_20230630. Symbols=0700,9988,3690,1810,9888,9618,9999,1024,2015,9866,2382,0285. Yahoo chart endpoint response for 2023-07-28 contains the public end-of-day close used for cohort_forward_close.",是,,,
A2T-HK-20230929-hk_bluechip,A2,2023-09-29,2023-10-27T08:00:00Z,https://query1.finance.yahoo.com/v8/finance/chart/0005.HK?period1=1698364800&period2=1698537600&interval=1d&events=history&includeAdjustedClose=true,2023-10-27T08:00:00Z,e366fe4b512661beecfdde47b5ac8b826d0c59c1b893f9c66f02212a39734164,否,DeepFinEval audit,observed_yahoo_forward_trading_day,"Cohort ranking outcome uses latest observed forward close across 12 symbols; cohort reference configs/universes_v1.json#HK_hk_bluechip_20230929. Symbols=0700,0005,9988,0941,1299,0388,0939,1398,2318,3690,1810,0883. Yahoo chart endpoint response for 2023-10-27 contains the public end-of-day close used for cohort_forward_close.",是,,,
A2T-HK-20230929-hk_tech,A2,2023-09-29,2023-10-27T08:00:00Z,https://query1.finance.yahoo.com/v8/finance/chart/0285.HK?period1=1698364800&period2=1698537600&interval=1d&events=history&includeAdjustedClose=true,2023-10-27T08:00:00Z,ec5b04ffd5b86610e87248e33a61b27b2e6a358a95b908f1fbbaaaf54da8a4c0,否,DeepFinEval audit,observed_yahoo_forward_trading_day,"Cohort ranking outcome uses latest observed forward close across 12 symbols; cohort reference configs/universes_v1.json#HK_hk_tech_20230929. Symbols=0700,9988,3690,1810,9888,9618,9999,1024,2015,9866,2382,0285. Yahoo chart endpoint response for 2023-10-27 contains the public end-of-day close used for cohort_forward_close.",是,,,
A2T-HK-20231229-hk_bluechip,A2,2023-12-29,2024-01-26T08:00:00Z,https://query1.finance.yahoo.com/v8/finance/chart/0005.HK?period1=1706227200&period2=1706400000&interval=1d&events=history&includeAdjustedClose=true,2024-01-26T08:00:00Z,44542fafbd3c82037f57c94831e999885a3ed1b7ece01b1509364d205ce65647,否,DeepFinEval audit,observed_yahoo_forward_trading_day,"Cohort ranking outcome uses latest observed forward close across 12 symbols; cohort reference configs/universes_v1.json#HK_hk_bluechip_20231229. Symbols=0700,0005,9988,0941,1299,0388,0939,1398,2318,3690,1810,0883. Yahoo chart endpoint response for 2024-01-26 contains the public end-of-day close used for cohort_forward_close.",是,,,
A2T-HK-20231229-hk_tech,A2,2023-12-29,2024-01-26T08:00:00Z,https://query1.finance.yahoo.com/v8/finance/chart/0285.HK?period1=1706227200&period2=1706400000&interval=1d&events=history&includeAdjustedClose=true,2024-01-26T08:00:00Z,f022e557cfb397275a57c5aa7c3d71e0972d9f9b68e1517b3a726f3868561e4c,否,DeepFinEval audit,observed_yahoo_forward_trading_day,"Cohort ranking outcome uses latest observed forward close across 12 symbols; cohort reference configs/universes_v1.json#HK_hk_tech_20231229. Symbols=0700,9988,3690,1810,9888,9618,9999,1024,2015,9866,2382,0285. Yahoo chart endpoint response for 2024-01-26 contains the public end-of-day close used for cohort_forward_close.",是,,,
A2T-HK-20240329-hk_bluechip,A2,2024-03-29,2024-04-26T08:00:00Z,https://query1.finance.yahoo.com/v8/finance/chart/0005.HK?period1=1714089600&period2=1714262400&interval=1d&events=history&includeAdjustedClose=true,2024-04-26T08:00:00Z,71fa693da18ec4c8a09f845ba994d55c17e81b10ffc262b18b690ebac2516d1a,否,DeepFinEval audit,observed_yahoo_forward_trading_day,"Cohort ranking outcome uses latest observed forward close across 12 symbols; cohort reference configs/universes_v1.json#HK_hk_bluechip_20240329. Symbols=0700,0005,9988,0941,1299,0388,0939,1398,2318,3690,1810,0883. Yahoo chart endpoint response for 2024-04-26 contains the public end-of-day close used for cohort_forward_close.",是,,,
A2T-HK-20240329-hk_tech,A2,2024-03-29,2024-04-26T08:00:00Z,https://query1.finance.yahoo.com/v8/finance/chart/0285.HK?period1=1714089600&period2=1714262400&interval=1d&events=history&includeAdjustedClose=true,2024-04-26T08:00:00Z,b21e615d5b7943d3e23d58c62855161cd19d6ace8ee3d3f080ecd4d516ba922a,否,DeepFinEval audit,observed_yahoo_forward_trading_day,"Cohort ranking outcome uses latest observed forward close across 12 symbols; cohort reference configs/universes_v1.json#HK_hk_tech_20240329. Symbols=0700,9988,3690,1810,9888,9618,9999,1024,2015,9866,2382,0285. Yahoo chart endpoint response for 2024-04-26 contains the public end-of-day close used for cohort_forward_close.",是,,,
A2T-HK-20241231-hk_bluechip,A2,2024-12-31,2025-01-28T08:00:00Z,https://query1.finance.yahoo.com/v8/finance/chart/0005.HK?period1=1738022400&period2=1738195200&interval=1d&events=history&includeAdjustedClose=true,2025-01-28T08:00:00Z,c446e6e7f7959b2dd07fe13c46a5fa43404617a2c99542123a0502004546c3fb,否,DeepFinEval audit,observed_yahoo_forward_trading_day,"Cohort ranking outcome uses latest observed forward close across 12 symbols; cohort reference configs/universes_v1.json#HK_hk_bluechip_20241231. Symbols=0700,0005,9988,0941,1299,0388,0939,1398,2318,3690,1810,0883. Yahoo chart endpoint response for 2025-01-28 contains the public end-of-day close used for cohort_forward_close.",是,,,
A2T-HK-20241231-hk_tech,A2,2024-12-31,2025-01-28T08:00:00Z,https://query1.finance.yahoo.com/v8/finance/chart/0285.HK?period1=1738022400&period2=1738195200&interval=1d&events=history&includeAdjustedClose=true,2025-01-28T08:00:00Z,ffef289bfe02e74131ad02b8028b786c7681044b895b43e27e3350b565f4e69e,否,DeepFinEval audit,observed_yahoo_forward_trading_day,"Cohort ranking outcome uses latest observed forward close across 12 symbols; cohort reference configs/universes_v1.json#HK_hk_tech_20241231. Symbols=0700,9988,3690,1810,9888,9618,9999,1024,2015,9866,2382,0285. Yahoo chart endpoint response for 2025-01-28 contains the public end-of-day close used for cohort_forward_close.",是,,,
A2T-HK-20250331-hk_bluechip,A2,2025-03-31,2025-04-30T08:00:00Z,https://query1.finance.yahoo.com/v8/finance/chart/0005.HK?period1=1745971200&period2=1746144000&interval=1d&events=history&includeAdjustedClose=true,2025-04-30T08:00:00Z,9bf91ac76851daef11b0ed33c8549e659b5c35001694e5f3576f4319feac3c74,否,DeepFinEval audit,observed_yahoo_forward_trading_day,"Cohort ranking outcome uses latest observed forward close across 12 symbols; cohort reference configs/universes_v1.json#HK_hk_bluechip_20250331. Symbols=0700,0005,9988,0941,1299,0388,0939,1398,2318,3690,1810,0883. Yahoo chart endpoint response for 2025-04-30 contains the public end-of-day close used for cohort_forward_close.",是,,,
A2T-HK-20250331-hk_tech,A2,2025-03-31,2025-04-30T08:00:00Z,https://query1.finance.yahoo.com/v8/finance/chart/0285.HK?period1=1745971200&period2=1746144000&interval=1d&events=history&includeAdjustedClose=true,2025-04-30T08:00:00Z,ea757df1e499bc16d2f94d1bb63101abd641656bd4bacbc003b181e9e1982a6b,否,DeepFinEval audit,observed_yahoo_forward_trading_day,"Cohort ranking outcome uses latest observed forward close across 12 symbols; cohort reference configs/universes_v1.json#HK_hk_tech_20250331. Symbols=0700,9988,3690,1810,9888,9618,9999,1024,2015,9866,2382,0285. Yahoo chart endpoint response for 2025-04-30 contains the public end-of-day close used for cohort_forward_close.",是,,,
A2T-HK-20250606-hk_bluechip,A2,2025-06-06,2025-07-04T08:00:00Z,https://query1.finance.yahoo.com/v8/finance/chart/0005.HK?period1=1751587200&period2=1751760000&interval=1d&events=history&includeAdjustedClose=true,2025-07-04T08:00:00Z,31cc281333757dec159cea937c2c812de2e41176d422e051e99d25a503aec86d,否,DeepFinEval audit,observed_yahoo_forward_trading_day,"Cohort ranking outcome uses latest observed forward close across 12 symbols; cohort reference configs/universes_v1.json#HK_hk_bluechip_20250606. Symbols=0700,0005,9988,0941,1299,0388,0939,1398,2318,3690,1810,0883. Yahoo chart endpoint response for 2025-07-04 contains the public end-of-day close used for cohort_forward_close.",是,,,
A2T-HK-20250606-hk_tech,A2,2025-06-06,2025-07-04T08:00:00Z,https://query1.finance.yahoo.com/v8/finance/chart/0285.HK?period1=1751587200&period2=1751760000&interval=1d&events=history&includeAdjustedClose=true,2025-07-04T08:00:00Z,51824dab7927e1b5d87f5b14ce825dc11de61eb3ff0bf09b574d7df94c2e6390,否,DeepFinEval audit,observed_yahoo_forward_trading_day,"Cohort ranking outcome uses latest observed forward close across 12 symbols; cohort reference configs/universes_v1.json#HK_hk_tech_20250606. Symbols=0700,9988,3690,1810,9888,9618,9999,1024,2015,9866,2382,0285. Yahoo chart endpoint response for 2025-07-04 contains the public end-of-day close used for cohort_forward_close.",是,,,
A2T-HK-20250930-hk_bluechip,A2,2025-09-30,2025-10-30T08:00:00Z,https://query1.finance.yahoo.com/v8/finance/chart/0005.HK?period1=1761782400&period2=1761955200&interval=1d&events=history&includeAdjustedClose=true,2025-10-30T08:00:00Z,e38b2db0078e3b3db3d398bf9ec32557fd1d5b4486ac5ed70645e3d95adb61ee,否,DeepFinEval audit,observed_yahoo_forward_trading_day,"Cohort ranking outcome uses latest observed forward close across 12 symbols; cohort reference configs/universes_v1.json#HK_hk_bluechip_20250930. Symbols=0700,0005,9988,0941,1299,0388,0939,1398,2318,3690,1810,0883. Yahoo chart endpoint response for 2025-10-30 contains the public end-of-day close used for cohort_forward_close.",是,,,
A2T-HK-20250930-hk_tech,A2,2025-09-30,2025-10-30T08:00:00Z,https://query1.finance.yahoo.com/v8/finance/chart/0285.HK?period1=1761782400&period2=1761955200&interval=1d&events=history&includeAdjustedClose=true,2025-10-30T08:00:00Z,9e15103b5bcb9f4ce66aa2017c1122ecbadac88cadb68a3afaec251211b0de3f,否,DeepFinEval audit,observed_yahoo_forward_trading_day,"Cohort ranking outcome uses latest observed forward close across 12 symbols; cohort reference configs/universes_v1.json#HK_hk_tech_20250930. Symbols=0700,9988,3690,1810,9888,9618,9999,1024,2015,9866,2382,0285. Yahoo chart endpoint response for 2025-10-30 contains the public end-of-day close used for cohort_forward_close.",是,,,
A2T-HK-20251231-hk_bluechip,A2,2025-12-31,2026-01-30T08:00:00Z,https://query1.finance.yahoo.com/v8/finance/chart/0005.HK?period1=1769731200&period2=1769904000&interval=1d&events=history&includeAdjustedClose=true,2026-01-30T08:00:00Z,e887fb917372503ac4de1a4746ca93a63804ee89bf3b3a6a2162c66495d55fe9,否,DeepFinEval audit,observed_yahoo_forward_trading_day,"Cohort ranking outcome uses latest observed forward close across 12 symbols; cohort reference configs/universes_v1.json#HK_hk_bluechip_20251231. Symbols=0700,0005,9988,0941,1299,0388,0939,1398,2318,3690,1810,0883. Yahoo chart endpoint response for 2026-01-30 contains the public end-of-day close used for cohort_forward_close.",是,,,
A2T-HK-20251231-hk_tech,A2,2025-12-31,2026-01-30T08:00:00Z,https://query1.finance.yahoo.com/v8/finance/chart/0285.HK?period1=1769731200&period2=1769904000&interval=1d&events=history&includeAdjustedClose=true,2026-01-30T08:00:00Z,7ad47dba3a562955af7c6b70333399cfcd76a3a41cb29e1aed0c8f35a5cc7863,否,DeepFinEval audit,observed_yahoo_forward_trading_day,"Cohort ranking outcome uses latest observed forward close across 12 symbols; cohort reference configs/universes_v1.json#HK_hk_tech_20251231. Symbols=0700,9988,3690,1810,9888,9618,9999,1024,2015,9866,2382,0285. Yahoo chart endpoint response for 2026-01-30 contains the public end-of-day close used for cohort_forward_close.",是,,,
A2T-HK-20260130-hk_bluechip,A2,2026-01-30,2026-02-27T08:00:00Z,https://query1.finance.yahoo.com/v8/finance/chart/0005.HK?period1=1772150400&period2=1772323200&interval=1d&events=history&includeAdjustedClose=true,2026-02-27T08:00:00Z,853948827c4c5aee04ee2ebecb1dbfb16cb0a3a0c0a20743adb8d763a94e99a2,否,DeepFinEval audit,observed_yahoo_forward_trading_day,"Cohort ranking outcome uses latest observed forward close across 12 symbols; cohort reference configs/universes_v1.json#HK_hk_bluechip_20260130. Symbols=0700,0005,9988,0941,1299,0388,0939,1398,2318,3690,1810,0883. Yahoo chart endpoint response for 2026-02-27 contains the public end-of-day close used for cohort_forward_close.",是,,,
A2T-HK-20260130-hk_tech,A2,2026-01-30,2026-02-27T08:00:00Z,https://query1.finance.yahoo.com/v8/finance/chart/0285.HK?period1=1772150400&period2=1772323200&interval=1d&events=history&includeAdjustedClose=true,2026-02-27T08:00:00Z,f632fbdaf1f265e82de41bf092f5e46f804418343ff76a3bfe1484776b18f0aa,否,DeepFinEval audit,observed_yahoo_forward_trading_day,"Cohort ranking outcome uses latest observed forward close across 12 symbols; cohort reference configs/universes_v1.json#HK_hk_tech_20260130. Symbols=0700,9988,3690,1810,9888,9618,9999,1024,2015,9866,2382,0285. Yahoo chart endpoint response for 2026-02-27 contains the public end-of-day close used for cohort_forward_close.",是,,,
A2T-HK-20260331-hk_bluechip,A2,2026-03-31,2026-04-30T08:00:00Z,https://query1.finance.yahoo.com/v8/finance/chart/0005.HK?period1=1777507200&period2=1777680000&interval=1d&events=history&includeAdjustedClose=true,2026-04-30T08:00:00Z,7858dd6544fb79b7a6654d703eef786cab335d4b0ee55713ec7f4ee0368a4d4e,否,DeepFinEval audit,observed_yahoo_forward_trading_day,"Cohort ranking outcome uses latest observed forward close across 12 symbols; cohort reference configs/universes_v1.json#HK_hk_bluechip_20260331. Symbols=0700,0005,9988,0941,1299,0388,0939,1398,2318,3690,1810,0883. Yahoo chart endpoint response for 2026-04-30 contains the public end-of-day close used for cohort_forward_close.",是,,,
A2T-HK-20260331-hk_tech,A2,2026-03-31,2026-04-30T08:00:00Z,https://query1.finance.yahoo.com/v8/finance/chart/0285.HK?period1=1777507200&period2=1777680000&interval=1d&events=history&includeAdjustedClose=true,2026-04-30T08:00:00Z,8e7ae75d2bbf56df376354443aedb42a3931959aac2fa45360486300fbc044b9,否,DeepFinEval audit,observed_yahoo_forward_trading_day,"Cohort ranking outcome uses latest observed forward close across 12 symbols; cohort reference configs/universes_v1.json#HK_hk_tech_20260331. Symbols=0700,9988,3690,1810,9888,9618,9999,1024,2015,9866,2382,0285. Yahoo chart endpoint response for 2026-04-30 contains the public end-of-day close used for cohort_forward_close.",是,,,
A2T-HK-20260601-hk_bluechip,A2,2026-06-01,2026-06-30T08:00:00Z,https://query1.finance.yahoo.com/v8/finance/chart/0005.HK?period1=1782777600&period2=1782950400&interval=1d&events=history&includeAdjustedClose=true,2026-06-30T08:00:00Z,8e34b80c1cbbd32514937b95aaebfcc3a58cab209815ab578c9ccf33b473ba02,否,DeepFinEval audit,observed_yahoo_forward_trading_day,"Cohort ranking outcome uses latest observed forward close across 12 symbols; cohort reference configs/universes_v1.json#HK_hk_bluechip_20260601. Symbols=0700,0005,9988,0941,1299,0388,0939,1398,2318,3690,1810,0883. Yahoo chart endpoint response for 2026-06-30 contains the public end-of-day close used for cohort_forward_close.",是,,,
A2T-HK-20260601-hk_tech,A2,2026-06-01,2026-06-30T08:00:00Z,https://query1.finance.yahoo.com/v8/finance/chart/0285.HK?period1=1782777600&period2=1782950400&interval=1d&events=history&includeAdjustedClose=true,2026-06-30T08:00:00Z,988e0c5d3e1b47d3f15670ce1e029e31f9df296e6f07177ffca8572b1d58cf9a,否,DeepFinEval audit,observed_yahoo_forward_trading_day,"Cohort ranking outcome uses latest observed forward close across 12 symbols; cohort reference configs/universes_v1.json#HK_hk_tech_20260601. Symbols=0700,9988,3690,1810,9888,9618,9999,1024,2015,9866,2382,0285. Yahoo chart endpoint response for 2026-06-30 contains the public end-of-day close used for cohort_forward_close.",是,,,
A2T-US-20190628-us_mega,A2,2019-06-28,2019-07-26T20:00:00Z,https://query1.finance.yahoo.com/v8/finance/chart/AAPL?period1=1564099200&period2=1564272000&interval=1d&events=history&includeAdjustedClose=true,2019-07-26T20:00:00Z,fbad524d36dbf337b38a32a010e0519e2bb3b77cf2dc3b20ef91b302273d787e,否,DeepFinEval audit,observed_yahoo_forward_trading_day,"Cohort ranking outcome uses latest observed forward close across 12 symbols; cohort reference configs/universes_v1.json#US_us_mega_20190628. Symbols=AAPL,MSFT,GOOGL,AMZN,JPM,JNJ,META,NVDA,V,MA,WMT,PG. Yahoo chart endpoint response for 2019-07-26 contains the public end-of-day close used for cohort_forward_close.",是,,,
A2T-US-20190628-us_tech,A2,2019-06-28,2019-07-26T20:00:00Z,https://query1.finance.yahoo.com/v8/finance/chart/ADBE?period1=1564099200&period2=1564272000&interval=1d&events=history&includeAdjustedClose=true,2019-07-26T20:00:00Z,d4eb38d3dd30d8c0b261aebf03c11813e2fbf6db3fb5e5c91d643bf7fda12b69,否,DeepFinEval audit,observed_yahoo_forward_trading_day,"Cohort ranking outcome uses latest observed forward close across 12 symbols; cohort reference configs/universes_v1.json#US_us_tech_20190628. Symbols=NVDA,AMD,AVGO,CRM,ORCL,ADBE,INTC,QCOM,NFLX,CSCO,IBM,TXN. Yahoo chart endpoint response for 2019-07-26 contains the public end-of-day close used for cohort_forward_close.",是,,,
A2T-US-20191231-us_mega,A2,2019-12-31,2020-01-30T21:00:00Z,https://query1.finance.yahoo.com/v8/finance/chart/AAPL?period1=1580342400&period2=1580515200&interval=1d&events=history&includeAdjustedClose=true,2020-01-30T21:00:00Z,53b1831ea9e4a604e66357416cb6511baf4252e4d589c5ccc07733fc7a928a8e,否,DeepFinEval audit,observed_yahoo_forward_trading_day,"Cohort ranking outcome uses latest observed forward close across 6 symbols; cohort reference configs/universes_v1.json#US_us_mega_20191231. Symbols=AAPL,MSFT,GOOGL,AMZN,JPM,JNJ. Yahoo chart endpoint response for 2020-01-30 contains the public end-of-day close used for cohort_forward_close.",是,,,
A2T-US-20200331-us_mega,A2,2020-03-31,2020-04-30T20:00:00Z,https://query1.finance.yahoo.com/v8/finance/chart/AAPL?period1=1588204800&period2=1588377600&interval=1d&events=history&includeAdjustedClose=true,2020-04-30T20:00:00Z,629521a03f857529b9567aad21972bd4312969f1162a66a16a589189880fa96c,否,DeepFinEval audit,observed_yahoo_forward_trading_day,"Cohort ranking outcome uses latest observed forward close across 12 symbols; cohort reference configs/universes_v1.json#US_us_mega_20200331. Symbols=AAPL,MSFT,GOOGL,AMZN,JPM,JNJ,META,NVDA,V,MA,WMT,PG. Yahoo chart endpoint response for 2020-04-30 contains the public end-of-day close used for cohort_forward_close.",是,,,
A2T-US-20200331-us_tech,A2,2020-03-31,2020-04-30T20:00:00Z,https://query1.finance.yahoo.com/v8/finance/chart/ADBE?period1=1588204800&period2=1588377600&interval=1d&events=history&includeAdjustedClose=true,2020-04-30T20:00:00Z,9b1c481326fef4031993e30e2a0a72b41adecb3d64804326fb7982468a346291,否,DeepFinEval audit,observed_yahoo_forward_trading_day,"Cohort ranking outcome uses latest observed forward close across 12 symbols; cohort reference configs/universes_v1.json#US_us_tech_20200331. Symbols=NVDA,AMD,AVGO,CRM,ORCL,ADBE,INTC,QCOM,NFLX,CSCO,IBM,TXN. Yahoo chart endpoint response for 2020-04-30 contains the public end-of-day close used for cohort_forward_close.",是,,,
A2T-US-20201231-us_mega,A2,2020-12-31,2021-01-29T21:00:00Z,https://query1.finance.yahoo.com/v8/finance/chart/AAPL?period1=1611878400&period2=1612051200&interval=1d&events=history&includeAdjustedClose=true,2021-01-29T21:00:00Z,33fe299fe417bbbc583cb3ba84d325793830afdbe3ecc49e3dc8db22138c4584,否,DeepFinEval audit,observed_yahoo_forward_trading_day,"Cohort ranking outcome uses latest observed forward close across 12 symbols; cohort reference configs/universes_v1.json#US_us_mega_20201231. Symbols=AAPL,MSFT,GOOGL,AMZN,JPM,JNJ,META,NVDA,V,MA,WMT,PG. Yahoo chart endpoint response for 2021-01-29 contains the public end-of-day close used for cohort_forward_close.",是,,,
A2T-US-20201231-us_tech,A2,2020-12-31,2021-01-29T21:00:00Z,https://query1.finance.yahoo.com/v8/finance/chart/ADBE?period1=1611878400&period2=1612051200&interval=1d&events=history&includeAdjustedClose=true,2021-01-29T21:00:00Z,be9a390656fef519f536b27c9aa7914fd3d18f72b4d934ac2900fe8efa0976cb,否,DeepFinEval audit,observed_yahoo_forward_trading_day,"Cohort ranking outcome uses latest observed forward close across 12 symbols; cohort reference configs/universes_v1.json#US_us_tech_20201231. Symbols=NVDA,AMD,AVGO,CRM,ORCL,ADBE,INTC,QCOM,NFLX,CSCO,IBM,TXN. Yahoo chart endpoint response for 2021-01-29 contains the public end-of-day close used for cohort_forward_close.",是,,,
A2T-US-20210630-us_mega,A2,2021-06-30,2021-07-30T20:00:00Z,https://query1.finance.yahoo.com/v8/finance/chart/AAPL?period1=1627603200&period2=1627776000&interval=1d&events=history&includeAdjustedClose=true,2021-07-30T20:00:00Z,267664fe259dc645ec87df58b112f28235f8221d05e4cd65e8b6f22c15d0bad2,否,DeepFinEval audit,observed_yahoo_forward_trading_day,"Cohort ranking outcome uses latest observed forward close across 12 symbols; cohort reference configs/universes_v1.json#US_us_mega_20210630. Symbols=AAPL,MSFT,GOOGL,AMZN,JPM,JNJ,META,NVDA,V,MA,WMT,PG. Yahoo chart endpoint response for 2021-07-30 contains the public end-of-day close used for cohort_forward_close.",是,,,
A2T-US-20210630-us_tech,A2,2021-06-30,2021-07-30T20:00:00Z,https://query1.finance.yahoo.com/v8/finance/chart/ADBE?period1=1627603200&period2=1627776000&interval=1d&events=history&includeAdjustedClose=true,2021-07-30T20:00:00Z,08661a9af95a776b8465a4e2c68afc5cacf390da6906250f63a6ccc5efc36130,否,DeepFinEval audit,observed_yahoo_forward_trading_day,"Cohort ranking outcome uses latest observed forward close across 12 symbols; cohort reference configs/universes_v1.json#US_us_tech_20210630. Symbols=NVDA,AMD,AVGO,CRM,ORCL,ADBE,INTC,QCOM,NFLX,CSCO,IBM,TXN. Yahoo chart endpoint response for 2021-07-30 contains the public end-of-day close used for cohort_forward_close.",是,,,
A2T-US-20211231-us_mega,A2,2021-12-31,2022-01-28T21:00:00Z,https://query1.finance.yahoo.com/v8/finance/chart/AAPL?period1=1643328000&period2=1643500800&interval=1d&events=history&includeAdjustedClose=true,2022-01-28T21:00:00Z,e3339a6374774b512a19e5dfb40be1f9b4b3d2a0e64f4d1fe42160c1159af019,否,DeepFinEval audit,observed_yahoo_forward_trading_day,"Cohort ranking outcome uses latest observed forward close across 6 symbols; cohort reference configs/universes_v1.json#US_us_mega_20211231. Symbols=AAPL,MSFT,GOOGL,AMZN,JPM,JNJ. Yahoo chart endpoint response for 2022-01-28 contains the public end-of-day close used for cohort_forward_close.",是,,,
A2T-US-20220331-us_mega,A2,2022-03-31,2022-04-29T20:00:00Z,https://query1.finance.yahoo.com/v8/finance/chart/AAPL?period1=1651190400&period2=1651363200&interval=1d&events=history&includeAdjustedClose=true,2022-04-29T20:00:00Z,4d119346ad5619b72637cfb77d96947b77d886a8fb28c5caa83e7aa3c139767f,否,DeepFinEval audit,observed_yahoo_forward_trading_day,"Cohort ranking outcome uses latest observed forward close across 12 symbols; cohort reference configs/universes_v1.json#US_us_mega_20220331. Symbols=AAPL,MSFT,GOOGL,AMZN,JPM,JNJ,META,NVDA,V,MA,WMT,PG. Yahoo chart endpoint response for 2022-04-29 contains the public end-of-day close used for cohort_forward_close.",是,,,
A2T-US-20220331-us_tech,A2,2022-03-31,2022-04-29T20:00:00Z,https://query1.finance.yahoo.com/v8/finance/chart/ADBE?period1=1651190400&period2=1651363200&interval=1d&events=history&includeAdjustedClose=true,2022-04-29T20:00:00Z,287b6a82d5a8fdb8569150263c22700ca18748f8f2d1356911dc359fadda0448,否,DeepFinEval audit,observed_yahoo_forward_trading_day,"Cohort ranking outcome uses latest observed forward close across 12 symbols; cohort reference configs/universes_v1.json#US_us_tech_20220331. Symbols=NVDA,AMD,AVGO,CRM,ORCL,ADBE,INTC,QCOM,NFLX,CSCO,IBM,TXN. Yahoo chart endpoint response for 2022-04-29 contains the public end-of-day close used for cohort_forward_close.",是,,,
A2T-US-20221230-us_mega,A2,2022-12-30,2023-01-27T21:00:00Z,https://query1.finance.yahoo.com/v8/finance/chart/AAPL?period1=1674777600&period2=1674950400&interval=1d&events=history&includeAdjustedClose=true,2023-01-27T21:00:00Z,a616f3c5f2e7c8451bd12548355e8769c1f41eeb0ed0021094bffad46ee93466,否,DeepFinEval audit,observed_yahoo_forward_trading_day,"Cohort ranking outcome uses latest observed forward close across 12 symbols; cohort reference configs/universes_v1.json#US_us_mega_20221230. Symbols=AAPL,MSFT,GOOGL,AMZN,JPM,JNJ,META,NVDA,V,MA,WMT,PG. Yahoo chart endpoint response for 2023-01-27 contains the public end-of-day close used for cohort_forward_close.",是,,,
A2T-US-20221230-us_tech,A2,2022-12-30,2023-01-27T21:00:00Z,https://query1.finance.yahoo.com/v8/finance/chart/ADBE?period1=1674777600&period2=1674950400&interval=1d&events=history&includeAdjustedClose=true,2023-01-27T21:00:00Z,a14dcd783515e9ac6a9b663cabc0658de0920f760333512f28f7f6293b09225c,否,DeepFinEval audit,observed_yahoo_forward_trading_day,"Cohort ranking outcome uses latest observed forward close across 12 symbols; cohort reference configs/universes_v1.json#US_us_tech_20221230. Symbols=NVDA,AMD,AVGO,CRM,ORCL,ADBE,INTC,QCOM,NFLX,CSCO,IBM,TXN. Yahoo chart endpoint response for 2023-01-27 contains the public end-of-day close used for cohort_forward_close.",是,,,
A2T-US-20230331-us_mega,A2,2023-03-31,2023-04-28T20:00:00Z,https://query1.finance.yahoo.com/v8/finance/chart/AAPL?period1=1682640000&period2=1682812800&interval=1d&events=history&includeAdjustedClose=true,2023-04-28T20:00:00Z,976a89072b37e938d2d3664b3f52309eb846911adf870996863ee7f3729cdeee,否,DeepFinEval audit,observed_yahoo_forward_trading_day,"Cohort ranking outcome uses latest observed forward close across 12 symbols; cohort reference configs/universes_v1.json#US_us_mega_20230331. Symbols=AAPL,MSFT,GOOGL,AMZN,JPM,JNJ,META,NVDA,V,MA,WMT,PG. Yahoo chart endpoint response for 2023-04-28 contains the public end-of-day close used for cohort_forward_close.",是,,,
A2T-US-20230331-us_tech,A2,2023-03-31,2023-04-28T20:00:00Z,https://query1.finance.yahoo.com/v8/finance/chart/ADBE?period1=1682640000&period2=1682812800&interval=1d&events=history&includeAdjustedClose=true,2023-04-28T20:00:00Z,a33827fd11c71daa6e13d753e0b6e22bf9aa4ad8d9d91247ff9d01bd09793ac4,否,DeepFinEval audit,observed_yahoo_forward_trading_day,"Cohort ranking outcome uses latest observed forward close across 12 symbols; cohort reference configs/universes_v1.json#US_us_tech_20230331. Symbols=NVDA,AMD,AVGO,CRM,ORCL,ADBE,INTC,QCOM,NFLX,CSCO,IBM,TXN. Yahoo chart endpoint response for 2023-04-28 contains the public end-of-day close used for cohort_forward_close.",是,,,
A2T-US-20230630-us_mega,A2,2023-06-30,2023-07-28T20:00:00Z,https://query1.finance.yahoo.com/v8/finance/chart/AAPL?period1=1690502400&period2=1690675200&interval=1d&events=history&includeAdjustedClose=true,2023-07-28T20:00:00Z,65eb20c25dc352a0961752aee6690d82cbb9663e8b2fa6714b68650baa46a3a3,否,DeepFinEval audit,observed_yahoo_forward_trading_day,"Cohort ranking outcome uses latest observed forward close across 12 symbols; cohort reference configs/universes_v1.json#US_us_mega_20230630. Symbols=AAPL,MSFT,GOOGL,AMZN,JPM,JNJ,META,NVDA,V,MA,WMT,PG. Yahoo chart endpoint response for 2023-07-28 contains the public end-of-day close used for cohort_forward_close.",是,,,
A2T-US-20230630-us_tech,A2,2023-06-30,2023-07-28T20:00:00Z,https://query1.finance.yahoo.com/v8/finance/chart/ADBE?period1=1690502400&period2=1690675200&interval=1d&events=history&includeAdjustedClose=true,2023-07-28T20:00:00Z,824f039a019af8719ad13c6f1585b673e61f7bcb83a973dc84b1be5a1c10b371,否,DeepFinEval audit,observed_yahoo_forward_trading_day,"Cohort ranking outcome uses latest observed forward close across 12 symbols; cohort reference configs/universes_v1.json#US_us_tech_20230630. Symbols=NVDA,AMD,AVGO,CRM,ORCL,ADBE,INTC,QCOM,NFLX,CSCO,IBM,TXN. Yahoo chart endpoint response for 2023-07-28 contains the public end-of-day close used for cohort_forward_close.",是,,,
A2T-US-20230929-us_mega,A2,2023-09-29,2023-10-27T20:00:00Z,https://query1.finance.yahoo.com/v8/finance/chart/AAPL?period1=1698364800&period2=1698537600&interval=1d&events=history&includeAdjustedClose=true,2023-10-27T20:00:00Z,0964d56991e8c8a51cd7d1ec6d82c5b709a2f4bf85a6260de2ae9a422e45976c,否,DeepFinEval audit,observed_yahoo_forward_trading_day,"Cohort ranking outcome uses latest observed forward close across 12 symbols; cohort reference configs/universes_v1.json#US_us_mega_20230929. Symbols=AAPL,MSFT,GOOGL,AMZN,JPM,JNJ,META,NVDA,V,MA,WMT,PG. Yahoo chart endpoint response for 2023-10-27 contains the public end-of-day close used for cohort_forward_close.",是,,,
A2T-US-20230929-us_tech,A2,2023-09-29,2023-10-27T20:00:00Z,https://query1.finance.yahoo.com/v8/finance/chart/ADBE?period1=1698364800&period2=1698537600&interval=1d&events=history&includeAdjustedClose=true,2023-10-27T20:00:00Z,449dc5b676491603fc6c440dfe486513e9e3a60b6f7f583ddead35b810fc2a14,否,DeepFinEval audit,observed_yahoo_forward_trading_day,"Cohort ranking outcome uses latest observed forward close across 12 symbols; cohort reference configs/universes_v1.json#US_us_tech_20230929. Symbols=NVDA,AMD,AVGO,CRM,ORCL,ADBE,INTC,QCOM,NFLX,CSCO,IBM,TXN. Yahoo chart endpoint response for 2023-10-27 contains the public end-of-day close used for cohort_forward_close.",是,,,
A2T-US-20231229-us_mega,A2,2023-12-29,2024-01-26T21:00:00Z,https://query1.finance.yahoo.com/v8/finance/chart/AAPL?period1=1706227200&period2=1706400000&interval=1d&events=history&includeAdjustedClose=true,2024-01-26T21:00:00Z,d9ccc5306f42958a729a4814f0ea1a6767bdcafa2201cfd68adac4ee3ca38817,否,DeepFinEval audit,observed_yahoo_forward_trading_day,"Cohort ranking outcome uses latest observed forward close across 12 symbols; cohort reference configs/universes_v1.json#US_us_mega_20231229. Symbols=AAPL,MSFT,GOOGL,AMZN,JPM,JNJ,META,NVDA,V,MA,WMT,PG. Yahoo chart endpoint response for 2024-01-26 contains the public end-of-day close used for cohort_forward_close.",是,,,
A2T-US-20231229-us_tech,A2,2023-12-29,2024-01-26T21:00:00Z,https://query1.finance.yahoo.com/v8/finance/chart/ADBE?period1=1706227200&period2=1706400000&interval=1d&events=history&includeAdjustedClose=true,2024-01-26T21:00:00Z,597c50aa4f02d70e88f91e2964e37c814068a016f7d3d55ac74bfd3c5bc68656,否,DeepFinEval audit,observed_yahoo_forward_trading_day,"Cohort ranking outcome uses latest observed forward close across 12 symbols; cohort reference configs/universes_v1.json#US_us_tech_20231229. Symbols=NVDA,AMD,AVGO,CRM,ORCL,ADBE,INTC,QCOM,NFLX,CSCO,IBM,TXN. Yahoo chart endpoint response for 2024-01-26 contains the public end-of-day close used for cohort_forward_close.",是,,,
A2T-US-20240329-us_mega,A2,2024-03-29,2024-04-26T20:00:00Z,https://query1.finance.yahoo.com/v8/finance/chart/AAPL?period1=1714089600&period2=1714262400&interval=1d&events=history&includeAdjustedClose=true,2024-04-26T20:00:00Z,ce619bd88286f9fa50735347acc6f0111bf1d16e339c43c505e576b441336bc0,否,DeepFinEval audit,observed_yahoo_forward_trading_day,"Cohort ranking outcome uses latest observed forward close across 12 symbols; cohort reference configs/universes_v1.json#US_us_mega_20240329. Symbols=AAPL,MSFT,GOOGL,AMZN,JPM,JNJ,META,NVDA,V,MA,WMT,PG. Yahoo chart endpoint response for 2024-04-26 contains the public end-of-day close used for cohort_forward_close.",是,,,
A2T-US-20240329-us_tech,A2,2024-03-29,2024-04-26T20:00:00Z,https://query1.finance.yahoo.com/v8/finance/chart/ADBE?period1=1714089600&period2=1714262400&interval=1d&events=history&includeAdjustedClose=true,2024-04-26T20:00:00Z,4d45965108f23cb2199d29e0186404e4d3b9850431d5efb52994eb8ab28ccb3c,否,DeepFinEval audit,observed_yahoo_forward_trading_day,"Cohort ranking outcome uses latest observed forward close across 12 symbols; cohort reference configs/universes_v1.json#US_us_tech_20240329. Symbols=NVDA,AMD,AVGO,CRM,ORCL,ADBE,INTC,QCOM,NFLX,CSCO,IBM,TXN. Yahoo chart endpoint response for 2024-04-26 contains the public end-of-day close used for cohort_forward_close.",是,,,
A2T-US-20241231-us_mega,A2,2024-12-31,2025-01-30T21:00:00Z,https://query1.finance.yahoo.com/v8/finance/chart/AAPL?period1=1738195200&period2=1738368000&interval=1d&events=history&includeAdjustedClose=true,2025-01-30T21:00:00Z,3810396aa70a9efa3264acb8eda3f57e5711a94d210ac63df50d0082b435bb92,否,DeepFinEval audit,observed_yahoo_forward_trading_day,"Cohort ranking outcome uses latest observed forward close across 12 symbols; cohort reference configs/universes_v1.json#US_us_mega_20241231. Symbols=AAPL,MSFT,GOOGL,AMZN,JPM,JNJ,META,NVDA,V,MA,WMT,PG. Yahoo chart endpoint response for 2025-01-30 contains the public end-of-day close used for cohort_forward_close.",是,,,
A2T-US-20241231-us_tech,A2,2024-12-31,2025-01-30T21:00:00Z,https://query1.finance.yahoo.com/v8/finance/chart/ADBE?period1=1738195200&period2=1738368000&interval=1d&events=history&includeAdjustedClose=true,2025-01-30T21:00:00Z,4aabb6166e730f1c4424e5c5042062617524cb68b8145ac981870df8eac3966d,否,DeepFinEval audit,observed_yahoo_forward_trading_day,"Cohort ranking outcome uses latest observed forward close across 12 symbols; cohort reference configs/universes_v1.json#US_us_tech_20241231. Symbols=NVDA,AMD,AVGO,CRM,ORCL,ADBE,INTC,QCOM,NFLX,CSCO,IBM,TXN. Yahoo chart endpoint response for 2025-01-30 contains the public end-of-day close used for cohort_forward_close.",是,,,
A2T-US-20250331-us_mega,A2,2025-03-31,2025-04-30T20:00:00Z,https://query1.finance.yahoo.com/v8/finance/chart/AAPL?period1=1745971200&period2=1746144000&interval=1d&events=history&includeAdjustedClose=true,2025-04-30T20:00:00Z,c8659ae95e9ba598a58b7c78a8dde87f0c4c1cf0da61d290c20e7232ba7cf9c7,否,DeepFinEval audit,observed_yahoo_forward_trading_day,"Cohort ranking outcome uses latest observed forward close across 12 symbols; cohort reference configs/universes_v1.json#US_us_mega_20250331. Symbols=AAPL,MSFT,GOOGL,AMZN,JPM,JNJ,META,NVDA,V,MA,WMT,PG. Yahoo chart endpoint response for 2025-04-30 contains the public end-of-day close used for cohort_forward_close.",是,,,
A2T-US-20250331-us_tech,A2,2025-03-31,2025-04-30T20:00:00Z,https://query1.finance.yahoo.com/v8/finance/chart/ADBE?period1=1745971200&period2=1746144000&interval=1d&events=history&includeAdjustedClose=true,2025-04-30T20:00:00Z,f0efda45ab981e70a0542decc73f9647e5600858fa212d7ea471d1419347259d,否,DeepFinEval audit,observed_yahoo_forward_trading_day,"Cohort ranking outcome uses latest observed forward close across 12 symbols; cohort reference configs/universes_v1.json#US_us_tech_20250331. Symbols=NVDA,AMD,AVGO,CRM,ORCL,ADBE,INTC,QCOM,NFLX,CSCO,IBM,TXN. Yahoo chart endpoint response for 2025-04-30 contains the public end-of-day close used for cohort_forward_close.",是,,,
A2T-US-20250606-us_mega,A2,2025-06-06,2025-07-03T20:00:00Z,https://query1.finance.yahoo.com/v8/finance/chart/AAPL?period1=1751500800&period2=1751673600&interval=1d&events=history&includeAdjustedClose=true,2025-07-03T20:00:00Z,0cfe90ac8db1527994ad75af42933f6fdcd82cd4908566fd6c0a3871976357a3,否,DeepFinEval audit,observed_yahoo_forward_trading_day,"Cohort ranking outcome uses latest observed forward close across 12 symbols; cohort reference configs/universes_v1.json#US_us_mega_20250606. Symbols=AAPL,MSFT,GOOGL,AMZN,JPM,JNJ,META,NVDA,V,MA,WMT,PG. Yahoo chart endpoint response for 2025-07-03 contains the public end-of-day close used for cohort_forward_close.",是,,,
A2T-US-20250606-us_tech,A2,2025-06-06,2025-07-03T20:00:00Z,https://query1.finance.yahoo.com/v8/finance/chart/ADBE?period1=1751500800&period2=1751673600&interval=1d&events=history&includeAdjustedClose=true,2025-07-03T20:00:00Z,d5b47c45ac165294aae7fea0fe5e52a34ce88c68a840aa5bcd6596f4e795c48b,否,DeepFinEval audit,observed_yahoo_forward_trading_day,"Cohort ranking outcome uses latest observed forward close across 12 symbols; cohort reference configs/universes_v1.json#US_us_tech_20250606. Symbols=NVDA,AMD,AVGO,CRM,ORCL,ADBE,INTC,QCOM,NFLX,CSCO,IBM,TXN. Yahoo chart endpoint response for 2025-07-03 contains the public end-of-day close used for cohort_forward_close.",是,,,
A2T-US-20250930-us_mega,A2,2025-09-30,2025-10-30T20:00:00Z,https://query1.finance.yahoo.com/v8/finance/chart/AAPL?period1=1761782400&period2=1761955200&interval=1d&events=history&includeAdjustedClose=true,2025-10-30T20:00:00Z,be1848e748d9dd857a710e906e5d7b60e55e22a0e75704f09e59807002ddafd0,否,DeepFinEval audit,observed_yahoo_forward_trading_day,"Cohort ranking outcome uses latest observed forward close across 12 symbols; cohort reference configs/universes_v1.json#US_us_mega_20250930. Symbols=AAPL,MSFT,GOOGL,AMZN,JPM,JNJ,META,NVDA,V,MA,WMT,PG. Yahoo chart endpoint response for 2025-10-30 contains the public end-of-day close used for cohort_forward_close.",是,,,
A2T-US-20250930-us_tech,A2,2025-09-30,2025-10-30T20:00:00Z,https://query1.finance.yahoo.com/v8/finance/chart/ADBE?period1=1761782400&period2=1761955200&interval=1d&events=history&includeAdjustedClose=true,2025-10-30T20:00:00Z,3443b0d35d55d87b8fc5286d1cbf60ae1d117cf7e48bbb3e103444bd1285d059,否,DeepFinEval audit,observed_yahoo_forward_trading_day,"Cohort ranking outcome uses latest observed forward close across 12 symbols; cohort reference configs/universes_v1.json#US_us_tech_20250930. Symbols=NVDA,AMD,AVGO,CRM,ORCL,ADBE,INTC,QCOM,NFLX,CSCO,IBM,TXN. Yahoo chart endpoint response for 2025-10-30 contains the public end-of-day close used for cohort_forward_close.",是,,,
A2T-US-20251231-us_mega,A2,2025-12-31,2026-01-30T21:00:00Z,https://query1.finance.yahoo.com/v8/finance/chart/AAPL?period1=1769731200&period2=1769904000&interval=1d&events=history&includeAdjustedClose=true,2026-01-30T21:00:00Z,e062ace9db493797d0f617428bdd9c7ef4b53d2ae3b9d50d1ee38df44757d592,否,DeepFinEval audit,observed_yahoo_forward_trading_day,"Cohort ranking outcome uses latest observed forward close across 12 symbols; cohort reference configs/universes_v1.json#US_us_mega_20251231. Symbols=AAPL,MSFT,GOOGL,AMZN,JPM,JNJ,META,NVDA,V,MA,WMT,PG. Yahoo chart endpoint response for 2026-01-30 contains the public end-of-day close used for cohort_forward_close.",是,,,
A2T-US-20251231-us_tech,A2,2025-12-31,2026-01-30T21:00:00Z,https://query1.finance.yahoo.com/v8/finance/chart/ADBE?period1=1769731200&period2=1769904000&interval=1d&events=history&includeAdjustedClose=true,2026-01-30T21:00:00Z,cd01eb218c0ac249ae395250955f4d61454895446adb1be40cc76e8b8521e411,否,DeepFinEval audit,observed_yahoo_forward_trading_day,"Cohort ranking outcome uses latest observed forward close across 12 symbols; cohort reference configs/universes_v1.json#US_us_tech_20251231. Symbols=NVDA,AMD,AVGO,CRM,ORCL,ADBE,INTC,QCOM,NFLX,CSCO,IBM,TXN. Yahoo chart endpoint response for 2026-01-30 contains the public end-of-day close used for cohort_forward_close.",是,,,
A2T-US-20260130-us_mega,A2,2026-01-30,2026-02-27T21:00:00Z,https://query1.finance.yahoo.com/v8/finance/chart/AAPL?period1=1772150400&period2=1772323200&interval=1d&events=history&includeAdjustedClose=true,2026-02-27T21:00:00Z,89f277cebac40e72cc4321bee3ad7133c011502d0fafa83e98ec0f5cc938dd2a,否,DeepFinEval audit,observed_yahoo_forward_trading_day,"Cohort ranking outcome uses latest observed forward close across 12 symbols; cohort reference configs/universes_v1.json#US_us_mega_20260130. Symbols=AAPL,MSFT,GOOGL,AMZN,JPM,JNJ,META,NVDA,V,MA,WMT,PG. Yahoo chart endpoint response for 2026-02-27 contains the public end-of-day close used for cohort_forward_close.",是,,,
A2T-US-20260130-us_tech,A2,2026-01-30,2026-02-27T21:00:00Z,https://query1.finance.yahoo.com/v8/finance/chart/ADBE?period1=1772150400&period2=1772323200&interval=1d&events=history&includeAdjustedClose=true,2026-02-27T21:00:00Z,4b6f9c53c9af315cf43e5168b9c8ffbc5c2909c7896591a4994ea621dfc06e31,否,DeepFinEval audit,observed_yahoo_forward_trading_day,"Cohort ranking outcome uses latest observed forward close across 12 symbols; cohort reference configs/universes_v1.json#US_us_tech_20260130. Symbols=NVDA,AMD,AVGO,CRM,ORCL,ADBE,INTC,QCOM,NFLX,CSCO,IBM,TXN. Yahoo chart endpoint response for 2026-02-27 contains the public end-of-day close used for cohort_forward_close.",是,,,
A2T-US-20260331-us_mega,A2,2026-03-31,2026-04-30T20:00:00Z,https://query1.finance.yahoo.com/v8/finance/chart/AAPL?period1=1777507200&period2=1777680000&interval=1d&events=history&includeAdjustedClose=true,2026-04-30T20:00:00Z,2f83fa8e167f9fead653178dee74afdeb99c0fd6fb371cb990bf5e3a2c387272,否,DeepFinEval audit,observed_yahoo_forward_trading_day,"Cohort ranking outcome uses latest observed forward close across 12 symbols; cohort reference configs/universes_v1.json#US_us_mega_20260331. Symbols=AAPL,MSFT,GOOGL,AMZN,JPM,JNJ,META,NVDA,V,MA,WMT,PG. Yahoo chart endpoint response for 2026-04-30 contains the public end-of-day close used for cohort_forward_close.",是,,,
A2T-US-20260331-us_tech,A2,2026-03-31,2026-04-30T20:00:00Z,https://query1.finance.yahoo.com/v8/finance/chart/ADBE?period1=1777507200&period2=1777680000&interval=1d&events=history&includeAdjustedClose=true,2026-04-30T20:00:00Z,f3a9cf6cb120a89cd021253b369150b969137db3bf3a2c4b51cfa0c39c5beb82,否,DeepFinEval audit,observed_yahoo_forward_trading_day,"Cohort ranking outcome uses latest observed forward close across 12 symbols; cohort reference configs/universes_v1.json#US_us_tech_20260331. Symbols=NVDA,AMD,AVGO,CRM,ORCL,ADBE,INTC,QCOM,NFLX,CSCO,IBM,TXN. Yahoo chart endpoint response for 2026-04-30 contains the public end-of-day close used for cohort_forward_close.",是,,,
A2T-US-20260601-us_mega,A2,2026-06-01,2026-07-01T20:00:00Z,https://query1.finance.yahoo.com/v8/finance/chart/AAPL?period1=1782864000&period2=1783036800&interval=1d&events=history&includeAdjustedClose=true,2026-07-01T20:00:00Z,959ae07a31cdadcd0bac74683f430e108659a2e96d4300b3757d2875a5f197b5,否,DeepFinEval audit,observed_yahoo_forward_trading_day,"Cohort ranking outcome uses latest observed forward close across 12 symbols; cohort reference configs/universes_v1.json#US_us_mega_20260601. Symbols=AAPL,MSFT,GOOGL,AMZN,JPM,JNJ,META,NVDA,V,MA,WMT,PG. Yahoo chart endpoint response for 2026-07-01 contains the public end-of-day close used for cohort_forward_close.",是,,,
A2T-US-20260601-us_tech,A2,2026-06-01,2026-07-01T20:00:00Z,https://query1.finance.yahoo.com/v8/finance/chart/ADBE?period1=1782864000&period2=1783036800&interval=1d&events=history&includeAdjustedClose=true,2026-07-01T20:00:00Z,c05bd7b2dd11af22e5fb283886f2e6e0df40bf3a6206530cb1371ac0a1ecaeb7,否,DeepFinEval audit,observed_yahoo_forward_trading_day,"Cohort ranking outcome uses latest observed forward close across 12 symbols; cohort reference configs/universes_v1.json#US_us_tech_20260601. Symbols=NVDA,AMD,AVGO,CRM,ORCL,ADBE,INTC,QCOM,NFLX,CSCO,IBM,TXN. Yahoo chart endpoint response for 2026-07-01 contains the public end-of-day close used for cohort_forward_close.",是,,,
C-00001,C,2025-06-06,2025-08-13T07:00:00Z,https://static.cninfo.com.cn/finalpage/2025-08-13/1224462930.PDF,2025-08-13T07:00:00Z,c80fb7180169469053c396e65315414368bcfa9f1f1d4e3bf793c8fb327e6b0c,否,DeepFinEval audit,observed_cninfo_first_publication,Official filing for operating_revenue (2025-06-30) first became public on 2025-08-13T07:00:00Z; ground-truth value is taken from the filing body.,是,operating_revenue,CNY,89389354416.84
C-00002,C,2025-06-06,2025-08-13T07:00:00Z,https://static.cninfo.com.cn/finalpage/2025-08-13/1224462930.PDF,2025-08-13T07:00:00Z,c80fb7180169469053c396e65315414368bcfa9f1f1d4e3bf793c8fb327e6b0c,否,DeepFinEval audit,observed_cninfo_first_publication,Official filing for net_profit (2025-06-30) first became public on 2025-08-13T07:00:00Z; ground-truth value is taken from the filing body.,是,net_profit,CNY,46986681449.24
C-00003,C,2025-06-06,2025-08-13T07:00:00Z,https://static.cninfo.com.cn/finalpage/2025-08-13/1224462930.PDF,2025-08-13T07:00:00Z,c80fb7180169469053c396e65315414368bcfa9f1f1d4e3bf793c8fb327e6b0c,否,DeepFinEval audit,observed_cninfo_first_publication,Official filing for gross_margin (2025-06-30) first became public on 2025-08-13T07:00:00Z; ground-truth value is taken from the filing body.,是,gross_margin,%,91.2993
C-00004,C,2025-06-06,2025-08-13T07:00:00Z,https://static.cninfo.com.cn/finalpage/2025-08-13/1224462930.PDF,2025-08-13T07:00:00Z,c80fb7180169469053c396e65315414368bcfa9f1f1d4e3bf793c8fb327e6b0c,否,DeepFinEval audit,observed_cninfo_first_publication,Official filing for net_margin (2025-06-30) first became public on 2025-08-13T07:00:00Z; ground-truth value is taken from the filing body.,是,net_margin,%,52.5641
C-00005,C,2025-06-06,2025-08-28T07:00:00Z,https://static.cninfo.com.cn/finalpage/2025-08-28/1224596951.PDF,2025-08-28T07:00:00Z,e460cfeaac9388f493dcafc14f4f5a6f83521f24a5ad3d3dd8a447cb437d755a,否,DeepFinEval audit,observed_cninfo_first_publication,Official filing for operating_revenue (2025-06-30) first became public on 2025-08-28T07:00:00Z; ground-truth value is taken from the filing body.,是,operating_revenue,CNY,23509972048.65
C-00006,C,2025-06-06,2025-08-28T07:00:00Z,https://static.cninfo.com.cn/finalpage/2025-08-28/1224596951.PDF,2025-08-28T07:00:00Z,e460cfeaac9388f493dcafc14f4f5a6f83521f24a5ad3d3dd8a447cb437d755a,否,DeepFinEval audit,observed_cninfo_first_publication,Official filing for net_profit (2025-06-30) first became public on 2025-08-28T07:00:00Z; ground-truth value is taken from the filing body.,是,net_profit,CNY,4880304115.28
C-00007,C,2025-06-06,2025-08-28T07:00:00Z,https://static.cninfo.com.cn/finalpage/2025-08-28/1224596951.PDF,2025-08-28T07:00:00Z,e460cfeaac9388f493dcafc14f4f5a6f83521f24a5ad3d3dd8a447cb437d755a,否,DeepFinEval audit,observed_cninfo_first_publication,Official filing for gross_margin (2025-06-30) first became public on 2025-08-28T07:00:00Z; ground-truth value is taken from the filing body.,是,gross_margin,%,77.8662
C-00008,C,2025-06-06,2025-08-28T07:00:00Z,https://static.cninfo.com.cn/finalpage/2025-08-28/1224596951.PDF,2025-08-28T07:00:00Z,e460cfeaac9388f493dcafc14f4f5a6f83521f24a5ad3d3dd8a447cb437d755a,否,DeepFinEval audit,observed_cninfo_first_publication,Official filing for net_margin (2025-06-30) first became public on 2025-08-28T07:00:00Z; ground-truth value is taken from the filing body.,是,net_margin,%,20.7584
C-00009,C,2025-06-06,2025-08-27T07:00:00Z,https://static.cninfo.com.cn/finalpage/2025-08-27/1224583359.PDF,2025-08-27T07:00:00Z,318810d1b887d90d15946043450b1fedc5941ed982dac030a2edabf5a16054a6,否,DeepFinEval audit,observed_cninfo_first_publication,Official filing for operating_revenue (2025-06-30) first became public on 2025-08-27T07:00:00Z; ground-truth value is taken from the filing body.,是,operating_revenue,CNY,500076000000.0
C-00010,C,2025-06-06,2025-08-27T07:00:00Z,https://static.cninfo.com.cn/finalpage/2025-08-27/1224583359.PDF,2025-08-27T07:00:00Z,318810d1b887d90d15946043450b1fedc5941ed982dac030a2edabf5a16054a6,否,DeepFinEval audit,observed_cninfo_first_publication,Official filing for net_profit (2025-06-30) first became public on 2025-08-27T07:00:00Z; ground-truth value is taken from the filing body.,是,net_profit,CNY,82525000000.0
C-00012,C,2025-06-06,2025-08-27T07:00:00Z,https://static.cninfo.com.cn/finalpage/2025-08-27/1224583359.PDF,2025-08-27T07:00:00Z,318810d1b887d90d15946043450b1fedc5941ed982dac030a2edabf5a16054a6,否,DeepFinEval audit,observed_cninfo_first_publication,Official filing for net_margin (2025-06-30) first became public on 2025-08-27T07:00:00Z; ground-truth value is taken from the filing body.,是,net_margin,%,16.5025
C-00013,C,2025-06-06,2025-08-30T07:00:00Z,https://static.cninfo.com.cn/finalpage/2025-08-30/1224624358.PDF,2025-08-30T07:00:00Z,a6565daecb14061b2a29a92e4a7d0a188cd143cd31fa7c14cf6d168db768c9c4,否,DeepFinEval audit,observed_cninfo_first_publication,Official filing for operating_revenue (2025-06-30) first became public on 2025-08-30T07:00:00Z; ground-truth value is taken from the filing body.,是,operating_revenue,CNY,169969000000.0
C-00014,C,2025-06-06,2025-08-30T07:00:00Z,https://static.cninfo.com.cn/finalpage/2025-08-30/1224624358.PDF,2025-08-30T07:00:00Z,a6565daecb14061b2a29a92e4a7d0a188cd143cd31fa7c14cf6d168db768c9c4,否,DeepFinEval audit,observed_cninfo_first_publication,Official filing for net_profit (2025-06-30) first became public on 2025-08-30T07:00:00Z; ground-truth value is taken from the filing body.,是,net_profit,CNY,75405000000.0
C-00016,C,2025-06-06,2025-08-30T07:00:00Z,https://static.cninfo.com.cn/finalpage/2025-08-30/1224624358.PDF,2025-08-30T07:00:00Z,a6565daecb14061b2a29a92e4a7d0a188cd143cd31fa7c14cf6d168db768c9c4,否,DeepFinEval audit,observed_cninfo_first_publication,Official filing for net_margin (2025-06-30) first became public on 2025-08-30T07:00:00Z; ground-truth value is taken from the filing body.,是,net_margin,%,44.364
C-00017,C,2025-06-06,2025-08-30T07:00:00Z,https://static.cninfo.com.cn/finalpage/2025-08-30/1224627734.PDF,2025-08-30T07:00:00Z,1cb1c5ee31ca23a313e864f88b28359187a55f4e130008eed0fddf2c157f72e4,否,DeepFinEval audit,observed_cninfo_first_publication,Official filing for operating_revenue (2025-06-30) first became public on 2025-08-30T07:00:00Z; ground-truth value is taken from the filing body.,是,operating_revenue,CNY,427092000000.0
C-00018,C,2025-06-06,2025-08-30T07:00:00Z,https://static.cninfo.com.cn/finalpage/2025-08-30/1224627734.PDF,2025-08-30T07:00:00Z,1cb1c5ee31ca23a313e864f88b28359187a55f4e130008eed0fddf2c157f72e4,否,DeepFinEval audit,observed_cninfo_first_publication,Official filing for net_profit (2025-06-30) first became public on 2025-08-30T07:00:00Z; ground-truth value is taken from the filing body.,是,net_profit,CNY,168803000000.0
C-00020,C,2025-06-06,2025-08-30T07:00:00Z,https://static.cninfo.com.cn/finalpage/2025-08-30/1224627734.PDF,2025-08-30T07:00:00Z,1cb1c5ee31ca23a313e864f88b28359187a55f4e130008eed0fddf2c157f72e4,否,DeepFinEval audit,observed_cninfo_first_publication,Official filing for net_margin (2025-06-30) first became public on 2025-08-30T07:00:00Z; ground-truth value is taken from the filing body.,是,net_margin,%,39.5238
C-00021,C,2025-06-06,2025-08-29T07:00:00Z,https://static.cninfo.com.cn/finalpage/2025-08-29/1224609003.PDF,2025-08-29T07:00:00Z,531dbee773c1dc0eade98d3fd92bf58ecdf4c04aecbf25a8c4f25c64afd790a0,否,DeepFinEval audit,observed_cninfo_first_publication,Official filing for operating_revenue (2025-06-30) first became public on 2025-08-29T07:00:00Z; ground-truth value is taken from the filing body.,是,operating_revenue,CNY,33039304701.06
C-00022,C,2025-06-06,2025-08-29T07:00:00Z,https://static.cninfo.com.cn/finalpage/2025-08-29/1224609003.PDF,2025-08-29T07:00:00Z,531dbee773c1dc0eade98d3fd92bf58ecdf4c04aecbf25a8c4f25c64afd790a0,否,DeepFinEval audit,observed_cninfo_first_publication,Official filing for net_profit (2025-06-30) first became public on 2025-08-29T07:00:00Z; ground-truth value is taken from the filing body.,是,net_profit,CNY,14146231346.78
C-00024,C,2025-06-06,2025-08-29T07:00:00Z,https://static.cninfo.com.cn/finalpage/2025-08-29/1224609003.PDF,2025-08-29T07:00:00Z,531dbee773c1dc0eade98d3fd92bf58ecdf4c04aecbf25a8c4f25c64afd790a0,否,DeepFinEval audit,observed_cninfo_first_publication,Official filing for net_margin (2025-06-30) first became public on 2025-08-29T07:00:00Z; ground-truth value is taken from the filing body.,是,net_margin,%,42.8164
C-00025,C,2025-06-06,2025-07-31T07:00:00Z,https://static.cninfo.com.cn/finalpage/2025-07-31/1224342874.PDF,2025-07-31T07:00:00Z,94da19aaaf50205fa69d8afa9598262e1c785159c34c42f459bd1104fa14c46f,否,DeepFinEval audit,observed_cninfo_first_publication,Official filing for operating_revenue (2025-06-30) first became public on 2025-07-31T07:00:00Z; ground-truth value is taken from the filing body.,是,operating_revenue,CNY,178886253000.0
C-00026,C,2025-06-06,2025-07-31T07:00:00Z,https://static.cninfo.com.cn/finalpage/2025-07-31/1224342874.PDF,2025-07-31T07:00:00Z,94da19aaaf50205fa69d8afa9598262e1c785159c34c42f459bd1104fa14c46f,否,DeepFinEval audit,observed_cninfo_first_publication,Official filing for net_profit (2025-06-30) first became public on 2025-07-31T07:00:00Z; ground-truth value is taken from the filing body.,是,net_profit,CNY,32365447000.0
C-00027,C,2025-06-06,2025-07-31T07:00:00Z,https://static.cninfo.com.cn/finalpage/2025-07-31/1224342874.PDF,2025-07-31T07:00:00Z,94da19aaaf50205fa69d8afa9598262e1c785159c34c42f459bd1104fa14c46f,否,DeepFinEval audit,observed_cninfo_first_publication,Official filing for gross_margin (2025-06-30) first became public on 2025-07-31T07:00:00Z; ground-truth value is taken from the filing body.,是,gross_margin,%,25.023
C-00028,C,2025-06-06,2025-07-31T07:00:00Z,https://static.cninfo.com.cn/finalpage/2025-07-31/1224342874.PDF,2025-07-31T07:00:00Z,94da19aaaf50205fa69d8afa9598262e1c785159c34c42f459bd1104fa14c46f,否,DeepFinEval audit,observed_cninfo_first_publication,Official filing for net_margin (2025-06-30) first became public on 2025-07-31T07:00:00Z; ground-truth value is taken from the filing body.,是,net_margin,%,18.0928
C-00029,C,2025-06-06,2025-08-23T07:00:00Z,https://static.cninfo.com.cn/finalpage/2025-08-23/1224562068.PDF,2025-08-23T07:00:00Z,449aaf2308a9374317604a7a7dce7eb1ef661d3c01f3e2f8a0f1cd0cb83a28c6,否,DeepFinEval audit,observed_cninfo_first_publication,Official filing for operating_revenue (2025-06-30) first became public on 2025-08-23T07:00:00Z; ground-truth value is taken from the filing body.,是,operating_revenue,CNY,32813146398.68
C-00030,C,2025-06-06,2025-08-23T07:00:00Z,https://static.cninfo.com.cn/finalpage/2025-08-23/1224562068.PDF,2025-08-23T07:00:00Z,449aaf2308a9374317604a7a7dce7eb1ef661d3c01f3e2f8a0f1cd0cb83a28c6,否,DeepFinEval audit,observed_cninfo_first_publication,Official filing for net_profit (2025-06-30) first became public on 2025-08-23T07:00:00Z; ground-truth value is taken from the filing body.,是,net_profit,CNY,-2598193935.31
C-00031,C,2025-06-06,2025-08-23T07:00:00Z,https://static.cninfo.com.cn/finalpage/2025-08-23/1224562068.PDF,2025-08-23T07:00:00Z,449aaf2308a9374317604a7a7dce7eb1ef661d3c01f3e2f8a0f1cd0cb83a28c6,否,DeepFinEval audit,observed_cninfo_first_publication,Official filing for gross_margin (2025-06-30) first became public on 2025-08-23T07:00:00Z; ground-truth value is taken from the filing body.,是,gross_margin,%,-0.8162
C-00032,C,2025-06-06,2025-08-23T07:00:00Z,https://static.cninfo.com.cn/finalpage/2025-08-23/1224562068.PDF,2025-08-23T07:00:00Z,449aaf2308a9374317604a7a7dce7eb1ef661d3c01f3e2f8a0f1cd0cb83a28c6,否,DeepFinEval audit,observed_cninfo_first_publication,Official filing for net_margin (2025-06-30) first became public on 2025-08-23T07:00:00Z; ground-truth value is taken from the filing body.,是,net_margin,%,-7.9181
C-00033,C,2025-06-06,2025-08-30T07:00:00Z,https://static.cninfo.com.cn/finalpage/2025-08-30/1224626653.PDF,2025-08-30T07:00:00Z,c42620b87a67995ed7c2bc78fbcc99bede6732fede6a0dbb3f49221ac1ec96ea,否,DeepFinEval audit,observed_cninfo_first_publication,Official filing for operating_revenue (2025-06-30) first became public on 2025-08-30T07:00:00Z; ground-truth value is taken from the filing body.,是,operating_revenue,CNY,371280948000.0
C-00034,C,2025-06-06,2025-08-30T07:00:00Z,https://static.cninfo.com.cn/finalpage/2025-08-30/1224626653.PDF,2025-08-30T07:00:00Z,c42620b87a67995ed7c2bc78fbcc99bede6732fede6a0dbb3f49221ac1ec96ea,否,DeepFinEval audit,observed_cninfo_first_publication,Official filing for net_profit (2025-06-30) first became public on 2025-08-30T07:00:00Z; ground-truth value is taken from the filing body.,是,net_profit,CNY,16038939000.0
C-00035,C,2025-06-06,2025-08-30T07:00:00Z,https://static.cninfo.com.cn/finalpage/2025-08-30/1224626653.PDF,2025-08-30T07:00:00Z,c42620b87a67995ed7c2bc78fbcc99bede6732fede6a0dbb3f49221ac1ec96ea,否,DeepFinEval audit,observed_cninfo_first_publication,Official filing for gross_margin (2025-06-30) first became public on 2025-08-30T07:00:00Z; ground-truth value is taken from the filing body.,是,gross_margin,%,18.0095
C-00036,C,2025-06-06,2025-08-30T07:00:00Z,https://static.cninfo.com.cn/finalpage/2025-08-30/1224626653.PDF,2025-08-30T07:00:00Z,c42620b87a67995ed7c2bc78fbcc99bede6732fede6a0dbb3f49221ac1ec96ea,否,DeepFinEval audit,observed_cninfo_first_publication,Official filing for net_margin (2025-06-30) first became public on 2025-08-30T07:00:00Z; ground-truth value is taken from the filing body.,是,net_margin,%,4.3199
C-00037,C,2025-06-06,2025-08-28T07:00:00Z,https://static.cninfo.com.cn/finalpage/2025-08-28/1224595033.PDF,2025-08-28T07:00:00Z,c9baf15ab61b7541971e0b3c1fde75791797485697c706a972ef2d9d34835d46,否,DeepFinEval audit,observed_cninfo_first_publication,Official filing for operating_revenue (2025-06-30) first became public on 2025-08-28T07:00:00Z; ground-truth value is taken from the filing body.,是,operating_revenue,CNY,16743003854.0
C-00038,C,2025-06-06,2025-08-28T07:00:00Z,https://static.cninfo.com.cn/finalpage/2025-08-28/1224595033.PDF,2025-08-28T07:00:00Z,c9baf15ab61b7541971e0b3c1fde75791797485697c706a972ef2d9d34835d46,否,DeepFinEval audit,observed_cninfo_first_publication,Official filing for net_profit (2025-06-30) first became public on 2025-08-28T07:00:00Z; ground-truth value is taken from the filing body.,是,net_profit,CNY,5232692188.0
C-00039,C,2025-06-06,2025-08-28T07:00:00Z,https://static.cninfo.com.cn/finalpage/2025-08-28/1224595033.PDF,2025-08-28T07:00:00Z,c9baf15ab61b7541971e0b3c1fde75791797485697c706a972ef2d9d34835d46,否,DeepFinEval audit,observed_cninfo_first_publication,Official filing for gross_margin (2025-06-30) first became public on 2025-08-28T07:00:00Z; ground-truth value is taken from the filing body.,是,gross_margin,%,61.6675
C-00040,C,2025-06-06,2025-08-28T07:00:00Z,https://static.cninfo.com.cn/finalpage/2025-08-28/1224595033.PDF,2025-08-28T07:00:00Z,c9baf15ab61b7541971e0b3c1fde75791797485697c706a972ef2d9d34835d46,否,DeepFinEval audit,observed_cninfo_first_publication,Official filing for net_margin (2025-06-30) first became public on 2025-08-28T07:00:00Z; ground-truth value is taken from the filing body.,是,net_margin,%,31.253
C-00041,C,2025-06-06,2025-08-21T07:00:00Z,https://static.cninfo.com.cn/finalpage/2025-08-21/1224526675.PDF,2025-08-21T07:00:00Z,f09165808c0c622c84802a02eb058ff969fc5d06a1f468ec7d284f9484bbc8cc,否,DeepFinEval audit,observed_cninfo_first_publication,Official filing for operating_revenue (2025-06-30) first became public on 2025-08-21T07:00:00Z; ground-truth value is taken from the filing body.,是,operating_revenue,CNY,15761193628.9
C-00042,C,2025-06-06,2025-08-21T07:00:00Z,https://static.cninfo.com.cn/finalpage/2025-08-21/1224526675.PDF,2025-08-21T07:00:00Z,f09165808c0c622c84802a02eb058ff969fc5d06a1f468ec7d284f9484bbc8cc,否,DeepFinEval audit,observed_cninfo_first_publication,Official filing for net_profit (2025-06-30) first became public on 2025-08-21T07:00:00Z; ground-truth value is taken from the filing body.,是,net_profit,CNY,4454670657.21
C-00043,C,2025-06-06,2025-08-21T07:00:00Z,https://static.cninfo.com.cn/finalpage/2025-08-21/1224526675.PDF,2025-08-21T07:00:00Z,f09165808c0c622c84802a02eb058ff969fc5d06a1f468ec7d284f9484bbc8cc,否,DeepFinEval audit,observed_cninfo_first_publication,Official filing for gross_margin (2025-06-30) first became public on 2025-08-21T07:00:00Z; ground-truth value is taken from the filing body.,是,gross_margin,%,86.5812
C-00044,C,2025-06-06,2025-08-21T07:00:00Z,https://static.cninfo.com.cn/finalpage/2025-08-21/1224526675.PDF,2025-08-21T07:00:00Z,f09165808c0c622c84802a02eb058ff969fc5d06a1f468ec7d284f9484bbc8cc,否,DeepFinEval audit,observed_cninfo_first_publication,Official filing for net_margin (2025-06-30) first became public on 2025-08-21T07:00:00Z; ground-truth value is taken from the filing body.,是,net_margin,%,28.2635
C-00045,C,2025-06-06,2025-07-29T07:00:00Z,https://static.cninfo.com.cn/finalpage/2025-07-29/1224317427.PDF,2025-07-29T07:00:00Z,71582e6607861d5e02baeb65a7c4a8b855d1a608cde3981214f86d7f4c4abcf1,否,DeepFinEval audit,observed_cninfo_first_publication,Official filing for operating_revenue (2025-06-30) first became public on 2025-07-29T07:00:00Z; ground-truth value is taken from the filing body.,是,operating_revenue,CNY,20799281882.46
C-00046,C,2025-06-06,2025-07-29T07:00:00Z,https://static.cninfo.com.cn/finalpage/2025-07-29/1224317427.PDF,2025-07-29T07:00:00Z,71582e6607861d5e02baeb65a7c4a8b855d1a608cde3981214f86d7f4c4abcf1,否,DeepFinEval audit,observed_cninfo_first_publication,Official filing for net_profit (2025-06-30) first became public on 2025-07-29T07:00:00Z; ground-truth value is taken from the filing body.,是,net_profit,CNY,8660348120.54
C-00047,C,2025-06-06,2025-07-29T07:00:00Z,https://static.cninfo.com.cn/finalpage/2025-07-29/1224317427.PDF,2025-07-29T07:00:00Z,71582e6607861d5e02baeb65a7c4a8b855d1a608cde3981214f86d7f4c4abcf1,否,DeepFinEval audit,observed_cninfo_first_publication,Official filing for gross_margin (2025-06-30) first became public on 2025-07-29T07:00:00Z; ground-truth value is taken from the filing body.,是,gross_margin,%,44.4494
C-00048,C,2025-06-06,2025-07-29T07:00:00Z,https://static.cninfo.com.cn/finalpage/2025-07-29/1224317427.PDF,2025-07-29T07:00:00Z,71582e6607861d5e02baeb65a7c4a8b855d1a608cde3981214f86d7f4c4abcf1,否,DeepFinEval audit,observed_cninfo_first_publication,Official filing for net_margin (2025-06-30) first became public on 2025-07-29T07:00:00Z; ground-truth value is taken from the filing body.,是,net_margin,%,41.6377
C-00049,C,2025-06-06,2025-08-30T07:00:00Z,https://static.cninfo.com.cn/finalpage/2025-08-30/1224626720.PDF,2025-08-30T07:00:00Z,cec88d9c6ded328ac9b467ba55254ab831b906dfc613982f6ac0504fc2055a12,否,DeepFinEval audit,observed_cninfo_first_publication,Official filing for operating_revenue (2025-06-30) first became public on 2025-08-30T07:00:00Z; ground-truth value is taken from the filing body.,是,operating_revenue,CNY,251123714000.0
C-00050,C,2025-06-06,2025-08-30T07:00:00Z,https://static.cninfo.com.cn/finalpage/2025-08-30/1224626720.PDF,2025-08-30T07:00:00Z,cec88d9c6ded328ac9b467ba55254ab831b906dfc613982f6ac0504fc2055a12,否,DeepFinEval audit,observed_cninfo_first_publication,Official filing for net_profit (2025-06-30) first became public on 2025-08-30T07:00:00Z; ground-truth value is taken from the filing body.,是,net_profit,CNY,26647354000.0
C-00051,C,2025-06-06,2025-08-30T07:00:00Z,https://static.cninfo.com.cn/finalpage/2025-08-30/1224626720.PDF,2025-08-30T07:00:00Z,cec88d9c6ded328ac9b467ba55254ab831b906dfc613982f6ac0504fc2055a12,否,DeepFinEval audit,observed_cninfo_first_publication,Official filing for gross_margin (2025-06-30) first became public on 2025-08-30T07:00:00Z; ground-truth value is taken from the filing body.,是,gross_margin,%,25.6199
C-00052,C,2025-06-06,2025-08-30T07:00:00Z,https://static.cninfo.com.cn/finalpage/2025-08-30/1224626720.PDF,2025-08-30T07:00:00Z,cec88d9c6ded328ac9b467ba55254ab831b906dfc613982f6ac0504fc2055a12,否,DeepFinEval audit,observed_cninfo_first_publication,Official filing for net_margin (2025-06-30) first became public on 2025-08-30T07:00:00Z; ground-truth value is taken from the filing body.,是,net_margin,%,10.6112
C-00053,C,2025-06-06,2025-08-29T07:00:00Z,https://static.cninfo.com.cn/finalpage/2025-08-29/1224613604.PDF,2025-08-29T07:00:00Z,c4f6b076cdf9cdaa73057d9cba1a6c3a1dd444eda5c62be40371fd92e53d6470,否,DeepFinEval audit,observed_cninfo_first_publication,Official filing for operating_revenue (2025-06-30) first became public on 2025-08-29T07:00:00Z; ground-truth value is taken from the filing body.,是,operating_revenue,CNY,97324925988.2
C-00054,C,2025-06-06,2025-08-29T07:00:00Z,https://static.cninfo.com.cn/finalpage/2025-08-29/1224613604.PDF,2025-08-29T07:00:00Z,c4f6b076cdf9cdaa73057d9cba1a6c3a1dd444eda5c62be40371fd92e53d6470,否,DeepFinEval audit,observed_cninfo_first_publication,Official filing for net_profit (2025-06-30) first became public on 2025-08-29T07:00:00Z; ground-truth value is taken from the filing body.,是,net_profit,CNY,14512869071.01
C-00055,C,2025-06-06,2025-08-29T07:00:00Z,https://static.cninfo.com.cn/finalpage/2025-08-29/1224613604.PDF,2025-08-29T07:00:00Z,c4f6b076cdf9cdaa73057d9cba1a6c3a1dd444eda5c62be40371fd92e53d6470,否,DeepFinEval audit,observed_cninfo_first_publication,Official filing for gross_margin (2025-06-30) first became public on 2025-08-29T07:00:00Z; ground-truth value is taken from the filing body.,是,gross_margin,%,28.4899
C-00056,C,2025-06-06,2025-08-29T07:00:00Z,https://static.cninfo.com.cn/finalpage/2025-08-29/1224613604.PDF,2025-08-29T07:00:00Z,c4f6b076cdf9cdaa73057d9cba1a6c3a1dd444eda5c62be40371fd92e53d6470,否,DeepFinEval audit,observed_cninfo_first_publication,Official filing for net_margin (2025-06-30) first became public on 2025-08-29T07:00:00Z; ground-truth value is taken from the filing body.,是,net_margin,%,14.9118
C-00057,C,2025-06-06,2025-08-29T07:00:00Z,https://static.cninfo.com.cn/finalpage/2025-08-29/1224616067.PDF,2025-08-29T07:00:00Z,8880246312e07651721abf2563ff1451ab9c7692926bc42a4abee86bc88a5c6d,否,DeepFinEval audit,observed_cninfo_first_publication,Official filing for operating_revenue (2025-06-30) first became public on 2025-08-29T07:00:00Z; ground-truth value is taken from the filing body.,是,operating_revenue,CNY,15229923077.9
C-00058,C,2025-06-06,2025-08-29T07:00:00Z,https://static.cninfo.com.cn/finalpage/2025-08-29/1224616067.PDF,2025-08-29T07:00:00Z,8880246312e07651721abf2563ff1451ab9c7692926bc42a4abee86bc88a5c6d,否,DeepFinEval audit,observed_cninfo_first_publication,Official filing for net_profit (2025-06-30) first became public on 2025-08-29T07:00:00Z; ground-truth value is taken from the filing body.,是,net_profit,CNY,3921771435.74
C-00059,C,2025-06-06,2025-08-29T07:00:00Z,https://static.cninfo.com.cn/finalpage/2025-08-29/1224616067.PDF,2025-08-29T07:00:00Z,8880246312e07651721abf2563ff1451ab9c7692926bc42a4abee86bc88a5c6d,否,DeepFinEval audit,observed_cninfo_first_publication,Official filing for gross_margin (2025-06-30) first became public on 2025-08-29T07:00:00Z; ground-truth value is taken from the filing body.,是,gross_margin,%,40.1176
C-00060,C,2025-06-06,2025-08-29T07:00:00Z,https://static.cninfo.com.cn/finalpage/2025-08-29/1224616067.PDF,2025-08-29T07:00:00Z,8880246312e07651721abf2563ff1451ab9c7692926bc42a4abee86bc88a5c6d,否,DeepFinEval audit,observed_cninfo_first_publication,Official filing for net_margin (2025-06-30) first became public on 2025-08-29T07:00:00Z; ground-truth value is taken from the filing body.,是,net_margin,%,25.7504
C-00061,C,2025-06-06,2025-08-27T07:00:00Z,https://static.cninfo.com.cn/finalpage/2025-08-27/1224581884.PDF,2025-08-27T07:00:00Z,8873f84ea4d4924e99cb15b1159767504242798cbb3eb3918f1915fbe8e12055,否,DeepFinEval audit,observed_cninfo_first_publication,Official filing for operating_revenue (2025-06-30) first became public on 2025-08-27T07:00:00Z; ground-truth value is taken from the filing body.,是,operating_revenue,CNY,28150749967.59
C-00062,C,2025-06-06,2025-08-27T07:00:00Z,https://static.cninfo.com.cn/finalpage/2025-08-27/1224581884.PDF,2025-08-27T07:00:00Z,8873f84ea4d4924e99cb15b1159767504242798cbb3eb3918f1915fbe8e12055,否,DeepFinEval audit,observed_cninfo_first_publication,Official filing for net_profit (2025-06-30) first became public on 2025-08-27T07:00:00Z; ground-truth value is taken from the filing body.,是,net_profit,CNY,2906356631.76
C-00063,C,2025-06-06,2025-08-27T07:00:00Z,https://static.cninfo.com.cn/finalpage/2025-08-27/1224581884.PDF,2025-08-27T07:00:00Z,8873f84ea4d4924e99cb15b1159767504242798cbb3eb3918f1915fbe8e12055,否,DeepFinEval audit,observed_cninfo_first_publication,Official filing for gross_margin (2025-06-30) first became public on 2025-08-27T07:00:00Z; ground-truth value is taken from the filing body.,是,gross_margin,%,32.7651
C-00064,C,2025-06-06,2025-08-27T07:00:00Z,https://static.cninfo.com.cn/finalpage/2025-08-27/1224581884.PDF,2025-08-27T07:00:00Z,8873f84ea4d4924e99cb15b1159767504242798cbb3eb3918f1915fbe8e12055,否,DeepFinEval audit,observed_cninfo_first_publication,Official filing for net_margin (2025-06-30) first became public on 2025-08-27T07:00:00Z; ground-truth value is taken from the filing body.,是,net_margin,%,10.3243
C-00065,C,2025-06-06,2025-08-16T07:00:00Z,https://static.cninfo.com.cn/finalpage/2025-08-16/1224499196.PDF,2025-08-16T07:00:00Z,cdd16bccdb7e75ccfddf3ad6fff70525ace4fcec356093c0426268946ce18696,否,DeepFinEval audit,observed_cninfo_first_publication,Official filing for operating_revenue (2025-06-30) first became public on 2025-08-16T07:00:00Z; ground-truth value is taken from the filing body.,是,operating_revenue,CNY,1577751174.94
C-00066,C,2025-06-06,2025-08-16T07:00:00Z,https://static.cninfo.com.cn/finalpage/2025-08-16/1224499196.PDF,2025-08-16T07:00:00Z,cdd16bccdb7e75ccfddf3ad6fff70525ace4fcec356093c0426268946ce18696,否,DeepFinEval audit,observed_cninfo_first_publication,Official filing for net_profit (2025-06-30) first became public on 2025-08-16T07:00:00Z; ground-truth value is taken from the filing body.,是,net_profit,CNY,5567372075.26
C-00067,C,2025-06-06,2025-08-16T07:00:00Z,https://static.cninfo.com.cn/finalpage/2025-08-16/1224499196.PDF,2025-08-16T07:00:00Z,cdd16bccdb7e75ccfddf3ad6fff70525ace4fcec356093c0426268946ce18696,否,DeepFinEval audit,observed_cninfo_first_publication,Official filing for gross_margin (2025-06-30) first became public on 2025-08-16T07:00:00Z; ground-truth value is taken from the filing body.,是,gross_margin,%,83.7486
C-00068,C,2025-06-06,2025-08-16T07:00:00Z,https://static.cninfo.com.cn/finalpage/2025-08-16/1224499196.PDF,2025-08-16T07:00:00Z,cdd16bccdb7e75ccfddf3ad6fff70525ace4fcec356093c0426268946ce18696,否,DeepFinEval audit,observed_cninfo_first_publication,Official filing for net_margin (2025-06-30) first became public on 2025-08-16T07:00:00Z; ground-truth value is taken from the filing body.,是,net_margin,%,352.8676
C-00069,C,2025-06-06,2025-08-29T07:00:00Z,https://static.cninfo.com.cn/finalpage/2025-08-29/1224608545.PDF,2025-08-29T07:00:00Z,b54b9a3cd5dada1ff007b88404cf04409962f0c678847adc356984746392ff50,否,DeepFinEval audit,observed_cninfo_first_publication,Official filing for operating_revenue (2025-06-30) first became public on 2025-08-29T07:00:00Z; ground-truth value is taken from the filing body.,是,operating_revenue,CNY,32348049000.0
C-00070,C,2025-06-06,2025-08-29T07:00:00Z,https://static.cninfo.com.cn/finalpage/2025-08-29/1224608545.PDF,2025-08-29T07:00:00Z,b54b9a3cd5dada1ff007b88404cf04409962f0c678847adc356984746392ff50,否,DeepFinEval audit,observed_cninfo_first_publication,Official filing for net_profit (2025-06-30) first became public on 2025-08-29T07:00:00Z; ground-truth value is taken from the filing body.,是,net_profit,CNY,3367678000.0
C-00071,C,2025-06-06,2025-08-29T07:00:00Z,https://static.cninfo.com.cn/finalpage/2025-08-29/1224608545.PDF,2025-08-29T07:00:00Z,b54b9a3cd5dada1ff007b88404cf04409962f0c678847adc356984746392ff50,否,DeepFinEval audit,observed_cninfo_first_publication,Official filing for gross_margin (2025-06-30) first became public on 2025-08-29T07:00:00Z; ground-truth value is taken from the filing body.,是,gross_margin,%,21.909
C-00072,C,2025-06-06,2025-08-29T07:00:00Z,https://static.cninfo.com.cn/finalpage/2025-08-29/1224608545.PDF,2025-08-29T07:00:00Z,b54b9a3cd5dada1ff007b88404cf04409962f0c678847adc356984746392ff50,否,DeepFinEval audit,observed_cninfo_first_publication,Official filing for net_margin (2025-06-30) first became public on 2025-08-29T07:00:00Z; ground-truth value is taken from the filing body.,是,net_margin,%,10.4108
C-00073,C,2025-06-06,2025-08-23T07:00:00Z,https://static.cninfo.com.cn/finalpage/2025-08-23/1224559412.PDF,2025-08-23T07:00:00Z,8038d68d83f2be1f289261230a30086c9b2bc2f9185d8f4df4194e10cbf207a2,否,DeepFinEval audit,observed_cninfo_first_publication,Official filing for operating_revenue (2025-06-30) first became public on 2025-08-23T07:00:00Z; ground-truth value is taken from the filing body.,是,operating_revenue,CNY,105323304409.14
C-00074,C,2025-06-06,2025-08-23T07:00:00Z,https://static.cninfo.com.cn/finalpage/2025-08-23/1224559412.PDF,2025-08-23T07:00:00Z,8038d68d83f2be1f289261230a30086c9b2bc2f9185d8f4df4194e10cbf207a2,否,DeepFinEval audit,observed_cninfo_first_publication,Official filing for net_profit (2025-06-30) first became public on 2025-08-23T07:00:00Z; ground-truth value is taken from the filing body.,是,net_profit,CNY,-10864982511.25
C-00075,C,2025-06-06,2025-08-23T07:00:00Z,https://static.cninfo.com.cn/finalpage/2025-08-23/1224559412.PDF,2025-08-23T07:00:00Z,8038d68d83f2be1f289261230a30086c9b2bc2f9185d8f4df4194e10cbf207a2,否,DeepFinEval audit,observed_cninfo_first_publication,Official filing for gross_margin (2025-06-30) first became public on 2025-08-23T07:00:00Z; ground-truth value is taken from the filing body.,是,gross_margin,%,9.9681
C-00076,C,2025-06-06,2025-08-23T07:00:00Z,https://static.cninfo.com.cn/finalpage/2025-08-23/1224559412.PDF,2025-08-23T07:00:00Z,8038d68d83f2be1f289261230a30086c9b2bc2f9185d8f4df4194e10cbf207a2,否,DeepFinEval audit,observed_cninfo_first_publication,Official filing for net_margin (2025-06-30) first became public on 2025-08-23T07:00:00Z; ground-truth value is taken from the filing body.,是,net_margin,%,-10.3158
C-00077,C,2025-06-06,2025-08-29T07:00:00Z,https://static.cninfo.com.cn/finalpage/2025-08-29/1224610866.PDF,2025-08-29T07:00:00Z,d40d6d25b9381f59456cefbbdf5f14146919e8b671b69cd92b3614fb00a56633,否,DeepFinEval audit,observed_cninfo_first_publication,Official filing for operating_revenue (2025-06-30) first became public on 2025-08-29T07:00:00Z; ground-truth value is taken from the filing body.,是,operating_revenue,CNY,1108307435000.0
C-00078,C,2025-06-06,2025-08-29T07:00:00Z,https://static.cninfo.com.cn/finalpage/2025-08-29/1224610866.PDF,2025-08-29T07:00:00Z,d40d6d25b9381f59456cefbbdf5f14146919e8b671b69cd92b3614fb00a56633,否,DeepFinEval audit,observed_cninfo_first_publication,Official filing for net_profit (2025-06-30) first became public on 2025-08-29T07:00:00Z; ground-truth value is taken from the filing body.,是,net_profit,CNY,40274436000.0
C-00079,C,2025-06-06,2025-08-29T07:00:00Z,https://static.cninfo.com.cn/finalpage/2025-08-29/1224610866.PDF,2025-08-29T07:00:00Z,d40d6d25b9381f59456cefbbdf5f14146919e8b671b69cd92b3614fb00a56633,否,DeepFinEval audit,observed_cninfo_first_publication,Official filing for gross_margin (2025-06-30) first became public on 2025-08-29T07:00:00Z; ground-truth value is taken from the filing body.,是,gross_margin,%,9.4251
C-00080,C,2025-06-06,2025-08-29T07:00:00Z,https://static.cninfo.com.cn/finalpage/2025-08-29/1224610866.PDF,2025-08-29T07:00:00Z,d40d6d25b9381f59456cefbbdf5f14146919e8b671b69cd92b3614fb00a56633,否,DeepFinEval audit,observed_cninfo_first_publication,Official filing for net_margin (2025-06-30) first became public on 2025-08-29T07:00:00Z; ground-truth value is taken from the filing body.,是,net_margin,%,3.6339
C-CN_A-20251231-000002-net_profit,C,2025-12-31,2026-04-01T07:00:00Z,https://static.cninfo.com.cn/finalpage/2026-04-01/1225067794.PDF,2026-04-01T07:00:00Z,b2befc9da2a9e09c798702c351e6af65a4b148e32baa07737b941edc2caf1eba,否,DeepFinEval audit,observed_cninfo_first_publication,Official filing for net_profit (2025-12-31) first became public on 2026-04-01T07:00:00Z; ground-truth value is taken from the filing body.,是,net_profit,CNY,-60540634818.7
C-CN_A-20251231-000002-operating_revenue,C,2025-12-31,2026-04-01T07:00:00Z,https://static.cninfo.com.cn/finalpage/2026-04-01/1225067794.PDF,2026-04-01T07:00:00Z,b2befc9da2a9e09c798702c351e6af65a4b148e32baa07737b941edc2caf1eba,否,DeepFinEval audit,observed_cninfo_first_publication,Official filing for operating_revenue (2025-12-31) first became public on 2026-04-01T07:00:00Z; ground-truth value is taken from the filing body.,是,operating_revenue,CNY,72044353513.39
C-CN_A-20251231-000333-net_profit,C,2025-12-31,2026-03-31T07:00:00Z,https://static.cninfo.com.cn/finalpage/2026-03-31/1225065145.PDF,2026-03-31T07:00:00Z,16f95f70527db59dcf2736f276a9479cf7ee917e5f71e4f6cbbe83acbad9f4b6,否,DeepFinEval audit,observed_cninfo_first_publication,Official filing for net_profit (2025-12-31) first became public on 2026-03-31T07:00:00Z; ground-truth value is taken from the filing body.,是,net_profit,CNY,6062028000.0
C-CN_A-20251231-000333-operating_revenue,C,2025-12-31,2026-03-31T07:00:00Z,https://static.cninfo.com.cn/finalpage/2026-03-31/1225065145.PDF,2026-03-31T07:00:00Z,16f95f70527db59dcf2736f276a9479cf7ee917e5f71e4f6cbbe83acbad9f4b6,否,DeepFinEval audit,observed_cninfo_first_publication,Official filing for operating_revenue (2025-12-31) first became public on 2026-03-31T07:00:00Z; ground-truth value is taken from the filing body.,是,operating_revenue,CNY,93786331000.0
C-CN_A-20251231-000651-net_profit,C,2025-12-31,2026-04-29T07:00:00Z,https://static.cninfo.com.cn/finalpage/2026-04-29/1225250396.PDF,2026-04-29T07:00:00Z,7cc972f2d199e2ec3797cc5da479e8268afa59b77875770de3bcd3648242fb8c,否,DeepFinEval audit,observed_cninfo_first_publication,Official filing for net_profit (2025-12-31) first became public on 2026-04-29T07:00:00Z; ground-truth value is taken from the filing body.,是,net_profit,CNY,7541766605.12
C-CN_A-20251231-000651-operating_revenue,C,2025-12-31,2026-04-29T07:00:00Z,https://static.cninfo.com.cn/finalpage/2026-04-29/1225250396.PDF,2026-04-29T07:00:00Z,7cc972f2d199e2ec3797cc5da479e8268afa59b77875770de3bcd3648242fb8c,否,DeepFinEval audit,observed_cninfo_first_publication,Official filing for operating_revenue (2025-12-31) first became public on 2026-04-29T07:00:00Z; ground-truth value is taken from the filing body.,是,operating_revenue,CNY,33464629781.43
C-CN_A-20251231-000858-net_profit,C,2025-12-31,2026-04-30T07:00:00Z,https://static.cninfo.com.cn/finalpage/2026-04-30/1225273091.PDF,2026-04-30T07:00:00Z,09133e1f44b3bb4b2cebe211529ad68f5b04b6be10b43870f2a78c947d5910a4,否,DeepFinEval audit,observed_cninfo_first_publication,Official filing for net_profit (2025-12-31) first became public on 2026-04-30T07:00:00Z; ground-truth value is taken from the filing body.,是,net_profit,CNY,2479705410.33
C-CN_A-20251231-000858-operating_revenue,C,2025-12-31,2026-04-30T07:00:00Z,https://static.cninfo.com.cn/finalpage/2026-04-30/1225273091.PDF,2026-04-30T07:00:00Z,09133e1f44b3bb4b2cebe211529ad68f5b04b6be10b43870f2a78c947d5910a4,否,DeepFinEval audit,observed_cninfo_first_publication,Official filing for operating_revenue (2025-12-31) first became public on 2026-04-30T07:00:00Z; ground-truth value is taken from the filing body.,是,operating_revenue,CNY,9890782115.26
C-CN_A-20251231-002594-net_profit,C,2025-12-31,2026-03-28T07:00:00Z,https://static.cninfo.com.cn/finalpage/2026-03-28/1225045351.PDF,2026-03-28T07:00:00Z,710d8b2e08e37ba521f1c4071d2c3e2369d3cadabc21a45073215d9f72138b0b,否,DeepFinEval audit,observed_cninfo_first_publication,Official filing for net_profit (2025-12-31) first became public on 2026-03-28T07:00:00Z; ground-truth value is taken from the filing body.,是,net_profit,CNY,9285849000.0
C-CN_A-20251231-002594-operating_revenue,C,2025-12-31,2026-03-28T07:00:00Z,https://static.cninfo.com.cn/finalpage/2026-03-28/1225045351.PDF,2026-03-28T07:00:00Z,710d8b2e08e37ba521f1c4071d2c3e2369d3cadabc21a45073215d9f72138b0b,否,DeepFinEval audit,observed_cninfo_first_publication,Official filing for operating_revenue (2025-12-31) first became public on 2026-03-28T07:00:00Z; ground-truth value is taken from the filing body.,是,operating_revenue,CNY,237699412000.0
C-CN_A-20251231-300059-net_profit,C,2025-12-31,2026-03-20T07:00:00Z,https://static.cninfo.com.cn/finalpage/2026-03-20/1225019509.PDF,2026-03-20T07:00:00Z,a5edb3304600d7ff7faeefa65fea3846f4326743cc72d9ade14cf93af20c1737,否,DeepFinEval audit,observed_cninfo_first_publication,Official filing for net_profit (2025-12-31) first became public on 2026-03-20T07:00:00Z; ground-truth value is taken from the filing body.,是,net_profit,CNY,2987345074.9
C-CN_A-20251231-300059-operating_revenue,C,2025-12-31,2026-03-20T07:00:00Z,https://static.cninfo.com.cn/finalpage/2026-03-20/1225019509.PDF,2026-03-20T07:00:00Z,a5edb3304600d7ff7faeefa65fea3846f4326743cc72d9ade14cf93af20c1737,否,DeepFinEval audit,observed_cninfo_first_publication,Official filing for operating_revenue (2025-12-31) first became public on 2026-03-20T07:00:00Z; ground-truth value is taken from the filing body.,是,operating_revenue,CNY,4478791924.55
C-CN_A-20251231-300750-net_profit,C,2025-12-31,2026-03-10T07:00:00Z,https://static.cninfo.com.cn/finalpage/2026-03-10/1225002214.PDF,2026-03-10T07:00:00Z,c15272977147dee7e6935a38ea0e4fd6855370aabb106f54cfe20f7cf6048ec9,否,DeepFinEval audit,observed_cninfo_first_publication,Official filing for net_profit (2025-12-31) first became public on 2026-03-10T07:00:00Z; ground-truth value is taken from the filing body.,是,net_profit,CNY,23167173000.0
C-CN_A-20251231-300750-operating_revenue,C,2025-12-31,2026-03-10T07:00:00Z,https://static.cninfo.com.cn/finalpage/2026-03-10/1225002214.PDF,2026-03-10T07:00:00Z,c15272977147dee7e6935a38ea0e4fd6855370aabb106f54cfe20f7cf6048ec9,否,DeepFinEval audit,observed_cninfo_first_publication,Official filing for operating_revenue (2025-12-31) first became public on 2026-03-10T07:00:00Z; ground-truth value is taken from the filing body.,是,operating_revenue,CNY,140629847000.0
C-CN_A-20251231-300760-net_profit,C,2025-12-31,2026-03-31T07:00:00Z,https://static.cninfo.com.cn/finalpage/2026-03-31/1225059012.PDF,2026-03-31T07:00:00Z,b740bc7c4c8839639cf1f86ad0ebac0405924c9b2b595958509e6d8659ba41c3,否,DeepFinEval audit,observed_cninfo_first_publication,Official filing for net_profit (2025-12-31) first became public on 2026-03-31T07:00:00Z; ground-truth value is taken from the filing body.,是,net_profit,CNY,565730891.0
C-CN_A-20251231-300760-operating_revenue,C,2025-12-31,2026-03-31T07:00:00Z,https://static.cninfo.com.cn/finalpage/2026-03-31/1225059012.PDF,2026-03-31T07:00:00Z,b740bc7c4c8839639cf1f86ad0ebac0405924c9b2b595958509e6d8659ba41c3,否,DeepFinEval audit,observed_cninfo_first_publication,Official filing for operating_revenue (2025-12-31) first became public on 2026-03-31T07:00:00Z; ground-truth value is taken from the filing body.,是,operating_revenue,CNY,7448252861.0
C-CN_A-20251231-600030-net_profit,C,2025-12-31,2026-03-27T07:00:00Z,https://static.cninfo.com.cn/finalpage/2026-03-27/1225036081.PDF,2026-03-27T07:00:00Z,438f2a53dcf4bf0569b6783b51674aae25076d23d53198b08cf7b539e14003c2,否,DeepFinEval audit,observed_cninfo_first_publication,Official filing for net_profit (2025-12-31) first became public on 2026-03-27T07:00:00Z; ground-truth value is taken from the filing body.,是,net_profit,CNY,6917186378.96
C-CN_A-20251231-600030-operating_revenue,C,2025-12-31,2026-03-27T07:00:00Z,https://static.cninfo.com.cn/finalpage/2026-03-27/1225036081.PDF,2026-03-27T07:00:00Z,438f2a53dcf4bf0569b6783b51674aae25076d23d53198b08cf7b539e14003c2,否,DeepFinEval audit,observed_cninfo_first_publication,Official filing for operating_revenue (2025-12-31) first became public on 2026-03-27T07:00:00Z; ground-truth value is taken from the filing body.,是,operating_revenue,CNY,19008279338.28
C-CN_A-20251231-600036-net_profit,C,2025-12-31,2026-03-28T07:00:00Z,https://static.cninfo.com.cn/finalpage/2026-03-28/1225047590.PDF,2026-03-28T07:00:00Z,abe612a273468072b176dd51ea460c1e1596f8ca729cbc6db3fa28ba9a57ea79,否,DeepFinEval audit,observed_cninfo_first_publication,Official filing for net_profit (2025-12-31) first became public on 2026-03-28T07:00:00Z; ground-truth value is taken from the filing body.,是,net_profit,CNY,36409000000.0
C-CN_A-20251231-600036-operating_revenue,C,2025-12-31,2026-03-28T07:00:00Z,https://static.cninfo.com.cn/finalpage/2026-03-28/1225047590.PDF,2026-03-28T07:00:00Z,abe612a273468072b176dd51ea460c1e1596f8ca729cbc6db3fa28ba9a57ea79,否,DeepFinEval audit,observed_cninfo_first_publication,Official filing for operating_revenue (2025-12-31) first became public on 2026-03-28T07:00:00Z; ground-truth value is taken from the filing body.,是,operating_revenue,CNY,80639000000.0
C-CN_A-20251231-600276-net_profit,C,2025-12-31,2026-03-26T07:00:00Z,https://static.cninfo.com.cn/finalpage/2026-03-26/1225032585.PDF,2026-03-26T07:00:00Z,fae80e2d132f5b6f2bfbb8bcdfd40e1267edb91d689389d63c8e291b0856ace6,否,DeepFinEval audit,observed_cninfo_first_publication,Official filing for net_profit (2025-12-31) first became public on 2026-03-26T07:00:00Z; ground-truth value is taken from the filing body.,是,net_profit,CNY,1959885274.33
C-CN_A-20251231-600276-operating_revenue,C,2025-12-31,2026-03-26T07:00:00Z,https://static.cninfo.com.cn/finalpage/2026-03-26/1225032585.PDF,2026-03-26T07:00:00Z,fae80e2d132f5b6f2bfbb8bcdfd40e1267edb91d689389d63c8e291b0856ace6,否,DeepFinEval audit,observed_cninfo_first_publication,Official filing for operating_revenue (2025-12-31) first became public on 2026-03-26T07:00:00Z; ground-truth value is taken from the filing body.,是,operating_revenue,CNY,8441334265.06
C-CN_A-20251231-600519-net_profit,C,2025-12-31,2026-04-17T07:00:00Z,https://static.cninfo.com.cn/finalpage/2026-04-17/1225114741.PDF,2026-04-17T07:00:00Z,474905deeaf0f875fc0a1b097a626c0c7852c427faadc5d7fc7816cbf45ea288,否,DeepFinEval audit,observed_cninfo_first_publication,Official filing for net_profit (2025-12-31) first became public on 2026-04-17T07:00:00Z; ground-truth value is taken from the filing body.,是,net_profit,CNY,17693320389.5
C-CN_A-20251231-600519-operating_revenue,C,2025-12-31,2026-04-17T07:00:00Z,https://static.cninfo.com.cn/finalpage/2026-04-17/1225114741.PDF,2026-04-17T07:00:00Z,474905deeaf0f875fc0a1b097a626c0c7852c427faadc5d7fc7816cbf45ea288,否,DeepFinEval audit,observed_cninfo_first_publication,Official filing for operating_revenue (2025-12-31) first became public on 2026-04-17T07:00:00Z; ground-truth value is taken from the filing body.,是,operating_revenue,CNY,41150282256.03
C-CN_A-20251231-601012-net_profit,C,2025-12-31,2026-04-29T07:00:00Z,https://static.cninfo.com.cn/finalpage/2026-04-29/1225251647.PDF,2026-04-29T07:00:00Z,10233740d54740b89dfd772eecac5f04d8fef639489acd3b18b1a35e81bce2c1,否,DeepFinEval audit,observed_cninfo_first_publication,Official filing for net_profit (2025-12-31) first became public on 2026-04-29T07:00:00Z; ground-truth value is taken from the filing body.,是,net_profit,CNY,-3016087402.85
C-CN_A-20251231-601012-operating_revenue,C,2025-12-31,2026-04-29T07:00:00Z,https://static.cninfo.com.cn/finalpage/2026-04-29/1225251647.PDF,2026-04-29T07:00:00Z,10233740d54740b89dfd772eecac5f04d8fef639489acd3b18b1a35e81bce2c1,否,DeepFinEval audit,observed_cninfo_first_publication,Official filing for operating_revenue (2025-12-31) first became public on 2026-04-29T07:00:00Z; ground-truth value is taken from the filing body.,是,operating_revenue,CNY,19432482095.42
C-CN_A-20251231-601318-net_profit,C,2025-12-31,2026-03-27T07:00:00Z,https://static.cninfo.com.cn/finalpage/2026-03-27/1225038263.PDF,2026-03-27T07:00:00Z,860c455bbad9be59d3d1bf64bf683733feb79157212532df44b91d49a0b03c2a,否,DeepFinEval audit,observed_cninfo_first_publication,Official filing for net_profit (2025-12-31) first became public on 2026-03-27T07:00:00Z; ground-truth value is taken from the filing body.,是,net_profit,CNY,1922000000.0
C-CN_A-20251231-601318-operating_revenue,C,2025-12-31,2026-03-27T07:00:00Z,https://static.cninfo.com.cn/finalpage/2026-03-27/1225038263.PDF,2026-03-27T07:00:00Z,860c455bbad9be59d3d1bf64bf683733feb79157212532df44b91d49a0b03c2a,否,DeepFinEval audit,observed_cninfo_first_publication,Official filing for operating_revenue (2025-12-31) first became public on 2026-03-27T07:00:00Z; ground-truth value is taken from the filing body.,是,operating_revenue,CNY,187465000000.0
C-CN_A-20251231-601398-net_profit,C,2025-12-31,2026-03-28T07:00:00Z,https://static.cninfo.com.cn/finalpage/2026-03-28/1225047240.PDF,2026-03-28T07:00:00Z,e2edab73032f143aad881f612382bc613c8b96b424bb197b125d64a0ef23c78b,否,DeepFinEval audit,observed_cninfo_first_publication,Official filing for net_profit (2025-12-31) first became public on 2026-03-28T07:00:00Z; ground-truth value is taken from the filing body.,是,net_profit,CNY,98654000000.0
C-CN_A-20251231-601398-operating_revenue,C,2025-12-31,2026-03-28T07:00:00Z,https://static.cninfo.com.cn/finalpage/2026-03-28/1225047240.PDF,2026-03-28T07:00:00Z,e2edab73032f143aad881f612382bc613c8b96b424bb197b125d64a0ef23c78b,否,DeepFinEval audit,observed_cninfo_first_publication,Official filing for operating_revenue (2025-12-31) first became public on 2026-03-28T07:00:00Z; ground-truth value is taken from the filing body.,是,operating_revenue,CNY,197965000000.0
C-CN_A-20251231-601668-net_profit,C,2025-12-31,2026-04-18T07:00:00Z,https://static.cninfo.com.cn/finalpage/2026-04-18/1225123321.PDF,2026-04-18T07:00:00Z,be7c5a9a87af23f0f08405942c4159aac7be9dbb72c6979da56b81e69f588815,否,DeepFinEval audit,observed_cninfo_first_publication,Official filing for net_profit (2025-12-31) first became public on 2026-04-18T07:00:00Z; ground-truth value is taken from the filing body.,是,net_profit,CNY,886600000.0
C-CN_A-20251231-601668-operating_revenue,C,2025-12-31,2026-04-18T07:00:00Z,https://static.cninfo.com.cn/finalpage/2026-04-18/1225123321.PDF,2026-04-18T07:00:00Z,be7c5a9a87af23f0f08405942c4159aac7be9dbb72c6979da56b81e69f588815,否,DeepFinEval audit,observed_cninfo_first_publication,Official filing for operating_revenue (2025-12-31) first became public on 2026-04-18T07:00:00Z; ground-truth value is taken from the filing body.,是,operating_revenue,CNY,523921930000.0
C-CN_A-20251231-601888-net_profit,C,2025-12-31,2026-03-31T07:00:00Z,https://static.cninfo.com.cn/finalpage/2026-03-31/1225063442.PDF,2026-03-31T07:00:00Z,295c5638af6ce04d2890c073c269c364d3f880fa224ace06df8bc75e0a610ec8,否,DeepFinEval audit,observed_cninfo_first_publication,Official filing for net_profit (2025-12-31) first became public on 2026-03-31T07:00:00Z; ground-truth value is taken from the filing body.,是,net_profit,CNY,534218079.99
C-CN_A-20251231-601888-operating_revenue,C,2025-12-31,2026-03-31T07:00:00Z,https://static.cninfo.com.cn/finalpage/2026-03-31/1225063442.PDF,2026-03-31T07:00:00Z,295c5638af6ce04d2890c073c269c364d3f880fa224ace06df8bc75e0a610ec8,否,DeepFinEval audit,observed_cninfo_first_publication,Official filing for operating_revenue (2025-12-31) first became public on 2026-03-31T07:00:00Z; ground-truth value is taken from the filing body.,是,operating_revenue,CNY,13831460255.91
C-CN_A-20251231-603259-net_profit,C,2025-12-31,2026-03-24T07:00:00Z,https://static.cninfo.com.cn/finalpage/2026-03-24/1225025225.PDF,2026-03-24T07:00:00Z,7f1431d66eae399d4b35639bb650e23287c7f52dacbb47b4b4a197fb5026d6a2,否,DeepFinEval audit,observed_cninfo_first_publication,Official filing for net_profit (2025-12-31) first became public on 2026-03-24T07:00:00Z; ground-truth value is taken from the filing body.,是,net_profit,CNY,7075069443.77
C-CN_A-20251231-603259-operating_revenue,C,2025-12-31,2026-03-24T07:00:00Z,https://static.cninfo.com.cn/finalpage/2026-03-24/1225025225.PDF,2026-03-24T07:00:00Z,7f1431d66eae399d4b35639bb650e23287c7f52dacbb47b4b4a197fb5026d6a2,否,DeepFinEval audit,observed_cninfo_first_publication,Official filing for operating_revenue (2025-12-31) first became public on 2026-03-24T07:00:00Z; ground-truth value is taken from the filing body.,是,operating_revenue,CNY,12599449265.32
C-CN_A-20251231-603288-net_profit,C,2025-12-31,2026-03-27T07:00:00Z,https://static.cninfo.com.cn/finalpage/2026-03-27/1225038237.PDF,2026-03-27T07:00:00Z,2c7fba45257decc8edc4a0d8462c51accf146593f8c6097b26ed5ad52cf4115e,否,DeepFinEval audit,observed_cninfo_first_publication,Official filing for net_profit (2025-12-31) first became public on 2026-03-27T07:00:00Z; ground-truth value is taken from the filing body.,是,net_profit,CNY,1716257162.76
C-CN_A-20251231-603288-operating_revenue,C,2025-12-31,2026-03-27T07:00:00Z,https://static.cninfo.com.cn/finalpage/2026-03-27/1225038237.PDF,2026-03-27T07:00:00Z,2c7fba45257decc8edc4a0d8462c51accf146593f8c6097b26ed5ad52cf4115e,否,DeepFinEval audit,observed_cninfo_first_publication,Official filing for operating_revenue (2025-12-31) first became public on 2026-03-27T07:00:00Z; ground-truth value is taken from the filing body.,是,operating_revenue,CNY,7245485260.55
C-CN_A-20251231-688981-net_profit,C,2025-12-31,2026-03-27T07:00:00Z,https://static.cninfo.com.cn/finalpage/2026-03-27/1225037057.PDF,2026-03-27T07:00:00Z,c022cf9323967f66a239ce4f60b30507bc341db6e660a53db9c2966a9ef35531,否,DeepFinEval audit,observed_cninfo_first_publication,Official filing for net_profit (2025-12-31) first became public on 2026-03-27T07:00:00Z; ground-truth value is taken from the filing body.,是,net_profit,CNY,685131000.0
C-CN_A-20251231-688981-operating_revenue,C,2025-12-31,2026-03-27T07:00:00Z,https://static.cninfo.com.cn/finalpage/2026-03-27/1225037057.PDF,2026-03-27T07:00:00Z,c022cf9323967f66a239ce4f60b30507bc341db6e660a53db9c2966a9ef35531,否,DeepFinEval audit,observed_cninfo_first_publication,Official filing for operating_revenue (2025-12-31) first became public on 2026-03-27T07:00:00Z; ground-truth value is taken from the filing body.,是,operating_revenue,CNY,9326799000.0
C-CN_A-20260130-000002-net_profit,C,2026-01-30,2026-04-01T07:00:00Z,https://static.cninfo.com.cn/finalpage/2026-04-01/1225067794.PDF,2026-04-01T07:00:00Z,b2befc9da2a9e09c798702c351e6af65a4b148e32baa07737b941edc2caf1eba,否,DeepFinEval audit,observed_cninfo_first_publication,Official filing for net_profit (2025-12-31) first became public on 2026-04-01T07:00:00Z; ground-truth value is taken from the filing body.,是,net_profit,CNY,-60540634818.7
C-CN_A-20260130-000002-operating_revenue,C,2026-01-30,2026-04-01T07:00:00Z,https://static.cninfo.com.cn/finalpage/2026-04-01/1225067794.PDF,2026-04-01T07:00:00Z,b2befc9da2a9e09c798702c351e6af65a4b148e32baa07737b941edc2caf1eba,否,DeepFinEval audit,observed_cninfo_first_publication,Official filing for operating_revenue (2025-12-31) first became public on 2026-04-01T07:00:00Z; ground-truth value is taken from the filing body.,是,operating_revenue,CNY,72044353513.39
C-CN_A-20260130-000333-net_profit,C,2026-01-30,2026-03-31T07:00:00Z,https://static.cninfo.com.cn/finalpage/2026-03-31/1225065145.PDF,2026-03-31T07:00:00Z,16f95f70527db59dcf2736f276a9479cf7ee917e5f71e4f6cbbe83acbad9f4b6,否,DeepFinEval audit,observed_cninfo_first_publication,Official filing for net_profit (2025-12-31) first became public on 2026-03-31T07:00:00Z; ground-truth value is taken from the filing body.,是,net_profit,CNY,6062028000.0
C-CN_A-20260130-000333-operating_revenue,C,2026-01-30,2026-03-31T07:00:00Z,https://static.cninfo.com.cn/finalpage/2026-03-31/1225065145.PDF,2026-03-31T07:00:00Z,16f95f70527db59dcf2736f276a9479cf7ee917e5f71e4f6cbbe83acbad9f4b6,否,DeepFinEval audit,observed_cninfo_first_publication,Official filing for operating_revenue (2025-12-31) first became public on 2026-03-31T07:00:00Z; ground-truth value is taken from the filing body.,是,operating_revenue,CNY,93786331000.0
C-CN_A-20260130-000651-net_profit,C,2026-01-30,2026-04-29T07:00:00Z,https://static.cninfo.com.cn/finalpage/2026-04-29/1225250396.PDF,2026-04-29T07:00:00Z,7cc972f2d199e2ec3797cc5da479e8268afa59b77875770de3bcd3648242fb8c,否,DeepFinEval audit,observed_cninfo_first_publication,Official filing for net_profit (2025-12-31) first became public on 2026-04-29T07:00:00Z; ground-truth value is taken from the filing body.,是,net_profit,CNY,7541766605.12
C-CN_A-20260130-000651-operating_revenue,C,2026-01-30,2026-04-29T07:00:00Z,https://static.cninfo.com.cn/finalpage/2026-04-29/1225250396.PDF,2026-04-29T07:00:00Z,7cc972f2d199e2ec3797cc5da479e8268afa59b77875770de3bcd3648242fb8c,否,DeepFinEval audit,observed_cninfo_first_publication,Official filing for operating_revenue (2025-12-31) first became public on 2026-04-29T07:00:00Z; ground-truth value is taken from the filing body.,是,operating_revenue,CNY,33464629781.43
C-CN_A-20260130-000858-net_profit,C,2026-01-30,2026-04-30T07:00:00Z,https://static.cninfo.com.cn/finalpage/2026-04-30/1225273091.PDF,2026-04-30T07:00:00Z,09133e1f44b3bb4b2cebe211529ad68f5b04b6be10b43870f2a78c947d5910a4,否,DeepFinEval audit,observed_cninfo_first_publication,Official filing for net_profit (2025-12-31) first became public on 2026-04-30T07:00:00Z; ground-truth value is taken from the filing body.,是,net_profit,CNY,2479705410.33
C-CN_A-20260130-000858-operating_revenue,C,2026-01-30,2026-04-30T07:00:00Z,https://static.cninfo.com.cn/finalpage/2026-04-30/1225273091.PDF,2026-04-30T07:00:00Z,09133e1f44b3bb4b2cebe211529ad68f5b04b6be10b43870f2a78c947d5910a4,否,DeepFinEval audit,observed_cninfo_first_publication,Official filing for operating_revenue (2025-12-31) first became public on 2026-04-30T07:00:00Z; ground-truth value is taken from the filing body.,是,operating_revenue,CNY,9890782115.26
C-CN_A-20260130-002594-net_profit,C,2026-01-30,2026-03-28T07:00:00Z,https://static.cninfo.com.cn/finalpage/2026-03-28/1225045351.PDF,2026-03-28T07:00:00Z,710d8b2e08e37ba521f1c4071d2c3e2369d3cadabc21a45073215d9f72138b0b,否,DeepFinEval audit,observed_cninfo_first_publication,Official filing for net_profit (2025-12-31) first became public on 2026-03-28T07:00:00Z; ground-truth value is taken from the filing body.,是,net_profit,CNY,9285849000.0
C-CN_A-20260130-002594-operating_revenue,C,2026-01-30,2026-03-28T07:00:00Z,https://static.cninfo.com.cn/finalpage/2026-03-28/1225045351.PDF,2026-03-28T07:00:00Z,710d8b2e08e37ba521f1c4071d2c3e2369d3cadabc21a45073215d9f72138b0b,否,DeepFinEval audit,observed_cninfo_first_publication,Official filing for operating_revenue (2025-12-31) first became public on 2026-03-28T07:00:00Z; ground-truth value is taken from the filing body.,是,operating_revenue,CNY,237699412000.0
C-CN_A-20260130-300059-net_profit,C,2026-01-30,2026-03-20T07:00:00Z,https://static.cninfo.com.cn/finalpage/2026-03-20/1225019509.PDF,2026-03-20T07:00:00Z,a5edb3304600d7ff7faeefa65fea3846f4326743cc72d9ade14cf93af20c1737,否,DeepFinEval audit,observed_cninfo_first_publication,Official filing for net_profit (2025-12-31) first became public on 2026-03-20T07:00:00Z; ground-truth value is taken from the filing body.,是,net_profit,CNY,2987345074.9
C-CN_A-20260130-300059-operating_revenue,C,2026-01-30,2026-03-20T07:00:00Z,https://static.cninfo.com.cn/finalpage/2026-03-20/1225019509.PDF,2026-03-20T07:00:00Z,a5edb3304600d7ff7faeefa65fea3846f4326743cc72d9ade14cf93af20c1737,否,DeepFinEval audit,observed_cninfo_first_publication,Official filing for operating_revenue (2025-12-31) first became public on 2026-03-20T07:00:00Z; ground-truth value is taken from the filing body.,是,operating_revenue,CNY,4478791924.55
C-CN_A-20260130-300750-net_profit,C,2026-01-30,2026-03-10T07:00:00Z,https://static.cninfo.com.cn/finalpage/2026-03-10/1225002214.PDF,2026-03-10T07:00:00Z,c15272977147dee7e6935a38ea0e4fd6855370aabb106f54cfe20f7cf6048ec9,否,DeepFinEval audit,observed_cninfo_first_publication,Official filing for net_profit (2025-12-31) first became public on 2026-03-10T07:00:00Z; ground-truth value is taken from the filing body.,是,net_profit,CNY,23167173000.0
C-CN_A-20260130-300750-operating_revenue,C,2026-01-30,2026-03-10T07:00:00Z,https://static.cninfo.com.cn/finalpage/2026-03-10/1225002214.PDF,2026-03-10T07:00:00Z,c15272977147dee7e6935a38ea0e4fd6855370aabb106f54cfe20f7cf6048ec9,否,DeepFinEval audit,observed_cninfo_first_publication,Official filing for operating_revenue (2025-12-31) first became public on 2026-03-10T07:00:00Z; ground-truth value is taken from the filing body.,是,operating_revenue,CNY,140629847000.0
C-CN_A-20260130-300760-net_profit,C,2026-01-30,2026-03-31T07:00:00Z,https://static.cninfo.com.cn/finalpage/2026-03-31/1225059012.PDF,2026-03-31T07:00:00Z,b740bc7c4c8839639cf1f86ad0ebac0405924c9b2b595958509e6d8659ba41c3,否,DeepFinEval audit,observed_cninfo_first_publication,Official filing for net_profit (2025-12-31) first became public on 2026-03-31T07:00:00Z; ground-truth value is taken from the filing body.,是,net_profit,CNY,565730891.0
C-CN_A-20260130-300760-operating_revenue,C,2026-01-30,2026-03-31T07:00:00Z,https://static.cninfo.com.cn/finalpage/2026-03-31/1225059012.PDF,2026-03-31T07:00:00Z,b740bc7c4c8839639cf1f86ad0ebac0405924c9b2b595958509e6d8659ba41c3,否,DeepFinEval audit,observed_cninfo_first_publication,Official filing for operating_revenue (2025-12-31) first became public on 2026-03-31T07:00:00Z; ground-truth value is taken from the filing body.,是,operating_revenue,CNY,7448252861.0
C-CN_A-20260130-600030-net_profit,C,2026-01-30,2026-03-27T07:00:00Z,https://static.cninfo.com.cn/finalpage/2026-03-27/1225036081.PDF,2026-03-27T07:00:00Z,438f2a53dcf4bf0569b6783b51674aae25076d23d53198b08cf7b539e14003c2,否,DeepFinEval audit,observed_cninfo_first_publication,Official filing for net_profit (2025-12-31) first became public on 2026-03-27T07:00:00Z; ground-truth value is taken from the filing body.,是,net_profit,CNY,6917186378.96
C-CN_A-20260130-600030-operating_revenue,C,2026-01-30,2026-03-27T07:00:00Z,https://static.cninfo.com.cn/finalpage/2026-03-27/1225036081.PDF,2026-03-27T07:00:00Z,438f2a53dcf4bf0569b6783b51674aae25076d23d53198b08cf7b539e14003c2,否,DeepFinEval audit,observed_cninfo_first_publication,Official filing for operating_revenue (2025-12-31) first became public on 2026-03-27T07:00:00Z; ground-truth value is taken from the filing body.,是,operating_revenue,CNY,19008279338.28
C-CN_A-20260130-600036-net_profit,C,2026-01-30,2026-03-28T07:00:00Z,https://static.cninfo.com.cn/finalpage/2026-03-28/1225047590.PDF,2026-03-28T07:00:00Z,abe612a273468072b176dd51ea460c1e1596f8ca729cbc6db3fa28ba9a57ea79,否,DeepFinEval audit,observed_cninfo_first_publication,Official filing for net_profit (2025-12-31) first became public on 2026-03-28T07:00:00Z; ground-truth value is taken from the filing body.,是,net_profit,CNY,36409000000.0
C-CN_A-20260130-600036-operating_revenue,C,2026-01-30,2026-03-28T07:00:00Z,https://static.cninfo.com.cn/finalpage/2026-03-28/1225047590.PDF,2026-03-28T07:00:00Z,abe612a273468072b176dd51ea460c1e1596f8ca729cbc6db3fa28ba9a57ea79,否,DeepFinEval audit,observed_cninfo_first_publication,Official filing for operating_revenue (2025-12-31) first became public on 2026-03-28T07:00:00Z; ground-truth value is taken from the filing body.,是,operating_revenue,CNY,80639000000.0
C-CN_A-20260130-600276-net_profit,C,2026-01-30,2026-03-26T07:00:00Z,https://static.cninfo.com.cn/finalpage/2026-03-26/1225032585.PDF,2026-03-26T07:00:00Z,fae80e2d132f5b6f2bfbb8bcdfd40e1267edb91d689389d63c8e291b0856ace6,否,DeepFinEval audit,observed_cninfo_first_publication,Official filing for net_profit (2025-12-31) first became public on 2026-03-26T07:00:00Z; ground-truth value is taken from the filing body.,是,net_profit,CNY,1959885274.33
C-CN_A-20260130-600276-operating_revenue,C,2026-01-30,2026-03-26T07:00:00Z,https://static.cninfo.com.cn/finalpage/2026-03-26/1225032585.PDF,2026-03-26T07:00:00Z,fae80e2d132f5b6f2bfbb8bcdfd40e1267edb91d689389d63c8e291b0856ace6,否,DeepFinEval audit,observed_cninfo_first_publication,Official filing for operating_revenue (2025-12-31) first became public on 2026-03-26T07:00:00Z; ground-truth value is taken from the filing body.,是,operating_revenue,CNY,8441334265.06
C-CN_A-20260130-600519-net_profit,C,2026-01-30,2026-04-17T07:00:00Z,https://static.cninfo.com.cn/finalpage/2026-04-17/1225114741.PDF,2026-04-17T07:00:00Z,474905deeaf0f875fc0a1b097a626c0c7852c427faadc5d7fc7816cbf45ea288,否,DeepFinEval audit,observed_cninfo_first_publication,Official filing for net_profit (2025-12-31) first became public on 2026-04-17T07:00:00Z; ground-truth value is taken from the filing body.,是,net_profit,CNY,17693320389.5
C-CN_A-20260130-600519-operating_revenue,C,2026-01-30,2026-04-17T07:00:00Z,https://static.cninfo.com.cn/finalpage/2026-04-17/1225114741.PDF,2026-04-17T07:00:00Z,474905deeaf0f875fc0a1b097a626c0c7852c427faadc5d7fc7816cbf45ea288,否,DeepFinEval audit,observed_cninfo_first_publication,Official filing for operating_revenue (2025-12-31) first became public on 2026-04-17T07:00:00Z; ground-truth value is taken from the filing body.,是,operating_revenue,CNY,41150282256.03
C-CN_A-20260130-601012-net_profit,C,2026-01-30,2026-04-29T07:00:00Z,https://static.cninfo.com.cn/finalpage/2026-04-29/1225251647.PDF,2026-04-29T07:00:00Z,10233740d54740b89dfd772eecac5f04d8fef639489acd3b18b1a35e81bce2c1,否,DeepFinEval audit,observed_cninfo_first_publication,Official filing for net_profit (2025-12-31) first became public on 2026-04-29T07:00:00Z; ground-truth value is taken from the filing body.,是,net_profit,CNY,-3016087402.85
C-CN_A-20260130-601012-operating_revenue,C,2026-01-30,2026-04-29T07:00:00Z,https://static.cninfo.com.cn/finalpage/2026-04-29/1225251647.PDF,2026-04-29T07:00:00Z,10233740d54740b89dfd772eecac5f04d8fef639489acd3b18b1a35e81bce2c1,否,DeepFinEval audit,observed_cninfo_first_publication,Official filing for operating_revenue (2025-12-31) first became public on 2026-04-29T07:00:00Z; ground-truth value is taken from the filing body.,是,operating_revenue,CNY,19432482095.42
C-CN_A-20260130-601318-net_profit,C,2026-01-30,2026-03-27T07:00:00Z,https://static.cninfo.com.cn/finalpage/2026-03-27/1225038263.PDF,2026-03-27T07:00:00Z,860c455bbad9be59d3d1bf64bf683733feb79157212532df44b91d49a0b03c2a,否,DeepFinEval audit,observed_cninfo_first_publication,Official filing for net_profit (2025-12-31) first became public on 2026-03-27T07:00:00Z; ground-truth value is taken from the filing body.,是,net_profit,CNY,1922000000.0
C-CN_A-20260130-601318-operating_revenue,C,2026-01-30,2026-03-27T07:00:00Z,https://static.cninfo.com.cn/finalpage/2026-03-27/1225038263.PDF,2026-03-27T07:00:00Z,860c455bbad9be59d3d1bf64bf683733feb79157212532df44b91d49a0b03c2a,否,DeepFinEval audit,observed_cninfo_first_publication,Official filing for operating_revenue (2025-12-31) first became public on 2026-03-27T07:00:00Z; ground-truth value is taken from the filing body.,是,operating_revenue,CNY,187465000000.0
C-CN_A-20260130-601398-net_profit,C,2026-01-30,2026-03-28T07:00:00Z,https://static.cninfo.com.cn/finalpage/2026-03-28/1225047240.PDF,2026-03-28T07:00:00Z,e2edab73032f143aad881f612382bc613c8b96b424bb197b125d64a0ef23c78b,否,DeepFinEval audit,observed_cninfo_first_publication,Official filing for net_profit (2025-12-31) first became public on 2026-03-28T07:00:00Z; ground-truth value is taken from the filing body.,是,net_profit,CNY,98654000000.0
C-CN_A-20260130-601398-operating_revenue,C,2026-01-30,2026-03-28T07:00:00Z,https://static.cninfo.com.cn/finalpage/2026-03-28/1225047240.PDF,2026-03-28T07:00:00Z,e2edab73032f143aad881f612382bc613c8b96b424bb197b125d64a0ef23c78b,否,DeepFinEval audit,observed_cninfo_first_publication,Official filing for operating_revenue (2025-12-31) first became public on 2026-03-28T07:00:00Z; ground-truth value is taken from the filing body.,是,operating_revenue,CNY,197965000000.0
C-CN_A-20260130-601668-net_profit,C,2026-01-30,2026-04-18T07:00:00Z,https://static.cninfo.com.cn/finalpage/2026-04-18/1225123321.PDF,2026-04-18T07:00:00Z,be7c5a9a87af23f0f08405942c4159aac7be9dbb72c6979da56b81e69f588815,否,DeepFinEval audit,observed_cninfo_first_publication,Official filing for net_profit (2025-12-31) first became public on 2026-04-18T07:00:00Z; ground-truth value is taken from the filing body.,是,net_profit,CNY,886600000.0
C-CN_A-20260130-601668-operating_revenue,C,2026-01-30,2026-04-18T07:00:00Z,https://static.cninfo.com.cn/finalpage/2026-04-18/1225123321.PDF,2026-04-18T07:00:00Z,be7c5a9a87af23f0f08405942c4159aac7be9dbb72c6979da56b81e69f588815,否,DeepFinEval audit,observed_cninfo_first_publication,Official filing for operating_revenue (2025-12-31) first became public on 2026-04-18T07:00:00Z; ground-truth value is taken from the filing body.,是,operating_revenue,CNY,523921930000.0
C-CN_A-20260130-601888-net_profit,C,2026-01-30,2026-03-31T07:00:00Z,https://static.cninfo.com.cn/finalpage/2026-03-31/1225063442.PDF,2026-03-31T07:00:00Z,295c5638af6ce04d2890c073c269c364d3f880fa224ace06df8bc75e0a610ec8,否,DeepFinEval audit,observed_cninfo_first_publication,Official filing for net_profit (2025-12-31) first became public on 2026-03-31T07:00:00Z; ground-truth value is taken from the filing body.,是,net_profit,CNY,534218079.99
C-CN_A-20260130-601888-operating_revenue,C,2026-01-30,2026-03-31T07:00:00Z,https://static.cninfo.com.cn/finalpage/2026-03-31/1225063442.PDF,2026-03-31T07:00:00Z,295c5638af6ce04d2890c073c269c364d3f880fa224ace06df8bc75e0a610ec8,否,DeepFinEval audit,observed_cninfo_first_publication,Official filing for operating_revenue (2025-12-31) first became public on 2026-03-31T07:00:00Z; ground-truth value is taken from the filing body.,是,operating_revenue,CNY,13831460255.91
C-CN_A-20260130-603259-net_profit,C,2026-01-30,2026-03-24T07:00:00Z,https://static.cninfo.com.cn/finalpage/2026-03-24/1225025225.PDF,2026-03-24T07:00:00Z,7f1431d66eae399d4b35639bb650e23287c7f52dacbb47b4b4a197fb5026d6a2,否,DeepFinEval audit,observed_cninfo_first_publication,Official filing for net_profit (2025-12-31) first became public on 2026-03-24T07:00:00Z; ground-truth value is taken from the filing body.,是,net_profit,CNY,7075069443.77
C-CN_A-20260130-603259-operating_revenue,C,2026-01-30,2026-03-24T07:00:00Z,https://static.cninfo.com.cn/finalpage/2026-03-24/1225025225.PDF,2026-03-24T07:00:00Z,7f1431d66eae399d4b35639bb650e23287c7f52dacbb47b4b4a197fb5026d6a2,否,DeepFinEval audit,observed_cninfo_first_publication,Official filing for operating_revenue (2025-12-31) first became public on 2026-03-24T07:00:00Z; ground-truth value is taken from the filing body.,是,operating_revenue,CNY,12599449265.32
C-CN_A-20260130-603288-net_profit,C,2026-01-30,2026-03-27T07:00:00Z,https://static.cninfo.com.cn/finalpage/2026-03-27/1225038237.PDF,2026-03-27T07:00:00Z,2c7fba45257decc8edc4a0d8462c51accf146593f8c6097b26ed5ad52cf4115e,否,DeepFinEval audit,observed_cninfo_first_publication,Official filing for net_profit (2025-12-31) first became public on 2026-03-27T07:00:00Z; ground-truth value is taken from the filing body.,是,net_profit,CNY,1716257162.76
C-CN_A-20260130-603288-operating_revenue,C,2026-01-30,2026-03-27T07:00:00Z,https://static.cninfo.com.cn/finalpage/2026-03-27/1225038237.PDF,2026-03-27T07:00:00Z,2c7fba45257decc8edc4a0d8462c51accf146593f8c6097b26ed5ad52cf4115e,否,DeepFinEval audit,observed_cninfo_first_publication,Official filing for operating_revenue (2025-12-31) first became public on 2026-03-27T07:00:00Z; ground-truth value is taken from the filing body.,是,operating_revenue,CNY,7245485260.55
C-CN_A-20260130-688981-net_profit,C,2026-01-30,2026-03-27T07:00:00Z,https://static.cninfo.com.cn/finalpage/2026-03-27/1225037057.PDF,2026-03-27T07:00:00Z,c022cf9323967f66a239ce4f60b30507bc341db6e660a53db9c2966a9ef35531,否,DeepFinEval audit,observed_cninfo_first_publication,Official filing for net_profit (2025-12-31) first became public on 2026-03-27T07:00:00Z; ground-truth value is taken from the filing body.,是,net_profit,CNY,685131000.0
C-CN_A-20260130-688981-operating_revenue,C,2026-01-30,2026-03-27T07:00:00Z,https://static.cninfo.com.cn/finalpage/2026-03-27/1225037057.PDF,2026-03-27T07:00:00Z,c022cf9323967f66a239ce4f60b30507bc341db6e660a53db9c2966a9ef35531,否,DeepFinEval audit,observed_cninfo_first_publication,Official filing for operating_revenue (2025-12-31) first became public on 2026-03-27T07:00:00Z; ground-truth value is taken from the filing body.,是,operating_revenue,CNY,9326799000.0
C-HK-20250606-0005-net_profit,C,2025-06-06,2025-07-30T08:00:00Z,https://www1.hkexnews.hk/listedco/listconews/sehk/2025/0730/2025073000183.pdf,2025-07-30T08:00:00Z,1a1b73d21a3bc02b4cd7185c004ae41fda6520744b19fad028394dcf0901aab3,否,DeepFinEval audit,observed_hkex_first_publication,Official filing for net_profit (2025-06-30) first became public on 2025-07-30T08:00:00Z; ground-truth value is taken from the filing body.,是,net_profit,HKD,4733000000.0
C-HK-20250606-0005-operating_revenue,C,2025-06-06,2025-07-30T08:00:00Z,https://www1.hkexnews.hk/listedco/listconews/sehk/2025/0730/2025073000183.pdf,2025-07-30T08:00:00Z,1a1b73d21a3bc02b4cd7185c004ae41fda6520744b19fad028394dcf0901aab3,否,DeepFinEval audit,observed_hkex_first_publication,Official filing for operating_revenue (2025-06-30) first became public on 2025-07-30T08:00:00Z; ground-truth value is taken from the filing body.,是,operating_revenue,HKD,17657000000.0
C-HK-20250606-0388-net_profit,C,2025-06-06,2025-08-20T08:00:00Z,https://www1.hkexnews.hk/listedco/listconews/sehk/2025/0820/2025082000191.pdf,2025-08-20T08:00:00Z,92858bd812b19c7eca89699d826aec5b97a3d772b9bb91bc0c5be712f6c99ecd,否,DeepFinEval audit,observed_hkex_first_publication,Official filing for net_profit (2025-06-30) first became public on 2025-08-20T08:00:00Z; ground-truth value is taken from the filing body.,是,net_profit,HKD,4442000000.0
C-HK-20250606-0388-operating_revenue,C,2025-06-06,2025-08-20T08:00:00Z,https://www1.hkexnews.hk/listedco/listconews/sehk/2025/0820/2025082000191.pdf,2025-08-20T08:00:00Z,92858bd812b19c7eca89699d826aec5b97a3d772b9bb91bc0c5be712f6c99ecd,否,DeepFinEval audit,observed_hkex_first_publication,Official filing for operating_revenue (2025-06-30) first became public on 2025-08-20T08:00:00Z; ground-truth value is taken from the filing body.,是,operating_revenue,HKD,5538000000.0
C-HK-20250606-0700-net_profit,C,2025-06-06,2026-03-18T08:00:00Z,https://www1.hkexnews.hk/listedco/listconews/sehk/2026/0318/2026031800388.pdf,2026-03-18T08:00:00Z,b44ff0a1bf467361b70cc0046a5bd2245d927ce69e536d32ac883ea992640f3d,否,DeepFinEval audit,observed_hkex_first_publication,Official filing for net_profit (2025-12-31) first became public on 2026-03-18T08:00:00Z; ground-truth value is taken from the filing body.,是,net_profit,HKD,224842000000.0
C-HK-20250606-0700-operating_revenue,C,2025-06-06,2026-03-18T08:00:00Z,https://www1.hkexnews.hk/listedco/listconews/sehk/2026/0318/2026031800388.pdf,2026-03-18T08:00:00Z,b44ff0a1bf467361b70cc0046a5bd2245d927ce69e536d32ac883ea992640f3d,否,DeepFinEval audit,observed_hkex_first_publication,Official filing for operating_revenue (2025-12-31) first became public on 2026-03-18T08:00:00Z; ground-truth value is taken from the filing body.,是,operating_revenue,HKD,751766000000.0
C-HK-20250606-0883-net_profit,C,2025-06-06,2026-03-26T08:00:00Z,https://www1.hkexnews.hk/listedco/listconews/sehk/2026/0326/2026032600500.pdf,2026-03-26T08:00:00Z,6e1ed02c840c433c53fdc597d32c9a9b58e275042df221d3f50b36bdd8c938a0,否,DeepFinEval audit,observed_hkex_first_publication,Official filing for net_profit (2025-12-31) first became public on 2026-03-26T08:00:00Z; ground-truth value is taken from the filing body.,是,net_profit,HKD,122082000000.0
C-HK-20250606-0883-operating_revenue,C,2025-06-06,2026-03-26T08:00:00Z,https://www1.hkexnews.hk/listedco/listconews/sehk/2026/0326/2026032600500.pdf,2026-03-26T08:00:00Z,6e1ed02c840c433c53fdc597d32c9a9b58e275042df221d3f50b36bdd8c938a0,否,DeepFinEval audit,observed_hkex_first_publication,Official filing for operating_revenue (2025-12-31) first became public on 2026-03-26T08:00:00Z; ground-truth value is taken from the filing body.,是,operating_revenue,HKD,398220000000.0
C-HK-20250606-0939-net_profit,C,2025-06-06,2025-08-29T08:00:00Z,https://www1.hkexnews.hk/listedco/listconews/sehk/2025/0829/2025082901199.pdf,2025-08-29T08:00:00Z,9afdc8db500cd3f26e555e9cabc502a1de529b6784600789f89d98fc7d03a1d6,否,DeepFinEval audit,observed_hkex_first_publication,Official filing for net_profit (2025-06-30) first became public on 2025-08-29T08:00:00Z; ground-truth value is taken from the filing body.,是,net_profit,HKD,78725000000.0
C-HK-20250606-0939-operating_revenue,C,2025-06-06,2025-08-29T08:00:00Z,https://www1.hkexnews.hk/listedco/listconews/sehk/2025/0829/2025082901199.pdf,2025-08-29T08:00:00Z,9afdc8db500cd3f26e555e9cabc502a1de529b6784600789f89d98fc7d03a1d6,否,DeepFinEval audit,observed_hkex_first_publication,Official filing for operating_revenue (2025-06-30) first became public on 2025-08-29T08:00:00Z; ground-truth value is taken from the filing body.,是,operating_revenue,HKD,204506000000.0
C-HK-20250606-0941-net_profit,C,2025-06-06,2026-03-26T08:00:00Z,https://www1.hkexnews.hk/listedco/listconews/sehk/2026/0326/2026032600468.pdf,2026-03-26T08:00:00Z,8a58b046c3a1dcd4c6f9252c1b8445f1a128c00ec9f9ee3a117f5b684d97163d,否,DeepFinEval audit,observed_hkex_first_publication,Official filing for net_profit (2025-12-31) first became public on 2026-03-26T08:00:00Z; ground-truth value is taken from the filing body.,是,net_profit,HKD,137095000000.0
C-HK-20250606-0941-operating_revenue,C,2025-06-06,2026-03-26T08:00:00Z,https://www1.hkexnews.hk/listedco/listconews/sehk/2026/0326/2026032600468.pdf,2026-03-26T08:00:00Z,8a58b046c3a1dcd4c6f9252c1b8445f1a128c00ec9f9ee3a117f5b684d97163d,否,DeepFinEval audit,observed_hkex_first_publication,Official filing for operating_revenue (2025-12-31) first became public on 2026-03-26T08:00:00Z; ground-truth value is taken from the filing body.,是,operating_revenue,HKD,1050187000000.0
C-HK-20250606-1299-net_profit,C,2025-06-06,2026-03-19T08:00:00Z,https://www1.hkexnews.hk/listedco/listconews/sehk/2026/0319/2026031900001.pdf,2026-03-19T08:00:00Z,b385e5c09b97221cda9e63af2045125f9bd6bfa7aeea724da31dc33c1718bc47,否,DeepFinEval audit,observed_hkex_first_publication,Official filing for net_profit (2025-12-31) first became public on 2026-03-19T08:00:00Z; ground-truth value is taken from the filing body.,是,net_profit,HKD,6234000000.0
C-HK-20250606-1299-operating_revenue,C,2025-06-06,2026-03-19T08:00:00Z,https://www1.hkexnews.hk/listedco/listconews/sehk/2026/0319/2026031900001.pdf,2026-03-19T08:00:00Z,b385e5c09b97221cda9e63af2045125f9bd6bfa7aeea724da31dc33c1718bc47,否,DeepFinEval audit,observed_hkex_first_publication,Official filing for operating_revenue (2025-12-31) first became public on 2026-03-19T08:00:00Z; ground-truth value is taken from the filing body.,是,operating_revenue,HKD,39604000000.0
C-HK-20250606-1398-net_profit,C,2025-06-06,2025-08-29T08:00:00Z,https://www1.hkexnews.hk/listedco/listconews/sehk/2025/0829/2025082900791.pdf,2025-08-29T08:00:00Z,fd0c071788e780ed310842b1a18312702fbaee4ecf385e1de2831234a3009acb,否,DeepFinEval audit,observed_hkex_first_publication,Official filing for net_profit (2025-06-30) first became public on 2025-08-29T08:00:00Z; ground-truth value is taken from the filing body.,是,net_profit,HKD,83947000000.0
C-HK-20250606-1398-operating_revenue,C,2025-06-06,2025-08-29T08:00:00Z,https://www1.hkexnews.hk/listedco/listconews/sehk/2025/0829/2025082900791.pdf,2025-08-29T08:00:00Z,fd0c071788e780ed310842b1a18312702fbaee4ecf385e1de2831234a3009acb,否,DeepFinEval audit,observed_hkex_first_publication,Official filing for operating_revenue (2025-06-30) first became public on 2025-08-29T08:00:00Z; ground-truth value is taken from the filing body.,是,operating_revenue,HKD,212682000000.0
C-HK-20250606-1810-net_profit,C,2025-06-06,2026-03-24T08:00:00Z,https://www1.hkexnews.hk/listedco/listconews/sehk/2026/0324/2026032400608.pdf,2026-03-24T08:00:00Z,a75db672b1f1fe7689cf73fded51a36d6a79de3626ed3b1e8b6e2c5a65b74800,否,DeepFinEval audit,observed_hkex_first_publication,Official filing for net_profit (2025-12-31) first became public on 2026-03-24T08:00:00Z; ground-truth value is taken from the filing body.,是,net_profit,HKD,41643389000.0
C-HK-20250606-1810-operating_revenue,C,2025-06-06,2026-03-24T08:00:00Z,https://www1.hkexnews.hk/listedco/listconews/sehk/2026/0324/2026032400608.pdf,2026-03-24T08:00:00Z,a75db672b1f1fe7689cf73fded51a36d6a79de3626ed3b1e8b6e2c5a65b74800,否,DeepFinEval audit,observed_hkex_first_publication,Official filing for operating_revenue (2025-12-31) first became public on 2026-03-24T08:00:00Z; ground-truth value is taken from the filing body.,是,operating_revenue,HKD,457286687000.0
C-HK-20250606-2318-net_profit,C,2025-06-06,2025-08-26T08:00:00Z,https://www1.hkexnews.hk/listedco/listconews/sehk/2025/0826/2025082600954.pdf,2025-08-26T08:00:00Z,c29076bdfacd517c8a8401aa463343c13fcd77620a8ccfc48624707d7e92fdea,否,DeepFinEval audit,observed_hkex_first_publication,Official filing for net_profit (2025-06-30) first became public on 2025-08-26T08:00:00Z; ground-truth value is taken from the filing body.,是,net_profit,HKD,41031000000.0
C-HK-20250606-2318-operating_revenue,C,2025-06-06,2025-08-26T08:00:00Z,https://www1.hkexnews.hk/listedco/listconews/sehk/2025/0826/2025082600954.pdf,2025-08-26T08:00:00Z,c29076bdfacd517c8a8401aa463343c13fcd77620a8ccfc48624707d7e92fdea,否,DeepFinEval audit,observed_hkex_first_publication,Official filing for operating_revenue (2025-06-30) first became public on 2025-08-26T08:00:00Z; ground-truth value is taken from the filing body.,是,operating_revenue,HKD,235834000000.0
C-HK-20250606-3690-net_profit,C,2025-06-06,2026-06-26T08:00:00Z,https://www1.hkexnews.hk/listedco/listconews/sehk/2026/0626/2026062602731.pdf,2026-06-26T08:00:00Z,a267985eb0c1976189d33badc9efc283ea2179ad07ef870ebac477c70204b9ec,否,DeepFinEval audit,observed_hkex_first_publication,Official filing for net_profit (2025-12-31) first became public on 2026-06-26T08:00:00Z; ground-truth value is taken from the filing body.,是,net_profit,HKD,-23355015000.0
C-HK-20250606-3690-operating_revenue,C,2025-06-06,2026-06-26T08:00:00Z,https://www1.hkexnews.hk/listedco/listconews/sehk/2026/0626/2026062602731.pdf,2026-06-26T08:00:00Z,a267985eb0c1976189d33badc9efc283ea2179ad07ef870ebac477c70204b9ec,否,DeepFinEval audit,observed_hkex_first_publication,Official filing for operating_revenue (2025-12-31) first became public on 2026-06-26T08:00:00Z; ground-truth value is taken from the filing body.,是,operating_revenue,HKD,364854746000.0
C-HK-20250606-9988-net_profit,C,2025-06-06,2025-08-29T08:00:00Z,https://www1.hkexnews.hk/listedco/listconews/sehk/2025/0829/2025082901540.pdf,2025-08-29T08:00:00Z,3ad77de2f03b192f49a1e49cddedf68a1ae60a9dcc8f5d3f5147a3b3971d4dfc,否,DeepFinEval audit,observed_hkex_first_publication,Official filing for net_profit (2025-06-30) first became public on 2025-08-29T08:00:00Z; ground-truth value is taken from the filing body.,是,net_profit,HKD,40649000000.0
C-HK-20250606-9988-operating_revenue,C,2025-06-06,2025-08-29T08:00:00Z,https://www1.hkexnews.hk/listedco/listconews/sehk/2025/0829/2025082901540.pdf,2025-08-29T08:00:00Z,3ad77de2f03b192f49a1e49cddedf68a1ae60a9dcc8f5d3f5147a3b3971d4dfc,否,DeepFinEval audit,observed_hkex_first_publication,Official filing for operating_revenue (2025-06-30) first became public on 2025-08-29T08:00:00Z; ground-truth value is taken from the filing body.,是,operating_revenue,HKD,247652000000.0
C-HK-20251231-0005-net_profit,C,2025-12-31,2026-02-25T08:00:00Z,https://www1.hkexnews.hk/listedco/listconews/sehk/2026/0225/2026022500111.pdf,2026-02-25T08:00:00Z,7c6aa1c7496c3382dc899391be4ced150afb0738517a71eeb0629bb5b6b3319a,否,DeepFinEval audit,observed_hkex_first_publication,Official filing for net_profit (2025-12-31) first became public on 2026-02-25T08:00:00Z; ground-truth value is taken from the filing body.,是,net_profit,HKD,4944000000.0
C-HK-20251231-0005-operating_revenue,C,2025-12-31,2026-02-25T08:00:00Z,https://www1.hkexnews.hk/listedco/listconews/sehk/2026/0225/2026022500111.pdf,2026-02-25T08:00:00Z,7c6aa1c7496c3382dc899391be4ced150afb0738517a71eeb0629bb5b6b3319a,否,DeepFinEval audit,observed_hkex_first_publication,Official filing for operating_revenue (2025-12-31) first became public on 2026-02-25T08:00:00Z; ground-truth value is taken from the filing body.,是,operating_revenue,HKD,17723000000.0
C-HK-20251231-0388-net_profit,C,2025-12-31,2026-04-29T08:00:00Z,https://www1.hkexnews.hk/listedco/listconews/sehk/2026/0429/2026042900419.pdf,2026-04-29T08:00:00Z,2af5e7446758a1ce26aea4c953cced0a2b4e967653bd57207276e3298172a3f1,否,DeepFinEval audit,observed_hkex_first_publication,Official filing for net_profit (2026-03-31) first became public on 2026-04-29T08:00:00Z; ground-truth value is taken from the filing body.,是,net_profit,HKD,5188000000.0
C-HK-20251231-0388-operating_revenue,C,2025-12-31,2026-04-29T08:00:00Z,https://www1.hkexnews.hk/listedco/listconews/sehk/2026/0429/2026042900419.pdf,2026-04-29T08:00:00Z,2af5e7446758a1ce26aea4c953cced0a2b4e967653bd57207276e3298172a3f1,否,DeepFinEval audit,observed_hkex_first_publication,Official filing for operating_revenue (2026-03-31) first became public on 2026-04-29T08:00:00Z; ground-truth value is taken from the filing body.,是,operating_revenue,HKD,6843000000.0
C-HK-20251231-0700-net_profit,C,2025-12-31,2026-03-18T08:00:00Z,https://www1.hkexnews.hk/listedco/listconews/sehk/2026/0318/2026031800388.pdf,2026-03-18T08:00:00Z,b44ff0a1bf467361b70cc0046a5bd2245d927ce69e536d32ac883ea992640f3d,否,DeepFinEval audit,observed_hkex_first_publication,Official filing for net_profit (2025-12-31) first became public on 2026-03-18T08:00:00Z; ground-truth value is taken from the filing body.,是,net_profit,HKD,224842000000.0
C-HK-20251231-0700-operating_revenue,C,2025-12-31,2026-03-18T08:00:00Z,https://www1.hkexnews.hk/listedco/listconews/sehk/2026/0318/2026031800388.pdf,2026-03-18T08:00:00Z,b44ff0a1bf467361b70cc0046a5bd2245d927ce69e536d32ac883ea992640f3d,否,DeepFinEval audit,observed_hkex_first_publication,Official filing for operating_revenue (2025-12-31) first became public on 2026-03-18T08:00:00Z; ground-truth value is taken from the filing body.,是,operating_revenue,HKD,751766000000.0
C-HK-20251231-0883-net_profit,C,2025-12-31,2026-03-26T08:00:00Z,https://www1.hkexnews.hk/listedco/listconews/sehk/2026/0326/2026032600500.pdf,2026-03-26T08:00:00Z,6e1ed02c840c433c53fdc597d32c9a9b58e275042df221d3f50b36bdd8c938a0,否,DeepFinEval audit,observed_hkex_first_publication,Official filing for net_profit (2025-12-31) first became public on 2026-03-26T08:00:00Z; ground-truth value is taken from the filing body.,是,net_profit,HKD,122082000000.0
C-HK-20251231-0883-operating_revenue,C,2025-12-31,2026-03-26T08:00:00Z,https://www1.hkexnews.hk/listedco/listconews/sehk/2026/0326/2026032600500.pdf,2026-03-26T08:00:00Z,6e1ed02c840c433c53fdc597d32c9a9b58e275042df221d3f50b36bdd8c938a0,否,DeepFinEval audit,observed_hkex_first_publication,Official filing for operating_revenue (2025-12-31) first became public on 2026-03-26T08:00:00Z; ground-truth value is taken from the filing body.,是,operating_revenue,HKD,398220000000.0
C-HK-20251231-0939-net_profit,C,2025-12-31,2026-03-20T08:00:00Z,https://www1.hkexnews.hk/listedco/listconews/sehk/2026/0320/2026032000774.pdf,2026-03-20T08:00:00Z,b876e4aedeb4fbdf06f980fb88db851335caea841ac85687584a729ca34bb2af,否,DeepFinEval audit,observed_hkex_first_publication,Official filing for net_profit (2025-12-31) first became public on 2026-03-20T08:00:00Z; ground-truth value is taken from the filing body.,是,net_profit,HKD,81546000000.0
C-HK-20251231-0939-operating_revenue,C,2025-12-31,2026-03-20T08:00:00Z,https://www1.hkexnews.hk/listedco/listconews/sehk/2026/0320/2026032000774.pdf,2026-03-20T08:00:00Z,b876e4aedeb4fbdf06f980fb88db851335caea841ac85687584a729ca34bb2af,否,DeepFinEval audit,observed_hkex_first_publication,Official filing for operating_revenue (2025-12-31) first became public on 2026-03-20T08:00:00Z; ground-truth value is taken from the filing body.,是,operating_revenue,HKD,187234000000.0
C-HK-20251231-0941-net_profit,C,2025-12-31,2026-03-26T08:00:00Z,https://www1.hkexnews.hk/listedco/listconews/sehk/2026/0326/2026032600468.pdf,2026-03-26T08:00:00Z,8a58b046c3a1dcd4c6f9252c1b8445f1a128c00ec9f9ee3a117f5b684d97163d,否,DeepFinEval audit,observed_hkex_first_publication,Official filing for net_profit (2025-12-31) first became public on 2026-03-26T08:00:00Z; ground-truth value is taken from the filing body.,是,net_profit,HKD,137095000000.0
C-HK-20251231-0941-operating_revenue,C,2025-12-31,2026-03-26T08:00:00Z,https://www1.hkexnews.hk/listedco/listconews/sehk/2026/0326/2026032600468.pdf,2026-03-26T08:00:00Z,8a58b046c3a1dcd4c6f9252c1b8445f1a128c00ec9f9ee3a117f5b684d97163d,否,DeepFinEval audit,observed_hkex_first_publication,Official filing for operating_revenue (2025-12-31) first became public on 2026-03-26T08:00:00Z; ground-truth value is taken from the filing body.,是,operating_revenue,HKD,1050187000000.0
C-HK-20251231-1299-net_profit,C,2025-12-31,2026-03-19T08:00:00Z,https://www1.hkexnews.hk/listedco/listconews/sehk/2026/0319/2026031900001.pdf,2026-03-19T08:00:00Z,b385e5c09b97221cda9e63af2045125f9bd6bfa7aeea724da31dc33c1718bc47,否,DeepFinEval audit,observed_hkex_first_publication,Official filing for net_profit (2025-12-31) first became public on 2026-03-19T08:00:00Z; ground-truth value is taken from the filing body.,是,net_profit,HKD,6234000000.0
C-HK-20251231-1299-operating_revenue,C,2025-12-31,2026-03-19T08:00:00Z,https://www1.hkexnews.hk/listedco/listconews/sehk/2026/0319/2026031900001.pdf,2026-03-19T08:00:00Z,b385e5c09b97221cda9e63af2045125f9bd6bfa7aeea724da31dc33c1718bc47,否,DeepFinEval audit,observed_hkex_first_publication,Official filing for operating_revenue (2025-12-31) first became public on 2026-03-19T08:00:00Z; ground-truth value is taken from the filing body.,是,operating_revenue,HKD,39604000000.0
C-HK-20251231-1398-net_profit,C,2025-12-31,2026-03-19T08:00:00Z,https://www1.hkexnews.hk/listedco/listconews/sehk/2026/0319/2026031900596.pdf,2026-03-19T08:00:00Z,8b733e13869257d3e9e5d27214d975774447c0d139bb219e9a12be9d1da64e66,否,DeepFinEval audit,observed_hkex_first_publication,Official filing for net_profit (2025-12-31) first became public on 2026-03-19T08:00:00Z; ground-truth value is taken from the filing body.,是,net_profit,HKD,98654000000.0
C-HK-20251231-1398-operating_revenue,C,2025-12-31,2026-03-19T08:00:00Z,https://www1.hkexnews.hk/listedco/listconews/sehk/2026/0319/2026031900596.pdf,2026-03-19T08:00:00Z,8b733e13869257d3e9e5d27214d975774447c0d139bb219e9a12be9d1da64e66,否,DeepFinEval audit,observed_hkex_first_publication,Official filing for operating_revenue (2025-12-31) first became public on 2026-03-19T08:00:00Z; ground-truth value is taken from the filing body.,是,operating_revenue,HKD,197965000000.0
C-HK-20251231-1810-net_profit,C,2025-12-31,2026-03-24T08:00:00Z,https://www1.hkexnews.hk/listedco/listconews/sehk/2026/0324/2026032400608.pdf,2026-03-24T08:00:00Z,a75db672b1f1fe7689cf73fded51a36d6a79de3626ed3b1e8b6e2c5a65b74800,否,DeepFinEval audit,observed_hkex_first_publication,Official filing for net_profit (2025-12-31) first became public on 2026-03-24T08:00:00Z; ground-truth value is taken from the filing body.,是,net_profit,HKD,41643389000.0
C-HK-20251231-1810-operating_revenue,C,2025-12-31,2026-03-24T08:00:00Z,https://www1.hkexnews.hk/listedco/listconews/sehk/2026/0324/2026032400608.pdf,2026-03-24T08:00:00Z,a75db672b1f1fe7689cf73fded51a36d6a79de3626ed3b1e8b6e2c5a65b74800,否,DeepFinEval audit,observed_hkex_first_publication,Official filing for operating_revenue (2025-12-31) first became public on 2026-03-24T08:00:00Z; ground-truth value is taken from the filing body.,是,operating_revenue,HKD,457286687000.0
C-HK-20251231-2318-net_profit,C,2025-12-31,2026-03-19T08:00:00Z,https://www1.hkexnews.hk/listedco/listconews/sehk/2026/0319/2026031900675.pdf,2026-03-19T08:00:00Z,b8b7ad7792516eb09be000f05f68ec24821e0919f85ddba05d66c7de44f590b6,否,DeepFinEval audit,observed_hkex_first_publication,Official filing for net_profit (2025-12-31) first became public on 2026-03-19T08:00:00Z; ground-truth value is taken from the filing body.,是,net_profit,HKD,1922000000.0
C-HK-20251231-2318-operating_revenue,C,2025-12-31,2026-03-19T08:00:00Z,https://www1.hkexnews.hk/listedco/listconews/sehk/2026/0319/2026031900675.pdf,2026-03-19T08:00:00Z,b8b7ad7792516eb09be000f05f68ec24821e0919f85ddba05d66c7de44f590b6,否,DeepFinEval audit,observed_hkex_first_publication,Official filing for operating_revenue (2025-12-31) first became public on 2026-03-19T08:00:00Z; ground-truth value is taken from the filing body.,是,operating_revenue,HKD,187465000000.0
C-HK-20251231-3690-net_profit,C,2025-12-31,2026-06-26T08:00:00Z,https://www1.hkexnews.hk/listedco/listconews/sehk/2026/0626/2026062602731.pdf,2026-06-26T08:00:00Z,a267985eb0c1976189d33badc9efc283ea2179ad07ef870ebac477c70204b9ec,否,DeepFinEval audit,observed_hkex_first_publication,Official filing for net_profit (2025-12-31) first became public on 2026-06-26T08:00:00Z; ground-truth value is taken from the filing body.,是,net_profit,HKD,-23355015000.0
C-HK-20251231-3690-operating_revenue,C,2025-12-31,2026-06-26T08:00:00Z,https://www1.hkexnews.hk/listedco/listconews/sehk/2026/0626/2026062602731.pdf,2026-06-26T08:00:00Z,a267985eb0c1976189d33badc9efc283ea2179ad07ef870ebac477c70204b9ec,否,DeepFinEval audit,observed_hkex_first_publication,Official filing for operating_revenue (2025-12-31) first became public on 2026-06-26T08:00:00Z; ground-truth value is taken from the filing body.,是,operating_revenue,HKD,364854746000.0
C-HK-20251231-9988-net_profit,C,2025-12-31,2026-05-13T08:00:00Z,https://www1.hkexnews.hk/listedco/listconews/sehk/2026/0513/2026051300653.pdf,2026-05-13T08:00:00Z,5b4d97e9f9cd008a297f746ea2ad951c4aa17f8d5e05b7da631675700f14268e,否,DeepFinEval audit,observed_hkex_first_publication,Official filing for net_profit (2025-12-31) first became public on 2026-05-13T08:00:00Z; ground-truth value is taken from the filing body.,是,net_profit,HKD,16383000000.0
C-HK-20251231-9988-operating_revenue,C,2025-12-31,2026-05-13T08:00:00Z,https://www1.hkexnews.hk/listedco/listconews/sehk/2026/0513/2026051300653.pdf,2026-05-13T08:00:00Z,5b4d97e9f9cd008a297f746ea2ad951c4aa17f8d5e05b7da631675700f14268e,否,DeepFinEval audit,observed_hkex_first_publication,Official filing for operating_revenue (2025-12-31) first became public on 2026-05-13T08:00:00Z; ground-truth value is taken from the filing body.,是,operating_revenue,HKD,284843000000.0
C-HK-20260130-0005-net_profit,C,2026-01-30,2026-02-25T08:00:00Z,https://www1.hkexnews.hk/listedco/listconews/sehk/2026/0225/2026022500111.pdf,2026-02-25T08:00:00Z,7c6aa1c7496c3382dc899391be4ced150afb0738517a71eeb0629bb5b6b3319a,否,DeepFinEval audit,observed_hkex_first_publication,Official filing for net_profit (2025-12-31) first became public on 2026-02-25T08:00:00Z; ground-truth value is taken from the filing body.,是,net_profit,HKD,4944000000.0
C-HK-20260130-0005-operating_revenue,C,2026-01-30,2026-02-25T08:00:00Z,https://www1.hkexnews.hk/listedco/listconews/sehk/2026/0225/2026022500111.pdf,2026-02-25T08:00:00Z,7c6aa1c7496c3382dc899391be4ced150afb0738517a71eeb0629bb5b6b3319a,否,DeepFinEval audit,observed_hkex_first_publication,Official filing for operating_revenue (2025-12-31) first became public on 2026-02-25T08:00:00Z; ground-truth value is taken from the filing body.,是,operating_revenue,HKD,17723000000.0
C-HK-20260130-0388-net_profit,C,2026-01-30,2026-04-29T08:00:00Z,https://www1.hkexnews.hk/listedco/listconews/sehk/2026/0429/2026042900419.pdf,2026-04-29T08:00:00Z,2af5e7446758a1ce26aea4c953cced0a2b4e967653bd57207276e3298172a3f1,否,DeepFinEval audit,observed_hkex_first_publication,Official filing for net_profit (2026-03-31) first became public on 2026-04-29T08:00:00Z; ground-truth value is taken from the filing body.,是,net_profit,HKD,5188000000.0
C-HK-20260130-0388-operating_revenue,C,2026-01-30,2026-04-29T08:00:00Z,https://www1.hkexnews.hk/listedco/listconews/sehk/2026/0429/2026042900419.pdf,2026-04-29T08:00:00Z,2af5e7446758a1ce26aea4c953cced0a2b4e967653bd57207276e3298172a3f1,否,DeepFinEval audit,observed_hkex_first_publication,Official filing for operating_revenue (2026-03-31) first became public on 2026-04-29T08:00:00Z; ground-truth value is taken from the filing body.,是,operating_revenue,HKD,6843000000.0
C-HK-20260130-0700-net_profit,C,2026-01-30,2026-03-18T08:00:00Z,https://www1.hkexnews.hk/listedco/listconews/sehk/2026/0318/2026031800388.pdf,2026-03-18T08:00:00Z,b44ff0a1bf467361b70cc0046a5bd2245d927ce69e536d32ac883ea992640f3d,否,DeepFinEval audit,observed_hkex_first_publication,Official filing for net_profit (2025-12-31) first became public on 2026-03-18T08:00:00Z; ground-truth value is taken from the filing body.,是,net_profit,HKD,224842000000.0
C-HK-20260130-0700-operating_revenue,C,2026-01-30,2026-03-18T08:00:00Z,https://www1.hkexnews.hk/listedco/listconews/sehk/2026/0318/2026031800388.pdf,2026-03-18T08:00:00Z,b44ff0a1bf467361b70cc0046a5bd2245d927ce69e536d32ac883ea992640f3d,否,DeepFinEval audit,observed_hkex_first_publication,Official filing for operating_revenue (2025-12-31) first became public on 2026-03-18T08:00:00Z; ground-truth value is taken from the filing body.,是,operating_revenue,HKD,751766000000.0
C-HK-20260130-0883-net_profit,C,2026-01-30,2026-03-26T08:00:00Z,https://www1.hkexnews.hk/listedco/listconews/sehk/2026/0326/2026032600500.pdf,2026-03-26T08:00:00Z,6e1ed02c840c433c53fdc597d32c9a9b58e275042df221d3f50b36bdd8c938a0,否,DeepFinEval audit,observed_hkex_first_publication,Official filing for net_profit (2025-12-31) first became public on 2026-03-26T08:00:00Z; ground-truth value is taken from the filing body.,是,net_profit,HKD,122082000000.0
C-HK-20260130-0883-operating_revenue,C,2026-01-30,2026-03-26T08:00:00Z,https://www1.hkexnews.hk/listedco/listconews/sehk/2026/0326/2026032600500.pdf,2026-03-26T08:00:00Z,6e1ed02c840c433c53fdc597d32c9a9b58e275042df221d3f50b36bdd8c938a0,否,DeepFinEval audit,observed_hkex_first_publication,Official filing for operating_revenue (2025-12-31) first became public on 2026-03-26T08:00:00Z; ground-truth value is taken from the filing body.,是,operating_revenue,HKD,398220000000.0
C-HK-20260130-0939-net_profit,C,2026-01-30,2026-03-20T08:00:00Z,https://www1.hkexnews.hk/listedco/listconews/sehk/2026/0320/2026032000774.pdf,2026-03-20T08:00:00Z,b876e4aedeb4fbdf06f980fb88db851335caea841ac85687584a729ca34bb2af,否,DeepFinEval audit,observed_hkex_first_publication,Official filing for net_profit (2025-12-31) first became public on 2026-03-20T08:00:00Z; ground-truth value is taken from the filing body.,是,net_profit,HKD,81546000000.0
C-HK-20260130-0939-operating_revenue,C,2026-01-30,2026-03-20T08:00:00Z,https://www1.hkexnews.hk/listedco/listconews/sehk/2026/0320/2026032000774.pdf,2026-03-20T08:00:00Z,b876e4aedeb4fbdf06f980fb88db851335caea841ac85687584a729ca34bb2af,否,DeepFinEval audit,observed_hkex_first_publication,Official filing for operating_revenue (2025-12-31) first became public on 2026-03-20T08:00:00Z; ground-truth value is taken from the filing body.,是,operating_revenue,HKD,187234000000.0
C-HK-20260130-0941-net_profit,C,2026-01-30,2026-03-26T08:00:00Z,https://www1.hkexnews.hk/listedco/listconews/sehk/2026/0326/2026032600468.pdf,2026-03-26T08:00:00Z,8a58b046c3a1dcd4c6f9252c1b8445f1a128c00ec9f9ee3a117f5b684d97163d,否,DeepFinEval audit,observed_hkex_first_publication,Official filing for net_profit (2025-12-31) first became public on 2026-03-26T08:00:00Z; ground-truth value is taken from the filing body.,是,net_profit,HKD,137095000000.0
C-HK-20260130-0941-operating_revenue,C,2026-01-30,2026-03-26T08:00:00Z,https://www1.hkexnews.hk/listedco/listconews/sehk/2026/0326/2026032600468.pdf,2026-03-26T08:00:00Z,8a58b046c3a1dcd4c6f9252c1b8445f1a128c00ec9f9ee3a117f5b684d97163d,否,DeepFinEval audit,observed_hkex_first_publication,Official filing for operating_revenue (2025-12-31) first became public on 2026-03-26T08:00:00Z; ground-truth value is taken from the filing body.,是,operating_revenue,HKD,1050187000000.0
C-HK-20260130-1299-net_profit,C,2026-01-30,2026-03-19T08:00:00Z,https://www1.hkexnews.hk/listedco/listconews/sehk/2026/0319/2026031900001.pdf,2026-03-19T08:00:00Z,b385e5c09b97221cda9e63af2045125f9bd6bfa7aeea724da31dc33c1718bc47,否,DeepFinEval audit,observed_hkex_first_publication,Official filing for net_profit (2025-12-31) first became public on 2026-03-19T08:00:00Z; ground-truth value is taken from the filing body.,是,net_profit,HKD,6234000000.0
C-HK-20260130-1299-operating_revenue,C,2026-01-30,2026-03-19T08:00:00Z,https://www1.hkexnews.hk/listedco/listconews/sehk/2026/0319/2026031900001.pdf,2026-03-19T08:00:00Z,b385e5c09b97221cda9e63af2045125f9bd6bfa7aeea724da31dc33c1718bc47,否,DeepFinEval audit,observed_hkex_first_publication,Official filing for operating_revenue (2025-12-31) first became public on 2026-03-19T08:00:00Z; ground-truth value is taken from the filing body.,是,operating_revenue,HKD,39604000000.0
C-HK-20260130-1398-net_profit,C,2026-01-30,2026-03-19T08:00:00Z,https://www1.hkexnews.hk/listedco/listconews/sehk/2026/0319/2026031900596.pdf,2026-03-19T08:00:00Z,8b733e13869257d3e9e5d27214d975774447c0d139bb219e9a12be9d1da64e66,否,DeepFinEval audit,observed_hkex_first_publication,Official filing for net_profit (2025-12-31) first became public on 2026-03-19T08:00:00Z; ground-truth value is taken from the filing body.,是,net_profit,HKD,98654000000.0
C-HK-20260130-1398-operating_revenue,C,2026-01-30,2026-03-19T08:00:00Z,https://www1.hkexnews.hk/listedco/listconews/sehk/2026/0319/2026031900596.pdf,2026-03-19T08:00:00Z,8b733e13869257d3e9e5d27214d975774447c0d139bb219e9a12be9d1da64e66,否,DeepFinEval audit,observed_hkex_first_publication,Official filing for operating_revenue (2025-12-31) first became public on 2026-03-19T08:00:00Z; ground-truth value is taken from the filing body.,是,operating_revenue,HKD,197965000000.0
C-HK-20260130-1810-net_profit,C,2026-01-30,2026-03-24T08:00:00Z,https://www1.hkexnews.hk/listedco/listconews/sehk/2026/0324/2026032400608.pdf,2026-03-24T08:00:00Z,a75db672b1f1fe7689cf73fded51a36d6a79de3626ed3b1e8b6e2c5a65b74800,否,DeepFinEval audit,observed_hkex_first_publication,Official filing for net_profit (2025-12-31) first became public on 2026-03-24T08:00:00Z; ground-truth value is taken from the filing body.,是,net_profit,HKD,41643389000.0
C-HK-20260130-1810-operating_revenue,C,2026-01-30,2026-03-24T08:00:00Z,https://www1.hkexnews.hk/listedco/listconews/sehk/2026/0324/2026032400608.pdf,2026-03-24T08:00:00Z,a75db672b1f1fe7689cf73fded51a36d6a79de3626ed3b1e8b6e2c5a65b74800,否,DeepFinEval audit,observed_hkex_first_publication,Official filing for operating_revenue (2025-12-31) first became public on 2026-03-24T08:00:00Z; ground-truth value is taken from the filing body.,是,operating_revenue,HKD,457286687000.0
C-HK-20260130-2318-net_profit,C,2026-01-30,2026-03-19T08:00:00Z,https://www1.hkexnews.hk/listedco/listconews/sehk/2026/0319/2026031900675.pdf,2026-03-19T08:00:00Z,b8b7ad7792516eb09be000f05f68ec24821e0919f85ddba05d66c7de44f590b6,否,DeepFinEval audit,observed_hkex_first_publication,Official filing for net_profit (2025-12-31) first became public on 2026-03-19T08:00:00Z; ground-truth value is taken from the filing body.,是,net_profit,HKD,1922000000.0
C-HK-20260130-2318-operating_revenue,C,2026-01-30,2026-03-19T08:00:00Z,https://www1.hkexnews.hk/listedco/listconews/sehk/2026/0319/2026031900675.pdf,2026-03-19T08:00:00Z,b8b7ad7792516eb09be000f05f68ec24821e0919f85ddba05d66c7de44f590b6,否,DeepFinEval audit,observed_hkex_first_publication,Official filing for operating_revenue (2025-12-31) first became public on 2026-03-19T08:00:00Z; ground-truth value is taken from the filing body.,是,operating_revenue,HKD,187465000000.0
C-HK-20260130-3690-net_profit,C,2026-01-30,2026-06-26T08:00:00Z,https://www1.hkexnews.hk/listedco/listconews/sehk/2026/0626/2026062602731.pdf,2026-06-26T08:00:00Z,a267985eb0c1976189d33badc9efc283ea2179ad07ef870ebac477c70204b9ec,否,DeepFinEval audit,observed_hkex_first_publication,Official filing for net_profit (2025-12-31) first became public on 2026-06-26T08:00:00Z; ground-truth value is taken from the filing body.,是,net_profit,HKD,-23355015000.0
C-HK-20260130-3690-operating_revenue,C,2026-01-30,2026-06-26T08:00:00Z,https://www1.hkexnews.hk/listedco/listconews/sehk/2026/0626/2026062602731.pdf,2026-06-26T08:00:00Z,a267985eb0c1976189d33badc9efc283ea2179ad07ef870ebac477c70204b9ec,否,DeepFinEval audit,observed_hkex_first_publication,Official filing for operating_revenue (2025-12-31) first became public on 2026-06-26T08:00:00Z; ground-truth value is taken from the filing body.,是,operating_revenue,HKD,364854746000.0
C-HK-20260130-9988-net_profit,C,2026-01-30,2026-05-13T08:00:00Z,https://www1.hkexnews.hk/listedco/listconews/sehk/2026/0513/2026051300653.pdf,2026-05-13T08:00:00Z,5b4d97e9f9cd008a297f746ea2ad951c4aa17f8d5e05b7da631675700f14268e,否,DeepFinEval audit,observed_hkex_first_publication,Official filing for net_profit (2025-12-31) first became public on 2026-05-13T08:00:00Z; ground-truth value is taken from the filing body.,是,net_profit,HKD,16383000000.0
C-HK-20260130-9988-operating_revenue,C,2026-01-30,2026-05-13T08:00:00Z,https://www1.hkexnews.hk/listedco/listconews/sehk/2026/0513/2026051300653.pdf,2026-05-13T08:00:00Z,5b4d97e9f9cd008a297f746ea2ad951c4aa17f8d5e05b7da631675700f14268e,否,DeepFinEval audit,observed_hkex_first_publication,Official filing for operating_revenue (2025-12-31) first became public on 2026-05-13T08:00:00Z; ground-truth value is taken from the filing body.,是,operating_revenue,HKD,284843000000.0
C-US-20250606-AAPL-net_profit,C,2025-06-06,2025-10-30T20:30:35Z,https://www.sec.gov/Archives/edgar/data/320193/000032019325000077/a8-kex991q4202509272025.htm,2025-10-30T20:30:35Z,3b36e3950ad81ced02bd364284b544175933153de8b3e0ffd709ff25a7aa0e2a,否,DeepFinEval audit,observed_sec_edgar_first_publication,Official filing for net_profit (2025-09-30) first became public on 2025-10-30T20:30:35Z; ground-truth value is taken from the filing body.,是,net_profit,USD,112010000000.0
C-US-20250606-AAPL-operating_revenue,C,2025-06-06,2025-10-30T20:30:35Z,https://www.sec.gov/Archives/edgar/data/320193/000032019325000077/a8-kex991q4202509272025.htm,2025-10-30T20:30:35Z,3b36e3950ad81ced02bd364284b544175933153de8b3e0ffd709ff25a7aa0e2a,否,DeepFinEval audit,observed_sec_edgar_first_publication,Official filing for operating_revenue (2025-09-30) first became public on 2025-10-30T20:30:35Z; ground-truth value is taken from the filing body.,是,operating_revenue,USD,416161000000.0
C-US-20250606-AMZN-net_profit,C,2025-06-06,2025-08-01T20:00:00Z,https://www.sec.gov/Archives/edgar/data/1018724/000101872425000086/amzn-20250630.htm,2025-08-01T20:00:00Z,20ac2d1a3d933f444a3571f053e072aab804923b9bac4982cd382d23d9bb7be7,否,DeepFinEval audit,observed_sec_edgar_first_publication,Official filing for net_profit (2025-06-30) first became public on 2025-08-01T20:00:00Z; ground-truth value is taken from the filing body.,是,net_profit,USD,18164000000.0
C-US-20250606-AMZN-operating_revenue,C,2025-06-06,2025-08-01T20:00:00Z,https://www.sec.gov/Archives/edgar/data/1018724/000101872425000086/amzn-20250630.htm,2025-08-01T20:00:00Z,20ac2d1a3d933f444a3571f053e072aab804923b9bac4982cd382d23d9bb7be7,否,DeepFinEval audit,observed_sec_edgar_first_publication,Official filing for operating_revenue (2025-06-30) first became public on 2025-08-01T20:00:00Z; ground-truth value is taken from the filing body.,是,operating_revenue,USD,167702000000.0
C-US-20250606-BAC-net_profit,C,2025-06-06,2025-07-16T10:46:12Z,https://www.sec.gov/Archives/edgar/data/70858/000007085825000254/bac063025ex991.htm,2025-07-16T10:46:12Z,466de196b35812d301102a51e8f6a7daa43653dc609cd4c1229355d4164585a1,否,DeepFinEval audit,observed_sec_edgar_first_publication,Official filing for net_profit (2025-06-30) first became public on 2025-07-16T10:46:12Z; ground-truth value is taken from the filing body.,是,net_profit,USD,7116000000.0
C-US-20250606-BAC-operating_revenue,C,2025-06-06,2025-07-16T10:46:12Z,https://www.sec.gov/Archives/edgar/data/70858/000007085825000254/bac063025ex991.htm,2025-07-16T10:46:12Z,466de196b35812d301102a51e8f6a7daa43653dc609cd4c1229355d4164585a1,否,DeepFinEval audit,observed_sec_edgar_first_publication,Official filing for operating_revenue (2025-06-30) first became public on 2025-07-16T10:46:12Z; ground-truth value is taken from the filing body.,是,operating_revenue,USD,26463000000.0
C-US-20250606-GOOGL-net_profit,C,2025-06-06,2026-02-05T21:00:00Z,https://www.sec.gov/Archives/edgar/data/1652044/000165204426000018/goog-20251231.htm,2026-02-05T21:00:00Z,c2f6301004f35411a20611c14ff01d80a85c0bcbab6053c80d8cc7f6fc747161,否,DeepFinEval audit,observed_sec_edgar_first_publication,Official filing for net_profit (2025-12-31) first became public on 2026-02-05T21:00:00Z; ground-truth value is taken from the filing body.,是,net_profit,USD,132170000000.0
C-US-20250606-GOOGL-operating_revenue,C,2025-06-06,2026-02-05T21:00:00Z,https://www.sec.gov/Archives/edgar/data/1652044/000165204426000018/goog-20251231.htm,2026-02-05T21:00:00Z,c2f6301004f35411a20611c14ff01d80a85c0bcbab6053c80d8cc7f6fc747161,否,DeepFinEval audit,observed_sec_edgar_first_publication,Official filing for operating_revenue (2025-12-31) first became public on 2026-02-05T21:00:00Z; ground-truth value is taken from the filing body.,是,operating_revenue,USD,402836000000.0
C-US-20250606-JNJ-net_profit,C,2025-06-06,2026-02-11T21:00:00Z,https://www.sec.gov/Archives/edgar/data/200406/000020040626000016/jnj-20251228.htm,2026-02-11T21:00:00Z,082f4e489d4c19f585cae4c8b62acea92bd6727576f7b0e450b9dfe8ecd42694,否,DeepFinEval audit,observed_sec_edgar_first_publication,Official filing for net_profit (2025-12-31) first became public on 2026-02-11T21:00:00Z; ground-truth value is taken from the filing body.,是,net_profit,USD,26804000000.0
C-US-20250606-JNJ-operating_revenue,C,2025-06-06,2026-02-11T21:00:00Z,https://www.sec.gov/Archives/edgar/data/200406/000020040626000016/jnj-20251228.htm,2026-02-11T21:00:00Z,082f4e489d4c19f585cae4c8b62acea92bd6727576f7b0e450b9dfe8ecd42694,否,DeepFinEval audit,observed_sec_edgar_first_publication,Official filing for operating_revenue (2025-12-31) first became public on 2026-02-11T21:00:00Z; ground-truth value is taken from the filing body.,是,operating_revenue,USD,94193000000.0
C-US-20250606-JPM-net_profit,C,2025-06-06,2026-02-13T21:00:00Z,https://www.sec.gov/Archives/edgar/data/19617/000162828026008131/jpm-20251231.htm,2026-02-13T21:00:00Z,4d9febdbc2038dcdca8726053286df4cbbfd48885051cbd781efcc3becb66a23,否,DeepFinEval audit,observed_sec_edgar_first_publication,Official filing for net_profit (2025-12-31) first became public on 2026-02-13T21:00:00Z; ground-truth value is taken from the filing body.,是,net_profit,USD,57048000000.0
C-US-20250606-JPM-operating_revenue,C,2025-06-06,2026-02-13T21:00:00Z,https://www.sec.gov/Archives/edgar/data/19617/000162828026008131/jpm-20251231.htm,2026-02-13T21:00:00Z,4d9febdbc2038dcdca8726053286df4cbbfd48885051cbd781efcc3becb66a23,否,DeepFinEval audit,observed_sec_edgar_first_publication,Official filing for operating_revenue (2025-12-31) first became public on 2026-02-13T21:00:00Z; ground-truth value is taken from the filing body.,是,operating_revenue,USD,181847000000.0
C-US-20250606-META-net_profit,C,2025-06-06,2026-01-29T21:00:00Z,https://www.sec.gov/Archives/edgar/data/1326801/000162828026003942/meta-20251231.htm,2026-01-29T21:00:00Z,97d1a65e8f28c8d2878a1f73218b89f8da3be83e6517c5cffdd81845c8ce40be,否,DeepFinEval audit,observed_sec_edgar_first_publication,Official filing for net_profit (2025-12-31) first became public on 2026-01-29T21:00:00Z; ground-truth value is taken from the filing body.,是,net_profit,USD,60458000000.0
C-US-20250606-META-operating_revenue,C,2025-06-06,2026-01-29T21:00:00Z,https://www.sec.gov/Archives/edgar/data/1326801/000162828026003942/meta-20251231.htm,2026-01-29T21:00:00Z,97d1a65e8f28c8d2878a1f73218b89f8da3be83e6517c5cffdd81845c8ce40be,否,DeepFinEval audit,observed_sec_edgar_first_publication,Official filing for operating_revenue (2025-12-31) first became public on 2026-01-29T21:00:00Z; ground-truth value is taken from the filing body.,是,operating_revenue,USD,198382000000.0
C-US-20250606-MSFT-net_profit,C,2025-06-06,2025-07-30T20:00:00Z,https://www.sec.gov/Archives/edgar/data/789019/000095017025100235/msft-20250630.htm,2025-07-30T20:00:00Z,99d693f6c1544144ebeee92954f151a85bc62111837530a42855953bc01d0bbe,否,DeepFinEval audit,observed_sec_edgar_first_publication,Official filing for net_profit (2025-06-30) first became public on 2025-07-30T20:00:00Z; ground-truth value is taken from the filing body.,是,net_profit,USD,101832000000.0
C-US-20250606-MSFT-operating_revenue,C,2025-06-06,2025-07-30T20:00:00Z,https://www.sec.gov/Archives/edgar/data/789019/000095017025100235/msft-20250630.htm,2025-07-30T20:00:00Z,99d693f6c1544144ebeee92954f151a85bc62111837530a42855953bc01d0bbe,否,DeepFinEval audit,observed_sec_edgar_first_publication,Official filing for operating_revenue (2025-06-30) first became public on 2025-07-30T20:00:00Z; ground-truth value is taken from the filing body.,是,operating_revenue,USD,281724000000.0
C-US-20250606-NVDA-net_profit,C,2025-06-06,2026-02-25T21:00:00Z,https://www.sec.gov/Archives/edgar/data/1045810/000104581026000021/nvda-20260125.htm,2026-02-25T21:00:00Z,73d81f5a111abcf72426c840871e76f5f5edc9631f436d495a86b6f87306d58b,否,DeepFinEval audit,observed_sec_edgar_first_publication,Official filing for net_profit (2026-01-31) first became public on 2026-02-25T21:00:00Z; ground-truth value is taken from the filing body.,是,net_profit,USD,120067000000.0
C-US-20250606-NVDA-operating_revenue,C,2025-06-06,2026-02-25T21:00:00Z,https://www.sec.gov/Archives/edgar/data/1045810/000104581026000021/nvda-20260125.htm,2026-02-25T21:00:00Z,73d81f5a111abcf72426c840871e76f5f5edc9631f436d495a86b6f87306d58b,否,DeepFinEval audit,observed_sec_edgar_first_publication,Official filing for operating_revenue (2026-01-31) first became public on 2026-02-25T21:00:00Z; ground-truth value is taken from the filing body.,是,operating_revenue,USD,215938000000.0
C-US-20250606-PG-net_profit,C,2025-06-06,2025-08-04T20:00:00Z,https://www.sec.gov/Archives/edgar/data/80424/000008042425000076/pg-20250630.htm,2025-08-04T20:00:00Z,771cbdd953a63a343f4ddb4e09a90d81cca8b9209730ae27db63461e1562336f,否,DeepFinEval audit,observed_sec_edgar_first_publication,Official filing for net_profit (2025-06-30) first became public on 2025-08-04T20:00:00Z; ground-truth value is taken from the filing body.,是,net_profit,USD,15974000000.0
C-US-20250606-PG-operating_revenue,C,2025-06-06,2025-08-04T20:00:00Z,https://www.sec.gov/Archives/edgar/data/80424/000008042425000076/pg-20250630.htm,2025-08-04T20:00:00Z,771cbdd953a63a343f4ddb4e09a90d81cca8b9209730ae27db63461e1562336f,否,DeepFinEval audit,observed_sec_edgar_first_publication,Official filing for operating_revenue (2025-06-30) first became public on 2025-08-04T20:00:00Z; ground-truth value is taken from the filing body.,是,operating_revenue,USD,84284000000.0
C-US-20250606-UNH-net_profit,C,2025-06-06,2025-08-11T20:00:00Z,https://www.sec.gov/Archives/edgar/data/731766/000073176625000236/unh-20250630.htm,2025-08-11T20:00:00Z,64497d2c7ef485e6a704d36f817ebc326b361fef0fc7edfce91c37356f763172,否,DeepFinEval audit,observed_sec_edgar_first_publication,Official filing for net_profit (2025-06-30) first became public on 2025-08-11T20:00:00Z; ground-truth value is taken from the filing body.,是,net_profit,USD,3406000000.0
C-US-20250606-UNH-operating_revenue,C,2025-06-06,2025-08-11T20:00:00Z,https://www.sec.gov/Archives/edgar/data/731766/000073176625000236/unh-20250630.htm,2025-08-11T20:00:00Z,64497d2c7ef485e6a704d36f817ebc326b361fef0fc7edfce91c37356f763172,否,DeepFinEval audit,observed_sec_edgar_first_publication,Official filing for operating_revenue (2025-06-30) first became public on 2025-08-11T20:00:00Z; ground-truth value is taken from the filing body.,是,operating_revenue,USD,111616000000.0
C-US-20251231-AAPL-net_profit,C,2025-12-31,2026-01-30T21:00:00Z,https://www.sec.gov/Archives/edgar/data/320193/000032019326000006/aapl-20251227.htm,2026-01-30T21:00:00Z,3a3d9336a924488440e83b811ba354f654738cc822b6eb69ed6063e8cf348542,否,DeepFinEval audit,observed_sec_edgar_first_publication,Official filing for net_profit (2025-12-31) first became public on 2026-01-30T21:00:00Z; ground-truth value is taken from the filing body.,是,net_profit,USD,42097000000.0
C-US-20251231-AAPL-operating_revenue,C,2025-12-31,2026-01-30T21:00:00Z,https://www.sec.gov/Archives/edgar/data/320193/000032019326000006/aapl-20251227.htm,2026-01-30T21:00:00Z,3a3d9336a924488440e83b811ba354f654738cc822b6eb69ed6063e8cf348542,否,DeepFinEval audit,observed_sec_edgar_first_publication,Official filing for operating_revenue (2025-12-31) first became public on 2026-01-30T21:00:00Z; ground-truth value is taken from the filing body.,是,operating_revenue,USD,143756000000.0
C-US-20251231-AMZN-net_profit,C,2025-12-31,2026-02-06T21:00:00Z,https://www.sec.gov/Archives/edgar/data/1018724/000101872426000004/amzn-20251231.htm,2026-02-06T21:00:00Z,beb1bfc28558135e76882db0cf36ba72a1ab44e2144fe37534f4da1e120ddb57,否,DeepFinEval audit,observed_sec_edgar_first_publication,Official filing for net_profit (2025-12-31) first became public on 2026-02-06T21:00:00Z; ground-truth value is taken from the filing body.,是,net_profit,USD,21192000000.0
C-US-20251231-AMZN-operating_revenue,C,2025-12-31,2026-02-06T21:00:00Z,https://www.sec.gov/Archives/edgar/data/1018724/000101872426000004/amzn-20251231.htm,2026-02-06T21:00:00Z,beb1bfc28558135e76882db0cf36ba72a1ab44e2144fe37534f4da1e120ddb57,否,DeepFinEval audit,observed_sec_edgar_first_publication,Official filing for operating_revenue (2025-12-31) first became public on 2026-02-06T21:00:00Z; ground-truth value is taken from the filing body.,是,operating_revenue,USD,213386000000.0
C-US-20251231-BAC-net_profit,C,2025-12-31,2026-02-25T21:00:00Z,https://www.sec.gov/Archives/edgar/data/70858/000007085826000157/bac-20251231.htm,2026-02-25T21:00:00Z,c8725c7963d19cd6a2f3c1d0034b2a1068b4490124be6b6600a4db23be5ed134,否,DeepFinEval audit,observed_sec_edgar_first_publication,Official filing for net_profit (2025-12-31) first became public on 2026-02-25T21:00:00Z; ground-truth value is taken from the filing body.,是,net_profit,USD,7528000000.0
C-US-20251231-BAC-operating_revenue,C,2025-12-31,2026-02-25T21:00:00Z,https://www.sec.gov/Archives/edgar/data/70858/000007085826000157/bac-20251231.htm,2026-02-25T21:00:00Z,c8725c7963d19cd6a2f3c1d0034b2a1068b4490124be6b6600a4db23be5ed134,否,DeepFinEval audit,observed_sec_edgar_first_publication,Official filing for operating_revenue (2025-12-31) first became public on 2026-02-25T21:00:00Z; ground-truth value is taken from the filing body.,是,operating_revenue,USD,31180000000.0
C-US-20251231-GOOGL-net_profit,C,2025-12-31,2026-02-05T21:00:00Z,https://www.sec.gov/Archives/edgar/data/1652044/000165204426000018/goog-20251231.htm,2026-02-05T21:00:00Z,c2f6301004f35411a20611c14ff01d80a85c0bcbab6053c80d8cc7f6fc747161,否,DeepFinEval audit,observed_sec_edgar_first_publication,Official filing for net_profit (2025-12-31) first became public on 2026-02-05T21:00:00Z; ground-truth value is taken from the filing body.,是,net_profit,USD,34455000000.0
C-US-20251231-GOOGL-operating_revenue,C,2025-12-31,2026-02-05T21:00:00Z,https://www.sec.gov/Archives/edgar/data/1652044/000165204426000018/goog-20251231.htm,2026-02-05T21:00:00Z,c2f6301004f35411a20611c14ff01d80a85c0bcbab6053c80d8cc7f6fc747161,否,DeepFinEval audit,observed_sec_edgar_first_publication,Official filing for operating_revenue (2025-12-31) first became public on 2026-02-05T21:00:00Z; ground-truth value is taken from the filing body.,是,operating_revenue,USD,113829000000.0
C-US-20251231-JNJ-net_profit,C,2025-12-31,2026-02-11T21:00:00Z,https://www.sec.gov/Archives/edgar/data/200406/000020040626000016/jnj-20251228.htm,2026-02-11T21:00:00Z,082f4e489d4c19f585cae4c8b62acea92bd6727576f7b0e450b9dfe8ecd42694,否,DeepFinEval audit,observed_sec_edgar_first_publication,Official filing for net_profit (2025-12-31) first became public on 2026-02-11T21:00:00Z; ground-truth value is taken from the filing body.,是,net_profit,USD,5116000000.0
C-US-20251231-JNJ-operating_revenue,C,2025-12-31,2026-02-11T21:00:00Z,https://www.sec.gov/Archives/edgar/data/200406/000020040626000016/jnj-20251228.htm,2026-02-11T21:00:00Z,082f4e489d4c19f585cae4c8b62acea92bd6727576f7b0e450b9dfe8ecd42694,否,DeepFinEval audit,observed_sec_edgar_first_publication,Official filing for operating_revenue (2025-12-31) first became public on 2026-02-11T21:00:00Z; ground-truth value is taken from the filing body.,是,operating_revenue,USD,24564000000.0
C-US-20251231-JPM-net_profit,C,2025-12-31,2026-02-13T21:00:00Z,https://www.sec.gov/Archives/edgar/data/19617/000162828026008131/jpm-20251231.htm,2026-02-13T21:00:00Z,4d9febdbc2038dcdca8726053286df4cbbfd48885051cbd781efcc3becb66a23,否,DeepFinEval audit,observed_sec_edgar_first_publication,Official filing for net_profit (2025-12-31) first became public on 2026-02-13T21:00:00Z; ground-truth value is taken from the filing body.,是,net_profit,USD,13025000000.0
C-US-20251231-JPM-operating_revenue,C,2025-12-31,2026-02-13T21:00:00Z,https://www.sec.gov/Archives/edgar/data/19617/000162828026008131/jpm-20251231.htm,2026-02-13T21:00:00Z,4d9febdbc2038dcdca8726053286df4cbbfd48885051cbd781efcc3becb66a23,否,DeepFinEval audit,observed_sec_edgar_first_publication,Official filing for operating_revenue (2025-12-31) first became public on 2026-02-13T21:00:00Z; ground-truth value is taken from the filing body.,是,operating_revenue,USD,45796000000.0
C-US-20251231-META-net_profit,C,2025-12-31,2026-01-29T21:00:00Z,https://www.sec.gov/Archives/edgar/data/1326801/000162828026003942/meta-20251231.htm,2026-01-29T21:00:00Z,97d1a65e8f28c8d2878a1f73218b89f8da3be83e6517c5cffdd81845c8ce40be,否,DeepFinEval audit,observed_sec_edgar_first_publication,Official filing for net_profit (2025-12-31) first became public on 2026-01-29T21:00:00Z; ground-truth value is taken from the filing body.,是,net_profit,USD,22768000000.0
C-US-20251231-META-operating_revenue,C,2025-12-31,2026-01-29T21:00:00Z,https://www.sec.gov/Archives/edgar/data/1326801/000162828026003942/meta-20251231.htm,2026-01-29T21:00:00Z,97d1a65e8f28c8d2878a1f73218b89f8da3be83e6517c5cffdd81845c8ce40be,否,DeepFinEval audit,observed_sec_edgar_first_publication,Official filing for operating_revenue (2025-12-31) first became public on 2026-01-29T21:00:00Z; ground-truth value is taken from the filing body.,是,operating_revenue,USD,59093000000.0
C-US-20251231-MSFT-net_profit,C,2025-12-31,2026-01-28T21:00:00Z,https://www.sec.gov/Archives/edgar/data/789019/000119312526027207/msft-20251231.htm,2026-01-28T21:00:00Z,a60bb6a0747938e4903d5b30f2c73fec2e58cb09edeb34dbacb2c84b19bc448d,否,DeepFinEval audit,observed_sec_edgar_first_publication,Official filing for net_profit (2025-12-31) first became public on 2026-01-28T21:00:00Z; ground-truth value is taken from the filing body.,是,net_profit,USD,38458000000.0
C-US-20251231-MSFT-operating_revenue,C,2025-12-31,2026-01-28T21:00:00Z,https://www.sec.gov/Archives/edgar/data/789019/000119312526027207/msft-20251231.htm,2026-01-28T21:00:00Z,a60bb6a0747938e4903d5b30f2c73fec2e58cb09edeb34dbacb2c84b19bc448d,否,DeepFinEval audit,observed_sec_edgar_first_publication,Official filing for operating_revenue (2025-12-31) first became public on 2026-01-28T21:00:00Z; ground-truth value is taken from the filing body.,是,operating_revenue,USD,81273000000.0
C-US-20251231-NVDA-net_profit,C,2025-12-31,2026-02-25T21:00:00Z,https://www.sec.gov/Archives/edgar/data/1045810/000104581026000021/nvda-20260125.htm,2026-02-25T21:00:00Z,73d81f5a111abcf72426c840871e76f5f5edc9631f436d495a86b6f87306d58b,否,DeepFinEval audit,observed_sec_edgar_first_publication,Official filing for net_profit (2026-01-31) first became public on 2026-02-25T21:00:00Z; ground-truth value is taken from the filing body.,是,net_profit,USD,42960000000.0
C-US-20251231-NVDA-operating_revenue,C,2025-12-31,2026-02-25T21:00:00Z,https://www.sec.gov/Archives/edgar/data/1045810/000104581026000021/nvda-20260125.htm,2026-02-25T21:00:00Z,73d81f5a111abcf72426c840871e76f5f5edc9631f436d495a86b6f87306d58b,否,DeepFinEval audit,observed_sec_edgar_first_publication,Official filing for operating_revenue (2026-01-31) first became public on 2026-02-25T21:00:00Z; ground-truth value is taken from the filing body.,是,operating_revenue,USD,68127000000.0
C-US-20251231-PG-net_profit,C,2025-12-31,2026-01-23T21:00:00Z,https://www.sec.gov/Archives/edgar/data/80424/000008042426000011/pg-20251231.htm,2026-01-23T21:00:00Z,ae1a9780f06c711536dfab9d8d230fcb6c5a8db113eb24fc08eebe5db39dbd3b,否,DeepFinEval audit,observed_sec_edgar_first_publication,Official filing for net_profit (2025-12-31) first became public on 2026-01-23T21:00:00Z; ground-truth value is taken from the filing body.,是,net_profit,USD,4319000000.0
C-US-20251231-PG-operating_revenue,C,2025-12-31,2026-01-23T21:00:00Z,https://www.sec.gov/Archives/edgar/data/80424/000008042426000011/pg-20251231.htm,2026-01-23T21:00:00Z,ae1a9780f06c711536dfab9d8d230fcb6c5a8db113eb24fc08eebe5db39dbd3b,否,DeepFinEval audit,observed_sec_edgar_first_publication,Official filing for operating_revenue (2025-12-31) first became public on 2026-01-23T21:00:00Z; ground-truth value is taken from the filing body.,是,operating_revenue,USD,22208000000.0
C-US-20251231-UNH-net_profit,C,2025-12-31,2026-03-02T21:00:00Z,https://www.sec.gov/Archives/edgar/data/731766/000073176626000062/unh-20251231.htm,2026-03-02T21:00:00Z,ac66517766674908c3702dab75f52fc650729cef9dd81dfe04a580a8429c8543,否,DeepFinEval audit,observed_sec_edgar_first_publication,Official filing for net_profit (2025-12-31) first became public on 2026-03-02T21:00:00Z; ground-truth value is taken from the filing body.,是,net_profit,USD,10000000.0
C-US-20251231-UNH-operating_revenue,C,2025-12-31,2026-03-02T21:00:00Z,https://www.sec.gov/Archives/edgar/data/731766/000073176626000062/unh-20251231.htm,2026-03-02T21:00:00Z,ac66517766674908c3702dab75f52fc650729cef9dd81dfe04a580a8429c8543,否,DeepFinEval audit,observed_sec_edgar_first_publication,Official filing for operating_revenue (2025-12-31) first became public on 2026-03-02T21:00:00Z; ground-truth value is taken from the filing body.,是,operating_revenue,USD,113215000000.0
C-US-20260130-AAPL-net_profit,C,2026-01-30,2026-01-30T21:00:00Z,https://www.sec.gov/Archives/edgar/data/320193/000032019326000006/aapl-20251227.htm,2026-01-30T21:00:00Z,3a3d9336a924488440e83b811ba354f654738cc822b6eb69ed6063e8cf348542,否,DeepFinEval audit,observed_sec_edgar_first_publication,Official filing for net_profit (2025-12-31) first became public on 2026-01-30T21:00:00Z; ground-truth value is taken from the filing body.,是,net_profit,USD,42097000000.0
C-US-20260130-AAPL-operating_revenue,C,2026-01-30,2026-01-30T21:00:00Z,https://www.sec.gov/Archives/edgar/data/320193/000032019326000006/aapl-20251227.htm,2026-01-30T21:00:00Z,3a3d9336a924488440e83b811ba354f654738cc822b6eb69ed6063e8cf348542,否,DeepFinEval audit,observed_sec_edgar_first_publication,Official filing for operating_revenue (2025-12-31) first became public on 2026-01-30T21:00:00Z; ground-truth value is taken from the filing body.,是,operating_revenue,USD,143756000000.0
C-US-20260130-AMZN-net_profit,C,2026-01-30,2026-02-06T21:00:00Z,https://www.sec.gov/Archives/edgar/data/1018724/000101872426000004/amzn-20251231.htm,2026-02-06T21:00:00Z,beb1bfc28558135e76882db0cf36ba72a1ab44e2144fe37534f4da1e120ddb57,否,DeepFinEval audit,observed_sec_edgar_first_publication,Official filing for net_profit (2025-12-31) first became public on 2026-02-06T21:00:00Z; ground-truth value is taken from the filing body.,是,net_profit,USD,21192000000.0
C-US-20260130-AMZN-operating_revenue,C,2026-01-30,2026-02-06T21:00:00Z,https://www.sec.gov/Archives/edgar/data/1018724/000101872426000004/amzn-20251231.htm,2026-02-06T21:00:00Z,beb1bfc28558135e76882db0cf36ba72a1ab44e2144fe37534f4da1e120ddb57,否,DeepFinEval audit,observed_sec_edgar_first_publication,Official filing for operating_revenue (2025-12-31) first became public on 2026-02-06T21:00:00Z; ground-truth value is taken from the filing body.,是,operating_revenue,USD,213386000000.0
C-US-20260130-BAC-net_profit,C,2026-01-30,2026-02-25T21:00:00Z,https://www.sec.gov/Archives/edgar/data/70858/000007085826000157/bac-20251231.htm,2026-02-25T21:00:00Z,c8725c7963d19cd6a2f3c1d0034b2a1068b4490124be6b6600a4db23be5ed134,否,DeepFinEval audit,observed_sec_edgar_first_publication,Official filing for net_profit (2025-12-31) first became public on 2026-02-25T21:00:00Z; ground-truth value is taken from the filing body.,是,net_profit,USD,7528000000.0
C-US-20260130-BAC-operating_revenue,C,2026-01-30,2026-02-25T21:00:00Z,https://www.sec.gov/Archives/edgar/data/70858/000007085826000157/bac-20251231.htm,2026-02-25T21:00:00Z,c8725c7963d19cd6a2f3c1d0034b2a1068b4490124be6b6600a4db23be5ed134,否,DeepFinEval audit,observed_sec_edgar_first_publication,Official filing for operating_revenue (2025-12-31) first became public on 2026-02-25T21:00:00Z; ground-truth value is taken from the filing body.,是,operating_revenue,USD,31180000000.0
C-US-20260130-GOOGL-net_profit,C,2026-01-30,2026-02-05T21:00:00Z,https://www.sec.gov/Archives/edgar/data/1652044/000165204426000018/goog-20251231.htm,2026-02-05T21:00:00Z,c2f6301004f35411a20611c14ff01d80a85c0bcbab6053c80d8cc7f6fc747161,否,DeepFinEval audit,observed_sec_edgar_first_publication,Official filing for net_profit (2025-12-31) first became public on 2026-02-05T21:00:00Z; ground-truth value is taken from the filing body.,是,net_profit,USD,34455000000.0
C-US-20260130-GOOGL-operating_revenue,C,2026-01-30,2026-02-05T21:00:00Z,https://www.sec.gov/Archives/edgar/data/1652044/000165204426000018/goog-20251231.htm,2026-02-05T21:00:00Z,c2f6301004f35411a20611c14ff01d80a85c0bcbab6053c80d8cc7f6fc747161,否,DeepFinEval audit,observed_sec_edgar_first_publication,Official filing for operating_revenue (2025-12-31) first became public on 2026-02-05T21:00:00Z; ground-truth value is taken from the filing body.,是,operating_revenue,USD,113829000000.0
C-US-20260130-JNJ-net_profit,C,2026-01-30,2026-02-11T21:00:00Z,https://www.sec.gov/Archives/edgar/data/200406/000020040626000016/jnj-20251228.htm,2026-02-11T21:00:00Z,082f4e489d4c19f585cae4c8b62acea92bd6727576f7b0e450b9dfe8ecd42694,否,DeepFinEval audit,observed_sec_edgar_first_publication,Official filing for net_profit (2025-12-31) first became public on 2026-02-11T21:00:00Z; ground-truth value is taken from the filing body.,是,net_profit,USD,5116000000.0
C-US-20260130-JNJ-operating_revenue,C,2026-01-30,2026-02-11T21:00:00Z,https://www.sec.gov/Archives/edgar/data/200406/000020040626000016/jnj-20251228.htm,2026-02-11T21:00:00Z,082f4e489d4c19f585cae4c8b62acea92bd6727576f7b0e450b9dfe8ecd42694,否,DeepFinEval audit,observed_sec_edgar_first_publication,Official filing for operating_revenue (2025-12-31) first became public on 2026-02-11T21:00:00Z; ground-truth value is taken from the filing body.,是,operating_revenue,USD,24564000000.0
C-US-20260130-JPM-net_profit,C,2026-01-30,2026-02-13T21:00:00Z,https://www.sec.gov/Archives/edgar/data/19617/000162828026008131/jpm-20251231.htm,2026-02-13T21:00:00Z,4d9febdbc2038dcdca8726053286df4cbbfd48885051cbd781efcc3becb66a23,否,DeepFinEval audit,observed_sec_edgar_first_publication,Official filing for net_profit (2025-12-31) first became public on 2026-02-13T21:00:00Z; ground-truth value is taken from the filing body.,是,net_profit,USD,13025000000.0
C-US-20260130-JPM-operating_revenue,C,2026-01-30,2026-02-13T21:00:00Z,https://www.sec.gov/Archives/edgar/data/19617/000162828026008131/jpm-20251231.htm,2026-02-13T21:00:00Z,4d9febdbc2038dcdca8726053286df4cbbfd48885051cbd781efcc3becb66a23,否,DeepFinEval audit,observed_sec_edgar_first_publication,Official filing for operating_revenue (2025-12-31) first became public on 2026-02-13T21:00:00Z; ground-truth value is taken from the filing body.,是,operating_revenue,USD,45796000000.0
C-US-20260130-META-net_profit,C,2026-01-30,2026-01-29T21:00:00Z,https://www.sec.gov/Archives/edgar/data/1326801/000162828026003942/meta-20251231.htm,2026-01-29T21:00:00Z,97d1a65e8f28c8d2878a1f73218b89f8da3be83e6517c5cffdd81845c8ce40be,否,DeepFinEval audit,observed_sec_edgar_first_publication,Official filing for net_profit (2025-12-31) first became public on 2026-01-29T21:00:00Z; ground-truth value is taken from the filing body.,是,net_profit,USD,22768000000.0
C-US-20260130-META-operating_revenue,C,2026-01-30,2026-01-29T21:00:00Z,https://www.sec.gov/Archives/edgar/data/1326801/000162828026003942/meta-20251231.htm,2026-01-29T21:00:00Z,97d1a65e8f28c8d2878a1f73218b89f8da3be83e6517c5cffdd81845c8ce40be,否,DeepFinEval audit,observed_sec_edgar_first_publication,Official filing for operating_revenue (2025-12-31) first became public on 2026-01-29T21:00:00Z; ground-truth value is taken from the filing body.,是,operating_revenue,USD,59093000000.0
C-US-20260130-MSFT-net_profit,C,2026-01-30,2026-01-28T21:00:00Z,https://www.sec.gov/Archives/edgar/data/789019/000119312526027207/msft-20251231.htm,2026-01-28T21:00:00Z,a60bb6a0747938e4903d5b30f2c73fec2e58cb09edeb34dbacb2c84b19bc448d,否,DeepFinEval audit,observed_sec_edgar_first_publication,Official filing for net_profit (2025-12-31) first became public on 2026-01-28T21:00:00Z; ground-truth value is taken from the filing body.,是,net_profit,USD,38458000000.0
C-US-20260130-MSFT-operating_revenue,C,2026-01-30,2026-01-28T21:00:00Z,https://www.sec.gov/Archives/edgar/data/789019/000119312526027207/msft-20251231.htm,2026-01-28T21:00:00Z,a60bb6a0747938e4903d5b30f2c73fec2e58cb09edeb34dbacb2c84b19bc448d,否,DeepFinEval audit,observed_sec_edgar_first_publication,Official filing for operating_revenue (2025-12-31) first became public on 2026-01-28T21:00:00Z; ground-truth value is taken from the filing body.,是,operating_revenue,USD,81273000000.0
C-US-20260130-NVDA-net_profit,C,2026-01-30,2026-02-25T21:00:00Z,https://www.sec.gov/Archives/edgar/data/1045810/000104581026000021/nvda-20260125.htm,2026-02-25T21:00:00Z,73d81f5a111abcf72426c840871e76f5f5edc9631f436d495a86b6f87306d58b,否,DeepFinEval audit,observed_sec_edgar_first_publication,Official filing for net_profit (2026-01-31) first became public on 2026-02-25T21:00:00Z; ground-truth value is taken from the filing body.,是,net_profit,USD,42960000000.0
C-US-20260130-NVDA-operating_revenue,C,2026-01-30,2026-02-25T21:00:00Z,https://www.sec.gov/Archives/edgar/data/1045810/000104581026000021/nvda-20260125.htm,2026-02-25T21:00:00Z,73d81f5a111abcf72426c840871e76f5f5edc9631f436d495a86b6f87306d58b,否,DeepFinEval audit,observed_sec_edgar_first_publication,Official filing for operating_revenue (2026-01-31) first became public on 2026-02-25T21:00:00Z; ground-truth value is taken from the filing body.,是,operating_revenue,USD,68127000000.0
C-US-20260130-PG-net_profit,C,2026-01-30,2026-01-23T21:00:00Z,https://www.sec.gov/Archives/edgar/data/80424/000008042426000011/pg-20251231.htm,2026-01-23T21:00:00Z,ae1a9780f06c711536dfab9d8d230fcb6c5a8db113eb24fc08eebe5db39dbd3b,否,DeepFinEval audit,observed_sec_edgar_first_publication,Official filing for net_profit (2025-12-31) first became public on 2026-01-23T21:00:00Z; ground-truth value is taken from the filing body.,是,net_profit,USD,4319000000.0
C-US-20260130-PG-operating_revenue,C,2026-01-30,2026-01-23T21:00:00Z,https://www.sec.gov/Archives/edgar/data/80424/000008042426000011/pg-20251231.htm,2026-01-23T21:00:00Z,ae1a9780f06c711536dfab9d8d230fcb6c5a8db113eb24fc08eebe5db39dbd3b,否,DeepFinEval audit,observed_sec_edgar_first_publication,Official filing for operating_revenue (2025-12-31) first became public on 2026-01-23T21:00:00Z; ground-truth value is taken from the filing body.,是,operating_revenue,USD,22208000000.0
C-US-20260130-UNH-net_profit,C,2026-01-30,2026-03-02T21:00:00Z,https://www.sec.gov/Archives/edgar/data/731766/000073176626000062/unh-20251231.htm,2026-03-02T21:00:00Z,ac66517766674908c3702dab75f52fc650729cef9dd81dfe04a580a8429c8543,否,DeepFinEval audit,observed_sec_edgar_first_publication,Official filing for net_profit (2025-12-31) first became public on 2026-03-02T21:00:00Z; ground-truth value is taken from the filing body.,是,net_profit,USD,10000000.0
C-US-20260130-UNH-operating_revenue,C,2026-01-30,2026-03-02T21:00:00Z,https://www.sec.gov/Archives/edgar/data/731766/000073176626000062/unh-20251231.htm,2026-03-02T21:00:00Z,ac66517766674908c3702dab75f52fc650729cef9dd81dfe04a580a8429c8543,否,DeepFinEval audit,observed_sec_edgar_first_publication,Official filing for operating_revenue (2025-12-31) first became public on 2026-03-02T21:00:00Z; ground-truth value is taken from the filing body.,是,operating_revenue,USD,113215000000.0
